emotion,eye_openness,eyebrow_distance,mouth_opening,head_tilt
frustrated,0.3419,0.3397,0.01,10.6004
frustrated,0.582,0.3397,0.1389,-6.2976
frustrated,0.3114,0.4258,0.3295,-9.7185
frustrated,0.3504,0.4697,0.2605,-1.9388
frustrated,0.1695,0.3636,0.0699,-10.3468
frustrated,0.3793,0.3872,0.2508,-4.9532
frustrated,0.122,0.3818,0.6634,0.1545
frustrated,0.3648,0.3432,0.1125,0.0743
frustrated,0.3073,0.4879,0.0082,0.0825
frustrated,0.4149,0.4546,0.5623,-0.7736
frustrated,0.3602,0.4489,0.0664,-3.3272
frustrated,0.3194,0.5009,0.0319,0.1611
frustrated,0.3101,0.5048,0.0123,-6.4397
frustrated,0.255,0.4779,0.7541,-11.9876
frustrated,0.2059,0.4974,0.5475,-1.8863
frustrated,0.3708,0.5345,0.5115,-1.1598
frustrated,0.3409,0.3701,0.0141,5.1121
frustrated,0.2706,0.3462,0.1095,14.7008
frustrated,0.229,0.3653,0.4528,6.4144
frustrated,0.3685,0.4654,0.0089,3.2305
frustrated,0.0727,0.4572,0.1339,-3.6346
frustrated,0.0594,0.4246,0.3995,-0.9322
frustrated,0.407,0.4948,0.0146,-1.8966
frustrated,0.3843,0.6017,0.0429,-0.3193
frustrated,0.2834,0.336,0.2653,-8.8201
frustrated,0.1045,0.5492,0.35,0.7226
frustrated,0.2631,0.6269,0.1032,2.8955
frustrated,0.1547,0.5282,0.1268,1.3982
frustrated,0.3062,0.4037,0.5917,0.9279
frustrated,0.4182,0.4543,0.6871,-3.8741
frustrated,0.3003,0.3903,0.4663,-1.1446
frustrated,0.3082,0.5049,0.1171,-2.4302
frustrated,0.3272,0.4754,0.1775,-15.8914
frustrated,0.155,0.2843,0.008,-2.1734
frustrated,0.2931,0.3962,0.0213,25.7733
frustrated,0.3945,0.4476,0.0699,6.5719
frustrated,0.3598,0.5335,0.0057,-1.0017
frustrated,0.0228,0.3183,0.5507,2.6478
frustrated,0.2691,0.5144,0.0042,0.4445
frustrated,0.2519,0.4166,0.0202,-3.5854
frustrated,0.3885,0.5559,0.0075,-15.2656
frustrated,0.361,0.644,0.0049,3.3184
frustrated,0.3271,0.304,0.6143,-2.6041
frustrated,0.2502,0.4886,0.2348,-14.4057
frustrated,0.0527,0.4155,0.0094,10.0772
frustrated,0.3683,0.3515,0.0308,24.4094
frustrated,0.3298,0.4698,0.0182,2.3409
frustrated,0.3664,0.4834,0.0106,9.7724
frustrated,0.3653,0.3993,0.6618,-9.5001
frustrated,0.4474,0.4568,0.0518,4.1174
frustrated,0.2651,0.4692,0.6559,1.3165
frustrated,0.2526,0.3817,0.0024,-1.0903
frustrated,0.0902,0.3379,0.5324,1.497
frustrated,0.1352,0.4085,0.6984,0.8504
frustrated,0.3178,0.4251,0.5626,18.3304
frustrated,0.2567,0.439,0.0598,-5.7785
frustrated,0.1619,0.3729,0.611,-13.4924
frustrated,0.0728,0.35,0.9657,-2.1677
frustrated,0.2336,0.3511,1.0081,-16.7164
frustrated,0.1997,0.4719,0.0274,15.393
frustrated,0.2805,0.4941,0.2361,19.1807
frustrated,0.3992,0.48,0.318,-6.138
frustrated,0.0198,0.3211,0.4904,1.2408
frustrated,0.4255,0.3806,0.0277,22.895
frustrated,0.2106,0.2693,0.0468,0.2167
frustrated,0.433,0.382,1.1161,-16.3129
frustrated,0.0409,0.4257,0.4725,-2.846
frustrated,0.2037,0.4157,0.4713,-0.2277
frustrated,0.3557,0.5985,0.3009,1.2064
frustrated,0.3393,0.5279,0.1253,0.6786
frustrated,0.3374,0.3654,0.3887,-24.7816
frustrated,0.2919,0.3884,0.8557,-1.917
frustrated,0.4328,0.4968,0.0121,-0.5441
frustrated,0.3662,0.4674,0.8121,1.0754
frustrated,0.4169,0.5335,0.0217,0.5885
frustrated,0.2335,0.4119,0.6513,5.5738
frustrated,0.2415,0.4355,0.3174,-7.2473
frustrated,0.2927,0.3499,0.2529,3.5651
frustrated,0.3625,0.4909,0.0398,3.6342
frustrated,0.3774,0.5182,0.4195,1.8013
frustrated,0.3771,0.4516,0.0196,2.4334
frustrated,0.2759,0.352,0.0102,-4.1158
frustrated,0.0501,0.465,0.2717,-29.1662
frustrated,0.359,0.3955,0.0131,5.4808
frustrated,0.2532,0.5357,0.0205,26.2955
frustrated,0.4911,0.5162,0.3111,0.5084
frustrated,0.3493,0.4606,0.0151,0.0425
frustrated,0.2567,0.439,0.0598,-5.7785
frustrated,0.3159,0.3913,0.6641,2.2384
frustrated,0.3976,0.4544,0.3383,5.4259
frustrated,0.3014,0.5141,0.4487,-8.4369
frustrated,0.4026,0.3469,0.9131,0.1613
frustrated,0.3683,0.554,0.5347,-1.1093
frustrated,0.4072,0.5041,0.0087,-2.9281
frustrated,0.2743,0.4713,0.0055,4.3569
frustrated,0.3734,0.4525,0.0064,18.1344
frustrated,0.3462,0.3125,0.0131,-26.7313
frustrated,0.2892,0.4256,0.0149,-11.5883
frustrated,0.1778,0.3276,1.0139,-4.2801
frustrated,0.1718,0.392,0.1807,21.1708
frustrated,0.3061,0.3356,0.752,-0.2921
frustrated,0.4029,0.4377,0.7644,-15.4701
frustrated,0.3451,0.4204,0.0855,2.9962
frustrated,0.3052,0.4081,0.6692,6.425
frustrated,0.4069,0.5294,0.2649,5.189
frustrated,0.0606,0.4644,0.3099,-1.4537
frustrated,0.2353,0.4851,0.0023,1.7403
frustrated,0.1865,0.3807,0.6215,8.336
frustrated,0.3232,0.3783,0.5312,-8.6914
frustrated,0.2972,0.4108,0.0247,-16.1041
frustrated,0.216,0.3519,0.1241,8.9212
frustrated,0.2705,0.4822,0.4076,-3.8688
frustrated,0.2323,0.4698,0.0063,9.0206
frustrated,0.291,0.4451,0.243,-5.0258
frustrated,0.3414,0.4851,0.4793,28.0054
frustrated,0.1977,0.4752,0.6809,0.9078
frustrated,0.4091,0.3915,0.93,-19.7577
frustrated,0.3231,0.4838,0.0217,6.2453
frustrated,0.1552,0.2998,0.7548,3.7948
frustrated,0.4928,0.4376,0.1766,-3.3934
frustrated,0.3589,0.2873,0.0766,13.5355
frustrated,0.3459,0.5678,0.2511,0.1206
frustrated,0.2533,0.4293,0.0094,4.1813
frustrated,0.3613,0.5271,0.3111,-12.9503
frustrated,0.0848,0.3895,0.4771,-3.1192
frustrated,0.594,0.4185,0.0894,4.1001
frustrated,0.2324,0.548,0.0182,-20.4231
frustrated,0.3158,0.3313,0.009,6.9524
frustrated,0.3582,0.432,0.2143,0.7606
frustrated,0.4836,0.5687,0.2806,19.0047
frustrated,0.3787,0.3832,0.0477,-0.3075
frustrated,0.2089,0.4657,0.2793,-10.4501
frustrated,0.3183,0.4456,0.0043,-2.9255
frustrated,0.2243,0.5024,0.252,-11.0143
frustrated,0.2792,0.455,0.0471,-8.0951
frustrated,0.272,0.4103,0.133,-1.4974
frustrated,0.4406,0.4147,0.2093,6.6421
frustrated,0.273,0.5147,0.146,-1.4185
frustrated,0.3976,0.3558,0.9125,2.8006
frustrated,0.1985,0.3271,0.0075,3.9291
frustrated,0.262,0.464,0.0543,-17.3838
frustrated,0.2892,0.3634,0.194,-12.907
frustrated,0.3347,0.4804,0.0109,10.1686
frustrated,0.3869,0.3815,0.2947,6.203
frustrated,0.1611,0.3683,0.02,-8.8927
frustrated,0.3334,0.4116,0.0549,-4.8743
frustrated,0.3879,0.4214,0.6223,5.0251
frustrated,0.3206,0.3546,0.0107,-4.4406
frustrated,0.2102,0.3218,0.2836,-5.1814
frustrated,0.4423,0.4244,0.1657,-1.3425
frustrated,0.1616,0.0748,0.0486,-19.641
frustrated,0.2243,0.3869,0.0083,0.0833
frustrated,0.2897,0.3858,0.2504,-1.1212
frustrated,0.2913,0.4191,0.0237,3.3295
frustrated,0.3159,0.4101,0.4235,-6.5831
frustrated,0.1737,0.3401,0.0131,10.3308
frustrated,0.3998,0.5472,0.0592,-0.9114
frustrated,0.4134,0.5121,0.0115,-4.6812
frustrated,0.3583,0.454,0.0204,-3.7089
frustrated,0.2989,0.4208,0.0142,3.7025
frustrated,0.3627,0.3494,0.5693,-27.3658
frustrated,0.2217,0.3021,0.0122,-8.5764
frustrated,0.255,0.3291,0.4866,-5.7212
frustrated,0.2312,0.3463,0.1407,2.4848
frustrated,0.452,0.4086,0.3024,1.1233
frustrated,0.3435,0.3915,0.1797,-6.212
frustrated,0.3839,0.4797,0.2535,7.4925
frustrated,0.3112,0.3451,0.006,1.2204
frustrated,0.2791,0.4677,0.4563,-11.367
frustrated,0.0646,0.425,0.8132,-1.2583
frustrated,0.3415,0.476,0.0161,-11.4084
frustrated,0.1165,0.4552,0.4247,7.5831
frustrated,0.2734,0.2215,0.1122,62.4189
frustrated,0.2778,0.3093,0.7842,0.7934
frustrated,0.1551,0.3805,0.0596,1.1638
frustrated,0.3308,0.409,0.0447,-4.5326
frustrated,0.2405,0.4337,0.4692,-4.4668
frustrated,0.3461,0.403,0.7628,0.8815
frustrated,0.3246,0.4799,0.2757,-18.8597
frustrated,0.2797,0.4871,0.0032,9.8587
frustrated,0.42,0.3242,0.142,-7.4403
frustrated,0.254,0.2515,0.185,11.0253
frustrated,0.2343,0.5893,0.0011,13.223
frustrated,0.3138,0.4,0.058,-8.1201
frustrated,0.2623,0.3854,0.0997,3.1111
frustrated,0.2999,0.4963,0.0213,2.6063
frustrated,0.3663,0.4428,0.035,-1.0639
frustrated,0.1153,0.4589,0.0447,7.2734
frustrated,0.1809,0.5045,0.6403,-5.6552
frustrated,0.2172,0.6539,0.0144,-2.3479
frustrated,0.2657,0.4286,0.3911,-7.8079
frustrated,0.3447,0.4061,0.0045,2.2448
frustrated,0.274,0.3501,0.0077,-6.5609
frustrated,0.3403,0.4149,0.0911,2.6804
frustrated,0.0318,0.4289,0.5623,3.2978
frustrated,0.3587,0.307,0.2199,-6.9893
frustrated,0.3228,0.3299,0.7199,-1.6528
frustrated,0.3084,0.2892,0.2281,6.6444
frustrated,0.2718,0.4729,0.4372,-7.6762
frustrated,0.3266,0.2496,0.2996,-26.9947
frustrated,0.3949,0.4442,0.0131,-5.1687
frustrated,0.1794,0.4944,0.0147,-1.5997
frustrated,0.2912,0.4054,0.0173,3.0493
frustrated,0.3269,0.4106,0.0701,-18.6115
frustrated,0.3758,0.5088,0.285,14.0172
frustrated,0.2861,0.3629,0.0476,3.9028
frustrated,0.161,0.3663,0.4414,0.1121
frustrated,0.2669,0.4047,0.0301,-36.1534
frustrated,0.2577,0.3795,0.0208,-30.2285
frustrated,0.1893,0.4794,0.1304,18.2417
frustrated,0.3609,0.4901,0.4031,-3.1479
frustrated,0.2014,0.3497,0.6115,7.9718
frustrated,0.2527,0.3904,0.4508,-6.3172
frustrated,0.2747,0.4778,0.0048,-0.2083
frustrated,0.3032,0.4614,0.0174,-2.6195
frustrated,0.1964,0.5307,0.027,-2.5604
frustrated,0.3115,0.3439,0.1182,7.3011
frustrated,0.4174,0.4699,0.0818,1.2674
frustrated,0.342,0.4148,0.4465,-0.7653
frustrated,0.43,0.3842,0.2537,-3.8819
frustrated,0.3628,0.4579,0.0487,36.8023
frustrated,0.3096,0.429,0.0896,4.0877
frustrated,0.0689,0.3609,0.0639,4.3082
frustrated,0.0976,0.4175,0.6497,0.9194
frustrated,0.3367,0.469,0.01,7.9009
frustrated,0.3125,0.3753,0.0068,19.9442
frustrated,0.1682,0.3607,0.3091,-22.9786
frustrated,0.3748,0.4194,0.3745,21.1742
frustrated,0.3802,0.4597,0.0672,-7.7392
frustrated,0.338,0.3703,0.6787,-0.7922
frustrated,0.3413,0.4817,0.0198,-29.5653
frustrated,0.1774,0.4365,0.2018,-1.118
frustrated,0.269,0.3554,0.0498,0.3503
frustrated,0.3209,0.4374,0.0084,-5.8838
frustrated,0.4333,0.5274,0.2016,-11.9226
frustrated,0.1467,0.4148,0.1547,8.2649
frustrated,0.2901,0.365,0.0202,-12.7809
frustrated,0.2669,0.4624,0.0011,3.6756
frustrated,0.3178,0.4518,0.0239,-6.5184
frustrated,0.3277,0.4424,0.5629,-28.9015
frustrated,0.0704,0.3402,0.4481,0.4343
frustrated,0.3465,0.3727,0.0774,8.6952
frustrated,0.2832,0.4587,0.0384,1.0339
frustrated,0.1594,0.3799,0.5528,11.591
frustrated,0.2467,0.3443,0.0275,20.9676
frustrated,0.5192,0.4375,0.0608,0.2366
frustrated,0.2996,0.5446,0.0071,-2.6835
frustrated,0.3939,0.4042,0.0188,3.3455
frustrated,0.4226,0.3722,0.2545,1.8037
frustrated,0.3898,0.2945,0.5761,4.5456
frustrated,0.2851,0.4479,0.5171,-17.9805
frustrated,0.2726,0.3572,0.4326,-5.6523
frustrated,0.0217,0.4377,0.2394,1.0048
frustrated,0.3335,0.3886,0.1846,-6.6664
frustrated,0.2794,0.4191,0.0136,-0.1409
frustrated,0.2951,0.4419,0.0045,-13.2261
frustrated,0.3477,0.4168,0.792,5.969
frustrated,0.117,0.3891,0.501,0.0162
frustrated,0.2952,0.4647,0.2909,-19.5486
frustrated,0.3763,0.686,0.0209,-7.7834
frustrated,0.2313,0.4309,0.0465,1.285
frustrated,0.3445,0.4829,0.0686,-17.8464
frustrated,0.3655,0.5099,0.018,-0.9428
frustrated,0.4329,0.5753,0.2779,-2.1254
frustrated,0.3687,0.4154,0.01,-2.5494
frustrated,0.3602,0.4716,0.4564,-2.458
frustrated,0.3488,0.4018,0.8179,0.6322
frustrated,0.3037,0.5147,0.014,0.9667
frustrated,0.3972,0.4092,0.0674,0.7065
frustrated,0.3701,0.4664,0.3294,-0.4849
frustrated,0.2506,0.6188,0.0144,-6.0216
frustrated,0.2637,0.3833,0.202,6.8654
frustrated,0.3635,0.4242,0.3003,-0.915
frustrated,0.3472,0.4363,0.0099,20.7188
frustrated,0.2635,0.2808,0.0075,3.8299
frustrated,0.3517,0.4886,0.009,-3.694
frustrated,0.2678,0.4868,0.1713,-0.2006
frustrated,0.3272,0.3436,0.0045,22.4849
frustrated,0.0323,0.2636,0.7592,10.9714
frustrated,0.3214,0.4504,0.1695,7.2487
frustrated,0.2855,0.2666,0.0328,3.6465
frustrated,0.3178,0.4988,0.1993,0.6707
frustrated,0.0586,0.4111,0.3389,-11.2943
frustrated,0.0311,0.3813,0.7267,-2.0214
frustrated,0.3415,0.4706,0.3169,-1.3369
frustrated,0.3334,0.3969,0.0053,5.5982
frustrated,0.3865,0.4856,0.2026,12.5025
frustrated,0.1938,0.4157,0.6371,-18.5437
frustrated,0.2846,0.2,0.2413,59.7201
frustrated,0.4284,0.6189,0.0226,-11.6921
frustrated,0.2778,0.5544,0.5781,1.1995
frustrated,0.3027,0.4629,0.051,1.0101
frustrated,0.3077,0.3564,0.3205,2.1596
frustrated,0.4206,0.4059,0.0466,-10.4054
frustrated,0.3667,0.3829,0.0263,-3.8806
frustrated,0.357,0.4823,0.1004,7.1656
frustrated,0.1113,0.3616,0.6197,1.1903
frustrated,0.2523,0.3912,0.021,-0.1205
frustrated,0.3606,0.4487,0.3215,-5.8126
frustrated,0.2243,0.4626,0.5784,-6.5173
frustrated,0.2711,0.3952,0.5991,0.3448
frustrated,0.2882,0.4858,0.4347,-17.2285
frustrated,0.2053,0.4073,0.4781,-19.2905
frustrated,0.2548,0.4599,0.04,2.6979
frustrated,0.0268,0.5062,0.0732,6.2444
frustrated,0.2891,0.4969,0.0247,1.8827
frustrated,0.4174,0.4699,0.0818,1.2674
frustrated,0.2962,0.3009,0.4097,23.1363
frustrated,0.3557,0.3238,0.6958,-7.7762
frustrated,0.2335,0.3547,0.5219,3.2328
frustrated,0.4215,0.3433,0.6329,-14.0232
frustrated,0.4129,0.4125,0.0166,-1.8237
frustrated,0.4025,0.4948,0.0513,-14.3998
frustrated,0.1994,0.3425,0.2072,38.3573
frustrated,0.2735,0.4482,0.0428,-10.6159
frustrated,0.3009,0.5404,0.0273,-9.5145
frustrated,0.3902,0.5311,0.0141,0.9616
frustrated,0.2862,0.3079,0.1355,13.985
frustrated,0.3104,0.4653,0.1448,0.2636
frustrated,0.3996,0.4284,0.9669,1.1751
frustrated,0.0954,0.435,0.0095,-7.277
frustrated,0.3569,0.4261,0.0347,-1.7157
frustrated,0.3204,0.4056,0.2545,2.202
frustrated,0.2574,0.3854,0.5624,-6.0876
frustrated,0.3552,0.4105,0.0523,0.3975
frustrated,0.3139,0.429,0.172,3.6688
frustrated,0.1386,0.3715,0.1625,7.4168
frustrated,0.3403,0.4437,0.4046,-0.7479
frustrated,0.1366,0.5347,0.5358,5.8375
frustrated,0.5707,0.2559,0.275,-8.0239
frustrated,0.2758,0.3507,0.35,-24.7563
frustrated,0.2042,0.3611,0.3439,3.7299
frustrated,0.0998,0.4011,0.1756,-7.5103
frustrated,0.2386,0.4043,0.0531,2.6397
frustrated,0.2486,0.3302,0.1242,-8.898
frustrated,0.137,0.3404,0.0696,44.8225
frustrated,0.3902,0.5311,0.0141,0.9616
frustrated,0.3508,0.4279,0.0098,-9.3346
frustrated,0.2689,0.3748,0.9907,-14.7293
frustrated,0.3223,0.3832,0.1655,-12.8057
frustrated,0.1636,0.3382,0.9753,-22.6456
frustrated,0.251,0.3135,0.0792,-12.9007
frustrated,0.3116,0.4154,0.4307,-2.4992
frustrated,0.3607,0.448,0.2767,-5.5823
frustrated,0.2727,0.3656,0.0417,-5.9446
frustrated,0.3568,0.4616,0.0052,2.7295
frustrated,0.2752,0.4794,0.3538,-1.2948
frustrated,0.1332,0.538,0.0224,-8.3237
frustrated,0.3008,0.4038,0.6146,-5.841
frustrated,0.2145,0.4408,0.1034,-11.3773
frustrated,0.3242,0.4725,0.0789,-7.2849
frustrated,0.1353,0.4441,0.6048,-2.6611
frustrated,0.3294,0.4043,0.1112,-12.3277
frustrated,0.3613,0.4205,0.2391,9.3482
frustrated,0.2913,0.3131,0.064,-5.6435
frustrated,0.3221,0.3939,0.3594,0.2847
frustrated,0.2525,0.524,0.6358,0.681
frustrated,0.3114,0.4284,0.4619,-2.6636
frustrated,0.2155,0.3219,1.0257,30.9445
frustrated,0.2866,0.4047,0.4711,1.473
frustrated,0.2304,0.2876,0.2005,8.3332
frustrated,0.3124,0.4422,0.6631,-0.4467
frustrated,0.2305,0.4407,0.0048,4.0973
frustrated,0.3276,0.4834,0.076,-9.0469
frustrated,0.3481,0.3173,0.1848,-5.4183
frustrated,0.2645,0.4619,0.5169,13.077
frustrated,0.5057,0.4554,0.1961,4.5224
frustrated,0.1701,0.4132,0.4709,-5.4544
frustrated,0.3048,0.3944,0.0119,-2.7
frustrated,0.3833,0.5676,0.0094,25.8193
frustrated,0.3221,0.4522,0.0022,7.2977
frustrated,0.2101,0.3874,0.0332,6.8335
frustrated,0.1247,0.3429,0.3701,-0.6371
frustrated,0.2707,0.4145,0.2159,1.506
frustrated,0.3979,0.3941,0.3679,-1.7697
frustrated,0.3388,0.4176,0.6335,19.079
frustrated,0.3033,0.4807,0.0229,2.6188
frustrated,0.0474,0.4294,0.6968,-6.0519
frustrated,0.178,0.4245,0.22,-8.4192
frustrated,0.287,0.325,0.3432,-3.5485
frustrated,0.3335,0.3886,0.1846,-6.6664
frustrated,0.3248,0.2876,0.7796,-4.6351
frustrated,0.049,0.4534,0.4444,-13.5928
frustrated,0.2707,0.2912,0.0614,-6.9504
frustrated,0.3467,0.3708,0.0099,-9.4823
frustrated,0.2774,0.4448,0.4095,11.693
frustrated,0.2524,0.6049,0.0909,5.0468
frustrated,0.3145,0.4478,0.1937,3.1589
frustrated,0.4697,0.2634,0.0524,17.908
frustrated,0.2925,0.4267,0.6558,-16.2371
frustrated,0.2941,0.4481,0.0036,-0.0044
frustrated,0.2772,0.4722,0.026,-14.2965
frustrated,0.2959,0.4333,0.0147,-4.5121
frustrated,0.368,0.4346,0.0571,-8.5556
frustrated,0.4058,0.4231,0.2179,3.0947
frustrated,0.1878,0.3827,0.7864,-18.2041
frustrated,0.34,0.4322,0.0054,-6.7501
frustrated,0.2783,0.4172,0.009,0.1149
frustrated,0.3438,0.3732,0.175,-6.1761
frustrated,0.2959,0.3924,0.8271,-6.7113
frustrated,0.2948,0.339,1.006,3.5888
frustrated,0.3328,0.4129,0.7075,-6.1863
frustrated,0.3846,0.3999,0.3216,-4.8057
frustrated,0.1787,0.4629,0.654,-21.9098
frustrated,0.2606,0.4833,0.0996,-7.2684
frustrated,0.1309,0.4205,0.1864,1.8064
frustrated,0.2709,0.4735,0.4386,-7.5865
frustrated,0.2577,0.3835,0.3749,-2.7588
frustrated,0.3196,0.567,0.4421,-1.8172
frustrated,0.3045,0.6253,0.1834,-2.6184
frustrated,0.2287,0.3927,0.0111,13.4265
frustrated,0.3677,0.4556,0.11,14.2636
frustrated,0.2904,0.4357,0.0157,11.3925
frustrated,0.3249,0.3239,0.0636,3.7264
frustrated,0.3987,0.4147,0.2458,-6.9971
frustrated,0.2697,0.5766,0.3026,1.1605
frustrated,0.3207,0.3048,0.1884,-20.7708
frustrated,0.228,0.4115,0.8911,0.9112
frustrated,0.4162,0.4201,0.6036,-0.8479
frustrated,0.3133,0.3008,0.1314,-36.6945
frustrated,0.3063,0.4384,0.0622,28.8789
frustrated,0.3518,0.4298,0.5172,9.02
frustrated,0.2343,0.4406,0.054,-9.8046
frustrated,0.3782,0.4296,0.3692,-6.5642
frustrated,0.2689,0.3089,0.0183,5.1646
frustrated,0.3999,0.3335,1.001,2.1564
frustrated,0.4257,0.4834,0.0189,-1.0567
frustrated,0.1804,0.4791,0.2107,-5.9378
frustrated,0.1665,0.3375,0.584,-0.0905
frustrated,0.2157,0.2989,0.646,-8.2621
frustrated,0.3424,0.4407,0.0191,0.4474
frustrated,0.245,0.4352,0.0073,1.284
frustrated,0.3677,0.4379,0.5242,1.4436
frustrated,0.355,0.5858,0.0667,8.4474
frustrated,0.3485,0.3024,0.4406,-10.7818
frustrated,0.3599,0.4642,0.5705,-0.1262
frustrated,0.204,0.4926,0.0763,-2.0946
frustrated,0.4159,0.4198,0.0847,-9.586
frustrated,0.3324,0.4188,0.0246,13.0606
frustrated,0.2192,0.4572,0.4743,1.5325
frustrated,0.3642,0.3454,0.0436,-3.3447
frustrated,0.2657,0.4577,0.0252,-15.0286
frustrated,0.1924,0.3263,0.505,6.126
frustrated,0.3818,0.4964,0.0181,-4.0134
frustrated,0.3128,0.3782,0.0689,-0.0494
frustrated,0.3639,0.5114,0.0026,13.2489
frustrated,0.3186,0.277,0.0089,0.9966
frustrated,0.3151,0.3008,0.8358,-5.6982
frustrated,0.248,0.3879,0.6746,-2.3955
frustrated,0.2507,0.4987,0.0388,1.7375
frustrated,0.2561,0.3441,0.4046,9.6515
frustrated,0.3445,0.4749,0.0134,0.6156
frustrated,0.387,0.5132,0.1275,2.4022
frustrated,0.3729,0.4888,0.5293,0.0333
frustrated,0.193,0.4374,0.392,-1.2761
frustrated,0.3058,0.6964,0.0502,-2.6343
frustrated,0.2835,0.4664,0.6198,-16.542
frustrated,0.2302,0.4135,0.1253,-2.4345
frustrated,0.4317,0.4465,0.03,-34.8312
frustrated,0.2315,0.5448,0.5158,-9.8958
frustrated,0.2348,0.49,0.0025,-2.0442
frustrated,0.3601,0.366,0.6554,25.4899
frustrated,0.342,0.3747,0.2033,-7.9525
frustrated,0.291,0.4098,0.8576,-1.4705
frustrated,0.2881,0.2972,0.0193,-6.2915
frustrated,0.227,0.3556,0.108,0.5739
frustrated,0.0919,0.4513,0.4116,-6.4907
frustrated,0.341,0.5116,0.0045,-2.161
frustrated,0.2568,0.368,0.3322,-2.2334
frustrated,0.0504,0.4316,0.3835,-13.3936
frustrated,0.2792,0.4469,0.7249,-15.5301
frustrated,0.3175,0.3047,0.0054,2.7361
frustrated,0.3955,0.3571,0.3162,22.1962
frustrated,0.2804,0.4606,0.0161,-13.2345
frustrated,0.3133,0.4413,0.1689,-4.9248
frustrated,0.3822,0.4331,0.1882,-1.6838
frustrated,0.2918,0.3801,0.4535,-6.6282
frustrated,0.3504,0.3513,0.0289,-21.067
frustrated,0.3217,0.5282,0.0469,-15.1674
frustrated,0.3152,0.4014,0.0343,-1.909
frustrated,0.2901,0.502,0.1519,-7.5858
frustrated,0.3674,0.4177,0.3044,3.1909
frustrated,0.3545,0.3369,0.0176,-15.3938
frustrated,0.344,0.459,0.7843,-13.4967
frustrated,0.3802,0.5037,0.0023,5.2824
frustrated,0.2697,0.4397,0.1217,-4.6504
frustrated,0.3055,0.4227,0.4876,-1.0477
frustrated,0.3446,0.3248,0.9526,-9.8425
frustrated,0.2892,0.484,0.0026,8.5938
frustrated,0.1849,0.4097,0.5006,0.2558
frustrated,0.4675,0.3854,0.3073,7.75
frustrated,0.2821,0.4977,0.0087,-20.4933
frustrated,0.2998,0.3937,0.4444,15.1893
frustrated,0.2407,0.3007,0.5983,2.1794
frustrated,0.3971,0.5201,0.2238,-7.3619
frustrated,0.0932,0.4563,0.004,6.7024
frustrated,0.4029,0.3775,0.0919,25.5859
frustrated,0.3236,0.4035,0.0103,0.3244
frustrated,0.3497,0.3738,0.0467,-26.9222
frustrated,0.3989,0.4297,0.6205,-3.06
frustrated,0.0262,0.3343,0.5182,-0.803
frustrated,0.1722,0.4324,0.3028,2.7781
frustrated,0.239,0.3046,0.0343,-39.6338
frustrated,0.4345,0.4139,0.0581,9.5035
frustrated,0.3745,0.452,0.0061,-0.2226
frustrated,0.1949,0.4399,0.0148,1.8141
frustrated,0.3278,0.5392,0.0048,19.5372
frustrated,0.3289,0.4878,0.7294,6.3767
frustrated,0.2434,0.3926,0.4592,0.8521
frustrated,0.2871,0.304,0.2788,17.3753
frustrated,0.3335,0.4865,0.0394,-20.9991
frustrated,0.3795,0.5063,0.0093,-2.3965
frustrated,0.0356,0.4851,0.2177,0.6983
frustrated,0.2408,0.4301,0.0605,2.5321
frustrated,0.419,0.4936,0.5396,3.4471
frustrated,0.1382,0.3309,0.0078,11.1882
frustrated,0.0536,0.441,0.8178,-2.5192
frustrated,0.484,0.4434,0.1392,5.6282
frustrated,0.5363,0.2994,0.4437,-25.572
frustrated,0.3866,0.4705,0.1916,18.1967
frustrated,0.1204,0.3665,0.5317,-0.8011
frustrated,0.3583,0.5244,0.0336,-7.1639
frustrated,0.3691,0.462,0.011,3.3399
frustrated,0.2884,0.3035,0.0862,-7.5672
frustrated,0.4405,0.5081,0.1648,5.7018
frustrated,0.3651,0.3785,0.0142,-10.631
frustrated,0.2472,0.4728,0.1816,-25.8289
frustrated,0.3879,0.4214,0.6223,5.0251
frustrated,0.366,0.5123,0.0505,-3.7421
frustrated,0.3364,0.3144,0.4575,-4.1829
frustrated,0.2898,0.3941,0.4701,1.1908
frustrated,0.1797,0.2399,0.6915,-0.7421
frustrated,0.2429,0.5287,0.0666,-11.4694
frustrated,0.2656,0.5727,0.2705,11.2426
frustrated,0.4002,0.4344,0.3889,-7.0152
frustrated,0.2447,0.4018,0.3029,0.4645
frustrated,0.381,0.467,0.0186,3.2699
frustrated,0.378,0.3976,0.2849,3.7376
frustrated,0.3352,0.4945,0.0146,-1.2659
frustrated,0.3023,0.3295,0.4202,-15.4359
frustrated,0.375,0.52,0.3032,14.2919
frustrated,0.3601,0.4388,0.7513,2.0885
frustrated,0.3432,0.354,0.8671,-14.4798
frustrated,0.3616,0.4845,0.2517,-5.6003
frustrated,0.0392,0.302,0.7815,-0.9305
frustrated,1.2571,0.3836,0.1046,-16.9653
frustrated,0.2738,0.4072,0.0127,-8.2508
frustrated,0.2373,0.4505,0.0107,-6.6309
frustrated,0.2895,0.4132,0.0946,12.3356
frustrated,0.3334,0.4369,0.664,5.6934
frustrated,0.328,0.3874,0.1762,-6.6276
frustrated,0.2002,0.4118,0.0905,-1.7363
frustrated,0.1671,0.4485,0.6583,-1.8779
frustrated,0.33,0.4923,0.001,-3.209
frustrated,0.3077,0.4879,0.5858,7.2255
frustrated,0.2959,0.4724,0.5993,8.1721
frustrated,0.3364,0.4755,0.6034,-1.9089
frustrated,0.1954,0.2411,0.5812,8.9451
frustrated,0.3768,0.3915,0.5168,-10.4177
frustrated,0.3233,0.3054,0.382,-4.3729
frustrated,0.4331,0.3261,0.088,-7.1209
frustrated,0.3748,0.4762,0.0141,-9.6737
frustrated,0.2161,0.3663,0.3512,-15.4896
frustrated,0.3968,0.5192,0.2841,17.8075
frustrated,0.4469,0.4851,0.3848,-2.249
frustrated,0.1204,0.289,0.3016,12.4584
frustrated,0.1735,0.373,0.6417,-1.7929
frustrated,0.2429,0.4533,0.5302,0.9942
frustrated,0.3865,0.4739,0.1758,-7.8599
frustrated,0.3559,0.3935,0.3042,12.269
frustrated,0.2775,0.3529,0.0274,9.6947
frustrated,0.3912,0.4903,0.0048,-50.3602
frustrated,0.3536,0.4666,0.0133,-0.1353
frustrated,0.2877,0.3375,0.0047,-8.9475
frustrated,0.312,0.4924,0.0021,1.9417
frustrated,0.3354,0.472,0.0327,-0.0868
frustrated,0.1379,0.4639,0.2766,0.5977
frustrated,0.3192,0.4843,0.493,-13.7972
frustrated,0.1089,0.4278,0.5868,-5.1261
frustrated,0.276,0.357,0.0063,0.8204
frustrated,0.3421,0.4471,0.4736,2.8141
frustrated,0.297,0.4659,0.5436,-4.2458
frustrated,0.3993,0.4444,0.6827,-1.5344
frustrated,0.229,0.5323,0.1549,7.0013
frustrated,0.3283,0.5173,0.1891,-2.5933
frustrated,0.2823,0.5142,0.3495,9.9023
frustrated,0.3354,0.5262,0.0208,-2.6023
frustrated,0.3372,0.4917,0.5191,-1.9753
frustrated,0.4483,0.3321,0.0196,2.6475
frustrated,0.3793,0.5847,0.0108,-1.787
frustrated,0.2273,0.4999,0.0153,-0.0577
frustrated,0.3815,0.5874,0.5387,-19.956
frustrated,0.2577,0.5145,0.5412,-6.6272
frustrated,0.2768,0.3786,0.0035,0.3317
frustrated,0.3879,0.4214,0.6223,5.0251
frustrated,0.2132,0.2568,0.9765,-3.3202
frustrated,0.3927,0.4025,0.2971,1.7473
frustrated,0.1848,0.4285,0.0179,0.5061
frustrated,0.2206,0.4896,0.0805,-24.8251
frustrated,0.3098,0.4714,0.1043,-8.9641
frustrated,0.3431,0.5435,0.0078,8.322
frustrated,0.2569,0.2751,0.6467,-2.4998
frustrated,0.3769,0.3001,0.6314,-22.464
frustrated,0.3747,0.4508,0.0233,7.2847
frustrated,0.0493,0.3534,0.3751,-0.4076
frustrated,0.212,0.4366,0.0486,7.2502
frustrated,0.2209,0.4636,0.1383,-2.6934
frustrated,0.2869,0.3592,0.2273,-14.7898
frustrated,0.4862,0.3592,0.6152,1.1917
frustrated,0.3422,0.4117,0.2016,-2.0271
frustrated,0.3862,0.4306,0.8814,4.3381
frustrated,0.1998,0.4111,0.0674,-3.242
frustrated,0.4325,0.3988,0.2394,-0.5866
frustrated,0.0194,0.3289,0.5376,-0.1998
frustrated,0.3024,0.481,0.4988,3.2622
frustrated,0.4053,0.4518,0.6057,-2.8255
frustrated,0.1186,0.4716,0.1255,2.0185
frustrated,0.3862,0.4038,0.0606,-3.1995
frustrated,0.2675,0.3805,0.0166,6.3287
frustrated,0.1512,0.5592,0.4126,-5.3509
frustrated,0.2385,0.4349,0.4769,0.9643
frustrated,0.3506,0.3794,0.4023,-2.9235
frustrated,0.3121,0.3723,0.3562,10.1091
frustrated,0.1568,0.3864,0.6787,-2.1908
frustrated,0.058,0.4169,0.3737,-0.7495
frustrated,0.2353,0.4509,0.0116,0.5806
frustrated,0.3077,0.4879,0.5858,7.2255
frustrated,0.2382,0.3684,0.0328,-0.8998
frustrated,0.3794,0.5393,0.1958,-2.9129
frustrated,0.433,0.3661,0.6805,3.4407
frustrated,0.3979,0.444,0.2938,3.8742
frustrated,0.3299,0.3991,0.5242,-0.8464
frustrated,0.3243,0.5694,0.7054,2.9202
frustrated,0.4573,0.4606,0.0572,7.0756
frustrated,0.3452,0.3586,0.0025,-1.7376
frustrated,0.2105,0.3668,0.9335,-15.8662
frustrated,0.2428,0.3647,0.2645,-13.6639
frustrated,0.2656,0.4143,0.0062,0.3251
frustrated,0.1499,0.3687,0.4036,-22.598
frustrated,0.3845,0.4632,0.0245,1.9002
frustrated,0.3853,0.3827,0.0321,-3.0679
frustrated,0.3127,0.5001,0.0112,-1.3559
frustrated,0.4086,0.3861,0.0672,25.8793
frustrated,0.3552,0.402,0.2552,10.4201
frustrated,0.1523,0.4155,0.4177,-3.3658
frustrated,0.2699,0.4436,0.1748,-0.1901
frustrated,0.2745,0.4775,0.0065,-2.57
frustrated,0.279,0.2811,0.9079,-2.7703
frustrated,0.2888,0.5538,0.2959,-24.3896
frustrated,0.2753,0.4326,0.279,0.285
frustrated,0.3811,0.4034,0.0092,5.3703
frustrated,0.2321,0.4241,0.0439,3.095
frustrated,0.1451,0.2331,0.0595,-3.6913
frustrated,0.3918,0.3634,0.2547,-7.3252
frustrated,0.4205,0.4094,0.0087,-8.9423
frustrated,0.2885,0.3349,0.7444,23.2777
frustrated,0.2134,0.511,0.5849,-1.9334
frustrated,0.2761,0.4937,0.3274,-8.4927
frustrated,0.3795,0.374,0.0707,-5.4785
frustrated,0.2554,0.5654,0.0158,-3.4597
frustrated,0.2288,0.566,0.4835,1.121
frustrated,0.3616,0.6777,0.01,-1.9196
frustrated,0.3346,0.4114,0.0785,17.7603
frustrated,0.3196,0.5159,0.0241,-15.9157
frustrated,0.1523,0.4155,0.4177,-3.3658
frustrated,0.1599,0.5571,0.009,-1.0128
frustrated,0.3008,0.3246,0.1424,-31.8955
frustrated,0.2752,0.267,0.1563,11.1613
frustrated,0.3,0.3432,0.0388,-4.1258
frustrated,0.2242,0.3348,0.8724,7.1933
frustrated,0.1212,0.4371,0.0059,2.2889
frustrated,0.0735,0.3764,0.598,-4.2162
frustrated,0.3074,0.5297,0.0079,2.693
frustrated,0.3787,0.3478,0.0538,-21.1899
frustrated,0.1518,0.4424,0.316,-3.5773
frustrated,0.2322,0.3675,0.0255,-3.9288
frustrated,0.3756,0.4277,0.8501,1.7833
frustrated,0.0837,0.3868,0.596,-5.8977
frustrated,0.3411,0.4315,0.5095,6.7989
frustrated,0.3617,0.4555,0.5145,2.3014
frustrated,0.2981,0.6828,0.0552,3.3529
frustrated,0.3438,0.5025,0.3139,0.3153
frustrated,0.2942,0.46,0.1189,-6.2352
frustrated,0.2914,0.3364,0.006,5.1877
frustrated,0.2844,0.4183,0.2687,6.7367
frustrated,0.2182,0.4051,0.3433,-1.6135
frustrated,0.3968,0.4489,0.045,-6.586
frustrated,0.2014,0.4798,0.762,2.0954
frustrated,0.2984,0.5114,0.0061,-5.0049
frustrated,0.3145,0.4579,0.0076,11.3744
frustrated,0.4174,0.4594,0.2962,-17.0391
frustrated,0.2859,0.4836,0.0286,0.7142
frustrated,0.2875,0.3747,0.5419,8.83
frustrated,0.2589,0.457,0.6134,-3.8117
frustrated,0.3781,0.48,0.1395,-0.6756
frustrated,0.2741,0.5172,0.5105,-3.525
frustrated,0.392,0.4168,0.069,12.4501
frustrated,0.1657,0.4436,0.0299,-3.8594
frustrated,0.2714,0.4447,0.2034,8.4152
frustrated,0.4006,0.3604,0.6838,-16.1195
frustrated,0.0541,0.409,0.6426,1.829
frustrated,0.1338,0.4331,0.6698,1.1273
frustrated,0.3731,0.4526,0.0147,-5.8603
frustrated,0.3286,0.323,0.0478,2.8878
frustrated,0.1193,0.4976,0.2652,-4.4219
frustrated,0.393,0.4274,0.6556,-5.3145
frustrated,0.2471,0.3768,0.5404,4.3297
frustrated,0.3463,0.5283,0.1274,-12.093
frustrated,0.4048,0.3902,0.0679,-15.0808
frustrated,0.2635,0.3915,0.003,19.0274
frustrated,0.3997,0.3745,0.0669,-6.194
frustrated,0.4023,0.4388,0.0397,1.088
frustrated,0.3751,0.4088,0.7605,2.2027
frustrated,0.1361,0.5665,0.2888,-4.1468
frustrated,0.3721,0.4325,0.1686,-4.5926
frustrated,0.3472,0.4799,0.3115,11.9947
frustrated,0.3876,0.4834,0.0033,5.4302
frustrated,0.3179,0.4118,0.6958,0.1981
frustrated,0.0305,0.3646,0.4137,5.2652
frustrated,0.2868,0.389,0.0237,-14.4114
frustrated,0.31,0.4988,0.0481,0.3048
frustrated,0.3109,0.3739,0.27,-1.308
frustrated,0.2906,0.3669,0.2753,-3.3456
frustrated,0.3271,0.5517,0.3799,-11.7246
frustrated,0.2169,0.2875,0.4014,4.6899
frustrated,0.4018,0.4813,0.0091,-6.9229
frustrated,0.2597,0.4356,0.3089,-13.3767
frustrated,0.0876,0.3908,0.0168,5.6139
frustrated,0.1641,0.4103,0.3967,-1.744
frustrated,0.3132,0.4065,0.1244,1.8708
frustrated,0.2535,0.2432,0.0194,32.4893
frustrated,0.3152,0.5368,0.2076,4.0062
frustrated,0.3525,0.4476,0.0248,1.8104
frustrated,0.2369,0.469,0.1209,9.6413
frustrated,0.396,0.1292,0.0185,-58.9898
frustrated,0.419,0.3963,0.2333,0.8437
frustrated,0.4356,0.453,0.2451,1.4954
frustrated,0.2724,0.3929,0.089,9.167
frustrated,0.4108,0.5721,0.0106,6.7889
frustrated,0.2832,0.3128,0.5646,-0.5751
frustrated,0.2334,0.5078,0.003,0.3636
frustrated,0.3416,0.6526,0.0411,-12.1531
frustrated,0.2699,0.4001,0.0033,-3.4035
frustrated,0.4184,0.549,0.5607,2.4392
frustrated,0.2594,0.4953,0.2307,0.9007
frustrated,0.5187,0.3005,0.925,-5.7094
frustrated,0.3375,0.4235,0.0098,-2.1086
frustrated,0.2754,0.4077,0.3124,3.8417
frustrated,0.4273,0.3972,0.2508,1.7562
frustrated,0.1297,0.4774,0.3312,24.8748
frustrated,0.2986,0.3852,0.0115,-0.8936
frustrated,0.3481,0.4242,0.0302,0.5786
frustrated,0.2255,0.3661,0.0038,-1.6523
frustrated,0.3265,0.4094,1.059,-1.2439
frustrated,0.2895,0.4052,0.0177,-2.9459
frustrated,0.0615,0.3722,0.2968,2.9137
frustrated,0.2182,0.3265,0.0815,-1.2923
frustrated,0.3061,0.3356,0.752,-0.2921
frustrated,0.311,0.3855,0.2192,-9.5255
frustrated,0.4309,0.3706,0.3101,6.0124
frustrated,0.3778,0.3628,0.7349,5.9125
frustrated,0.3197,0.4541,0.7037,-1.5005
frustrated,0.3268,0.4028,0.0262,-11.3631
frustrated,0.2886,0.3212,0.1024,0.4522
frustrated,0.1278,0.3195,0.3531,11.896
frustrated,0.2546,0.3858,0.5369,4.5844
frustrated,0.3731,0.5997,0.0201,5.2017
frustrated,0.0393,0.4685,0.4282,-2.0132
frustrated,0.3788,0.4093,0.6078,3.7215
frustrated,0.3015,0.4685,0.0052,-0.7374
frustrated,0.1209,0.4105,0.3496,3.6602
frustrated,0.2877,0.2283,0.6008,21.9509
frustrated,0.1699,0.484,0.0098,4.8714
frustrated,0.3387,0.5852,0.2231,-1.6774
frustrated,0.309,0.3303,0.0079,-2.2215
frustrated,0.3636,0.3646,0.3449,-2.6241
frustrated,0.2992,0.5796,0.5205,-0.713
frustrated,0.4761,0.4179,0.1065,1.0183
frustrated,0.328,0.3874,0.1762,-6.6276
frustrated,0.3851,0.5139,0.0283,14.4183
frustrated,0.3993,0.5016,0.0031,-1.6082
frustrated,0.3486,0.4081,0.0104,-0.2082
frustrated,0.3415,0.4971,0.1095,-3.1946
frustrated,0.275,0.4308,0.0302,-12.3165
frustrated,0.1602,0.4165,0.7296,12.2698
frustrated,0.106,0.4355,0.5014,26.0446
frustrated,0.3817,0.5575,0.1718,-5.8998
frustrated,0.41,0.3533,0.6839,7.405
frustrated,0.1771,0.4086,0.6209,-3.6932
frustrated,0.3532,0.4079,0.5171,1.7262
frustrated,0.1895,0.4673,0.2013,6.5976
frustrated,0.1654,0.4434,0.0419,9.6134
frustrated,0.2821,0.4412,0.0054,4.4805
frustrated,0.337,0.4556,0.012,4.7488
frustrated,0.2742,0.4137,0.4521,7.9036
frustrated,0.1197,0.3629,0.5158,5.8531
frustrated,0.2699,0.3344,0.251,-6.325
frustrated,0.3681,0.3736,0.1797,-6.3446
frustrated,0.2958,0.453,0.0108,-9.42
frustrated,0.2668,0.3147,0.5961,-7.5258
frustrated,0.354,0.3463,0.0766,18.5373
frustrated,0.2398,0.4715,0.203,0.7091
frustrated,0.3372,0.3254,0.056,-8.3191
frustrated,0.2328,0.4564,0.0286,1.6877
frustrated,0.3562,0.3895,0.429,-2.5593
frustrated,0.4174,0.4699,0.0818,1.2674
frustrated,0.4503,0.5018,0.0319,10.2293
frustrated,0.2712,0.4965,0.1083,-39.3635
frustrated,0.0944,0.3913,0.2056,-6.9214
frustrated,0.0482,0.4611,0.0174,36.7403
frustrated,0.307,0.3979,0.0238,-32.3191
frustrated,0.338,0.4616,0.0246,-0.1877
frustrated,0.381,0.483,0.0609,-3.0764
frustrated,0.1876,0.4851,0.0852,7.3022
frustrated,0.3214,0.3483,0.7753,0.9268
frustrated,0.404,0.5103,0.4064,3.2981
frustrated,0.2456,0.5059,0.3855,-7.586
frustrated,0.145,0.3564,0.3058,-7.4759
frustrated,0.3181,0.4782,0.3279,-3.5977
frustrated,0.3277,0.4327,0.0339,-5.3853
frustrated,0.2771,0.4708,0.1783,10.6952
frustrated,0.3541,0.4216,0.7751,6.3064
frustrated,0.2856,0.4008,0.4082,0.7777
frustrated,0.3635,0.4386,0.1219,-8.9038
frustrated,0.0431,0.4973,0.0074,-0.6684
frustrated,0.4002,0.4344,0.3889,-7.0152
frustrated,0.4011,0.2534,0.0458,-9.5589
frustrated,0.3277,0.4424,0.5629,-28.9015
frustrated,0.3356,0.4985,0.0513,6.5274
frustrated,0.3094,0.3313,0.3703,10.0861
frustrated,0.3879,0.5035,0.1592,-2.2377
frustrated,0.4146,0.5034,0.2822,4.1854
frustrated,0.2203,0.3295,0.1959,7.0331
frustrated,0.3139,0.4809,0.0036,6.9883
frustrated,0.317,0.5061,0.0161,2.4363
frustrated,0.3478,0.44,0.2889,13.5666
frustrated,0.3261,0.4926,0.372,-2.3929
frustrated,0.3994,0.4876,0.6267,0.4337
frustrated,0.3985,0.4608,0.7027,-4.2404
frustrated,0.343,0.541,0.0151,5.4255
frustrated,0.3407,0.4255,0.0676,4.0905
frustrated,0.2448,0.5107,0.0723,-7.4842
frustrated,0.1568,0.3378,0.0201,9.5122
frustrated,0.2921,0.4155,0.1947,-3.5219
frustrated,0.3699,0.4194,0.0131,1.4537
frustrated,0.2899,0.4624,0.2671,-19.0657
frustrated,0.4558,0.4472,0.0997,-10.6648
frustrated,0.2773,0.43,0.7829,-17.2223
frustrated,0.3902,0.416,0.9695,3.0661
frustrated,0.3449,0.4145,0.0145,26.8279
frustrated,0.0223,0.3548,0.0053,-3.789
frustrated,0.3392,0.4821,0.0533,-6.5514
frustrated,0.3657,0.478,0.2414,15.8286
frustrated,0.0773,0.4364,0.0339,0.0252
frustrated,0.3196,0.3606,0.0457,7.5605
frustrated,0.2924,0.3896,0.6664,5.5119
frustrated,0.3439,0.3966,0.5286,-6.1408
frustrated,0.3426,0.4505,0.7712,-3.5481
frustrated,0.38,0.3749,0.3981,16.3242
frustrated,0.2306,0.4141,0.5604,-5.3634
frustrated,0.3838,0.4286,0.6658,2.1807
frustrated,0.4871,0.2774,1.1246,-42.9886
frustrated,0.3261,0.4926,0.372,-2.3929
frustrated,0.339,0.4594,0.0182,4.7263
frustrated,0.3062,0.4781,0.0309,0.9473
frustrated,0.2696,0.3237,0.0338,-1.5221
frustrated,0.3772,0.3831,0.0315,-8.0053
frustrated,0.2254,0.4577,0.6306,3.4887
frustrated,0.3939,0.458,0.3403,-0.72
frustrated,0.2541,0.4134,0.2937,-18.6659
frustrated,0.2893,0.3552,0.0502,2.1243
frustrated,0.2999,0.3413,0.1035,-15.284
frustrated,0.1124,0.5294,0.3166,-5.305
frustrated,0.092,0.3195,0.0162,1.6441
frustrated,0.1903,0.3222,0.2859,-8.4415
frustrated,0.3313,0.4247,0.2797,-7.9415
frustrated,0.3471,0.4475,0.0242,8.771
frustrated,0.3621,0.4016,0.0007,-8.8644
frustrated,0.397,0.4253,0.8195,2.3649
frustrated,0.38,0.4378,0.1641,-6.8439
frustrated,0.2757,0.521,0.3249,-4.3278
frustrated,0.111,0.4506,0.0143,-1.0402
frustrated,0.2452,0.4104,0.1886,0.3744
frustrated,0.3738,0.4513,0.4138,0.9704
frustrated,0.0893,0.4077,0.0047,18.2697
frustrated,0.3331,0.4012,0.5854,-3.4997
frustrated,0.458,0.4039,0.15,-2.5598
frustrated,0.1187,0.3686,0.7522,-5.6365
frustrated,0.3897,0.4951,0.0179,-0.4177
frustrated,0.3694,0.5267,0.0325,-17.8566
frustrated,0.4169,0.4382,0.1723,7.1963
frustrated,0.3683,0.4171,0.0331,11.7342
frustrated,0.0778,0.3944,0.8724,-10.7595
frustrated,0.2547,0.6232,0.0054,-3.8493
frustrated,0.3998,0.6461,0.2001,-5.3962
frustrated,0.3371,0.479,0.1676,-7.5283
frustrated,0.35,0.5374,0.0496,1.15
frustrated,0.3763,0.3815,0.0679,-5.7162
frustrated,0.3151,0.5824,0.0499,-2.1508
frustrated,0.3726,0.4121,0.6707,1.1351
frustrated,0.4322,0.3173,0.0963,-5.4795
frustrated,0.3733,0.4686,0.5042,-6.3895
frustrated,0.3117,0.4939,0.06,8.3473
frustrated,0.3082,0.4098,0.4494,-2.8165
frustrated,0.3287,0.5682,0.0121,5.2938
frustrated,0.3009,0.3923,0.049,4.4471
frustrated,0.2679,0.5002,0.2788,-6.3432
frustrated,0.2935,0.4672,0.7458,4.0023
frustrated,0.309,0.4001,0.0158,12.4587
frustrated,0.4983,0.4562,0.3433,19.4191
frustrated,0.2643,0.5019,0.0168,-8.4542
frustrated,0.3422,0.4744,0.3725,-8.2435
frustrated,0.3472,0.4665,0.0109,3.9605
frustrated,0.3458,0.481,0.0094,-4.3132
frustrated,0.3757,0.3666,0.0103,-24.7999
frustrated,0.2151,0.4411,0.6934,4.21
frustrated,0.2614,0.4602,0.0799,-5.7236
frustrated,0.4059,0.5181,0.0036,5.468
frustrated,0.3288,0.4577,0.021,5.23
frustrated,0.3473,0.381,0.0219,-2.6237
frustrated,0.1613,0.2903,0.601,-16.7397
frustrated,0.2111,0.4408,0.4148,9.0656
frustrated,0.2962,0.5777,0.0428,-1.7555
frustrated,0.3046,0.445,0.0096,0.5276
frustrated,0.2943,0.3613,0.0356,-9.1712
frustrated,0.242,0.4382,0.6213,-3.0986
frustrated,0.3195,0.2961,0.0031,-3.5575
frustrated,0.3966,0.4489,0.0067,-4.7838
frustrated,0.2844,0.543,0.5957,-13.9449
frustrated,0.28,0.4282,0.0327,-11.2124
frustrated,0.3204,0.4056,0.2545,2.202
frustrated,0.2237,0.3271,0.6525,17.0679
frustrated,0.1357,0.4209,0.0127,-19.9177
frustrated,0.2392,0.4495,0.04,-1.3243
frustrated,0.2297,0.4202,0.012,11.4671
frustrated,0.1501,0.2701,1.0029,3.5842
frustrated,0.3057,0.4672,0.3116,-3.1669
frustrated,0.3264,0.4069,0.0009,12.7842
frustrated,0.2409,0.2419,0.8669,4.3689
frustrated,0.2014,0.3698,0.0201,-7.2979
frustrated,0.4459,0.467,0.0105,-12.8685
frustrated,0.299,0.4391,0.0227,-9.1766
frustrated,0.2619,0.4312,0.4173,-3.5862
frustrated,0.3127,0.4257,0.1897,-6.9479
frustrated,0.0419,0.3863,0.2095,-17.0468
frustrated,0.3703,0.4952,0.0185,-14.6521
frustrated,0.2656,0.4143,0.0062,0.3251
frustrated,0.3653,0.3808,0.7876,2.7992
frustrated,0.4893,0.4418,0.0287,6.0526
frustrated,0.2196,0.449,0.0432,2.4512
frustrated,0.3604,0.572,0.3216,-1.2041
frustrated,0.3596,0.4654,0.0069,4.0866
frustrated,0.4169,0.453,0.1378,9.5614
frustrated,0.2996,0.3425,0.0088,-6.9889
frustrated,0.2575,0.3823,0.6079,2.0208
frustrated,0.4275,0.3698,0.1112,24.5085
frustrated,0.3426,0.5819,0.0179,3.1654
frustrated,0.4765,0.1154,0.0556,59.7955
frustrated,0.3518,0.467,0.0029,-2.6472
frustrated,0.1194,0.4205,0.1458,-14.0175
frustrated,0.4303,0.4602,0.0138,4.4862
frustrated,0.3238,0.44,0.5848,-15.5335
frustrated,0.0199,0.571,0.0309,0.9663
frustrated,0.3485,0.3033,0.4713,16.1562
frustrated,0.3326,0.3998,0.2007,27.5069
frustrated,0.318,0.4027,0.0207,-4.2342
frustrated,0.2858,0.3806,0.2633,-17.0046
frustrated,0.2733,0.4215,0.2884,-11.775
frustrated,0.18,0.4568,0.0283,0.1167
frustrated,0.3214,0.4522,0.3356,-0.8078
frustrated,0.3063,0.4385,0.0945,-7.512
frustrated,0.3005,0.476,0.1629,-8.0634
frustrated,0.3589,0.4477,0.1954,2.7572
frustrated,0.2773,0.3859,0.4892,-5.9709
frustrated,0.2519,0.4166,0.0202,-3.5854
frustrated,0.3323,0.4965,0.0762,-2.9491
frustrated,0.2708,0.5063,0.4161,-13.3994
frustrated,0.3404,0.2671,0.0237,-6.4965
frustrated,0.3449,0.4946,0.0054,2.3768
frustrated,0.358,0.441,0.0159,-2.2078
frustrated,0.442,0.3238,0.0426,-23.3668
frustrated,0.3826,0.3994,0.4034,-7.2326
frustrated,0.3505,0.4813,0.3207,2.7439
frustrated,0.2643,0.4932,0.8699,-2.002
frustrated,0.5217,0.2716,0.0312,9.3588
frustrated,0.2636,0.4092,0.0145,36.2573
frustrated,0.3215,0.4493,0.0116,5.9657
frustrated,0.3428,0.3627,0.4803,-1.3018
frustrated,0.3939,0.458,0.3403,-0.72
frustrated,0.4859,0.466,0.0439,-24.1933
frustrated,0.5409,0.2473,1.3553,-9.6882
frustrated,0.5057,0.3118,0.9395,-30.4469
frustrated,0.2747,0.532,0.0634,0.2546
frustrated,0.3907,0.5139,0.0915,9.2826
frustrated,0.122,0.3449,0.3742,-1.8748
frustrated,0.2994,0.3706,0.5445,38.9227
frustrated,0.3773,0.3707,0.0412,9.9159
frustrated,0.103,0.3753,0.0196,0.0225
frustrated,0.188,0.3764,0.2904,-11.0431
frustrated,0.3608,0.3809,0.0186,-3.2865
frustrated,0.0397,0.4195,0.014,-33.9594
frustrated,0.3462,0.4519,0.0227,0.4578
frustrated,0.1654,0.5168,0.4607,2.9187
frustrated,0.1171,0.4662,0.006,-4.7977
frustrated,0.0995,0.3932,0.083,5.1825
frustrated,0.2765,0.4674,0.0847,0.0814
frustrated,0.2283,0.4135,0.0852,-0.6304
frustrated,0.3239,0.4561,0.0273,-3.9908
frustrated,0.363,0.4689,0.3778,11.873
frustrated,0.0861,0.4275,0.1604,-4.4084
frustrated,0.3616,0.4522,0.6236,-5.1194
frustrated,0.324,0.4756,0.1126,-6.1098
frustrated,0.474,0.3451,0.5759,-3.5409
frustrated,0.3209,0.5217,0.1526,4.1166
frustrated,0.3239,0.4137,0.1663,-1.2875
frustrated,0.3515,0.5435,0.2188,-9.8752
frustrated,0.2941,0.4219,0.2127,0.8603
frustrated,0.3211,0.4184,0.7232,2.6784
frustrated,0.0393,0.56,0.0158,-0.0399
frustrated,0.3839,0.4649,0.3175,4.3949
frustrated,0.0634,0.4267,0.4332,0.6746
frustrated,0.3108,0.5228,0.0344,-0.161
frustrated,0.1903,0.5053,0.0136,-16.219
frustrated,0.0433,0.4724,0.1506,7.6534
frustrated,0.3581,0.4473,0.5483,1.6319
frustrated,0.2132,0.4117,0.5483,8.7337
frustrated,0.1822,0.469,0.078,-3.7512
frustrated,0.3508,0.4022,0.4959,-5.0843
frustrated,0.1315,0.4506,0.0512,2.4698
frustrated,0.1333,0.4999,0.3025,-10.0818
frustrated,0.067,0.4399,0.1378,2.5136
frustrated,0.3364,0.5391,0.4064,-5.8068
frustrated,0.365,0.5268,0.2773,0.4872
frustrated,0.3272,0.5648,0.0807,-0.9503
frustrated,0.0239,0.4845,0.0065,11.7976
frustrated,0.3074,0.4733,0.5977,6.9323
frustrated,0.1294,0.5255,0.2081,-19.2085
frustrated,0.2618,0.4441,0.1859,-0.2063
frustrated,0.2442,0.4742,0.1698,0.4707
frustrated,0.305,0.4445,0.015,1.5014
frustrated,0.3438,0.4231,0.0688,-5.6839
frustrated,0.3043,0.4251,0.382,7.877
frustrated,0.3641,0.3979,0.6885,5.3841
frustrated,0.3609,0.6994,0.1482,-5.8933
frustrated,0.1629,0.4554,0.0098,0.1616
frustrated,0.3279,0.4164,0.1764,-2.1091
frustrated,0.2977,0.5168,0.5754,-2.8315
frustrated,0.1315,0.4506,0.0512,2.4698
frustrated,0.0995,0.4256,0.331,-1.0772
frustrated,0.2887,0.5193,0.2904,0.7636
frustrated,0.352,0.4508,0.3419,-5.3851
frustrated,0.3379,0.4371,0.3731,-11.7444
frustrated,0.1375,0.4167,0.1499,2.7607
frustrated,0.3717,0.5303,0.2684,0.3988
frustrated,0.0204,0.4255,0.3369,0.1579
frustrated,0.3468,0.5328,0.2099,-18.9216
frustrated,0.019,0.4953,0.186,1.071
frustrated,0.334,0.4985,0.0163,-0.8564
frustrated,0.3514,0.5686,0.7194,-0.8426
frustrated,0.3039,0.5064,0.3213,16.6189
frustrated,0.3242,0.5131,0.3438,-28.7214
frustrated,0.0615,0.4044,0.0733,1.6999
frustrated,0.2641,0.43,0.3401,-9.6264
frustrated,0.3097,0.5127,0.2707,0.878
frustrated,0.224,0.3331,0.4078,7.0287
frustrated,0.1354,0.5183,0.1571,-2.7764
frustrated,0.1427,0.5064,0.0131,-2.1115
frustrated,0.2804,0.408,0.4576,3.6311
frustrated,0.3633,0.3806,0.6094,5.1521
frustrated,0.3996,0.3723,0.3526,-6.8885
frustrated,0.459,0.4521,0.1223,3.646
frustrated,0.2585,0.4627,0.2557,-3.7827
frustrated,0.019,0.4953,0.186,1.071
frustrated,0.2126,0.4964,0.0631,-9.2059
frustrated,0.398,0.4929,0.21,2.7197
frustrated,0.0599,0.4329,0.2893,3.6675
frustrated,0.2827,0.5773,0.36,1.2931
frustrated,0.3617,0.4515,0.1406,-0.647
frustrated,0.2836,0.4262,0.4639,-4.2828
frustrated,0.3044,0.4667,0.2566,14.1762
frustrated,0.222,0.4699,0.4938,27.0876
frustrated,0.3254,0.4253,0.2676,-8.1079
frustrated,0.3326,0.5472,0.1588,2.1633
frustrated,0.1996,0.511,0.4068,-7.489
frustrated,0.3632,0.3593,0.5573,4.8017
frustrated,0.343,0.5716,0.4943,9.4292
frustrated,0.0682,0.4495,0.0625,-5.1264
frustrated,0.234,0.4279,0.1806,1.9791
frustrated,0.2809,0.5509,0.019,-8.9842
frustrated,0.1618,0.4016,0.1089,7.7336
frustrated,0.3373,0.5266,0.2853,-0.0671
frustrated,0.2814,0.4336,0.4318,-4.1265
frustrated,0.2297,0.48,0.1794,0.6646
frustrated,0.3004,0.5129,0.0758,-0.0564
frustrated,0.2941,0.4219,0.2127,0.8603
frustrated,0.1098,0.4333,0.1458,-5.7471
frustrated,0.3322,0.4646,0.0226,0.4504
frustrated,0.0427,0.4284,0.6222,-0.2505
frustrated,0.3433,0.4525,0.1977,-6.7113
frustrated,0.2941,0.4219,0.2127,0.8603
frustrated,0.2652,0.3764,0.1515,-0.903
frustrated,0.1357,0.4312,0.4747,-3.8848
frustrated,0.2014,0.4357,0.1338,-2.8409
frustrated,0.1325,0.4917,0.0752,0.3833
frustrated,0.3174,0.42,0.2951,5.9344
frustrated,0.2355,0.5605,0.3053,-0.3268
frustrated,0.0216,0.5372,0.0056,9.0111
frustrated,0.0239,0.4845,0.0065,11.7976
frustrated,0.2846,0.4241,0.4674,-4.3646
frustrated,0.0551,0.4664,0.0159,-0.8943
frustrated,0.0851,0.5075,0.0223,-5.9621
frustrated,0.2549,0.4458,0.3541,-8.0306
frustrated,0.2323,0.4615,0.3044,-5.5755
frustrated,0.3033,0.4159,0.2527,-0.6598
frustrated,0.0848,0.393,0.0434,-8.518
frustrated,0.3741,0.4872,0.4546,-1.2007
frustrated,0.1042,0.51,0.0115,-1.3363
frustrated,0.2356,0.11,0.152,-57.26
frustrated,0.234,0.4279,0.1806,1.9791
frustrated,0.3717,0.5303,0.2684,0.3988
frustrated,0.2524,0.4515,0.0132,-0.3649
frustrated,0.0522,0.4256,0.4498,-1.4804
frustrated,0.422,0.4663,0.0861,-12.1111
frustrated,0.2207,0.364,0.2817,16.2546
frustrated,0.0862,0.4178,0.1803,1.362
frustrated,0.0834,0.5036,0.0079,-0.142
frustrated,0.2338,0.4033,0.1636,0.2971
frustrated,0.0493,0.4749,0.0109,-34.3685
frustrated,0.3887,0.4836,0.3522,-2.4341
frustrated,0.2476,0.5547,0.0497,1.2294
frustrated,0.0757,0.4338,0.4286,0.0234
frustrated,0.0861,0.4275,0.1604,-4.4084
frustrated,0.1512,0.4907,0.0064,-0.2803
frustrated,0.3356,0.5344,0.2815,0.4318
frustrated,0.2084,0.4028,0.3674,-2.7311
frustrated,0.3633,0.3806,0.6094,5.1521
frustrated,0.0917,0.5467,0.0976,-16.322
frustrated,0.0702,0.4899,0.0275,-0.4833
frustrated,0.2878,0.4695,0.303,10.0011
frustrated,0.1642,0.4807,0.4266,-3.3478
frustrated,0.4174,0.4946,0.2828,-20.6053
frustrated,0.1827,0.4753,0.0919,7.5265
frustrated,0.2916,0.4921,0.3464,25.2659
frustrated,0.1959,0.4035,0.533,5.6119
frustrated,0.3438,0.4231,0.0688,-5.6839
frustrated,0.2536,0.4086,0.0082,4.3304
frustrated,0.1379,0.4206,0.2534,1.4413
frustrated,0.3996,0.3723,0.3526,-6.8885
frustrated,0.2297,0.5126,0.7154,24.9656
frustrated,0.3375,0.3864,0.5085,-8.6029
frustrated,0.1642,0.4807,0.4266,-3.3478
frustrated,0.2846,0.4241,0.4674,-4.3646
frustrated,0.1857,0.5156,0.0767,-14.2767
frustrated,0.3757,0.497,0.3781,17.0204
frustrated,0.0999,0.6057,0.0163,7.4201
frustrated,0.2747,0.3042,0.2618,1.4586
frustrated,0.3662,0.4618,0.4908,-9.1894
frustrated,0.2733,0.3808,0.0622,-1.6888
frustrated,0.1098,0.4333,0.1458,-5.7471
frustrated,0.2279,0.5251,0.1759,-4.9964
frustrated,0.3045,0.4686,0.5725,4.492
frustrated,0.3433,0.4525,0.1977,-6.7113
frustrated,0.2487,0.4644,0.1528,9.6835
frustrated,0.3142,0.4163,0.2784,-5.107
frustrated,0.0842,0.4163,0.1904,-5.8119
frustrated,0.3032,0.3972,0.2063,0.4688
frustrated,0.2547,0.4066,0.3159,7.2031
frustrated,0.146,0.4978,0.3333,-1.3575
frustrated,0.2582,0.4526,0.0111,-3.0891
frustrated,0.259,0.3782,0.4466,-2.7606
frustrated,0.2447,0.4508,0.0115,-1.5957
frustrated,0.135,0.4698,0.2004,-5.2701
frustrated,0.2073,0.4335,0.2622,0.6448
frustrated,0.3465,0.466,0.3421,9.5981
frustrated,0.38,0.6268,0.132,-4.6302
frustrated,0.1622,0.5182,0.1696,-1.8128
frustrated,0.3641,0.3979,0.6885,5.3841
frustrated,0.1291,0.4892,0.122,-15.1218
frustrated,0.272,0.4276,0.2046,-5.0732
frustrated,0.3371,0.4359,0.2344,2.1962
frustrated,0.3158,0.5361,0.0839,0.5518
frustrated,0.3443,0.4388,0.3414,17.3781
frustrated,0.4335,0.4873,0.2201,-12.0276
frustrated,0.3074,0.4733,0.5977,6.9323
frustrated,0.2832,0.499,0.0919,-0.5354
frustrated,0.1318,0.4179,0.3416,4.103
frustrated,0.0273,0.469,0.0055,12.46
frustrated,0.341,0.4816,0.0366,-1.8187
frustrated,0.3119,0.3696,0.014,6.3202
frustrated,0.3057,0.4861,0.0807,-6.2319
frustrated,0.2672,0.448,0.3455,0.8849
frustrated,0.3839,0.4649,0.3175,4.3949
frustrated,0.3391,0.5203,0.4169,2.3324
frustrated,0.1959,0.4035,0.533,5.6119
frustrated,0.2479,0.3998,0.3814,0.601
frustrated,0.1215,0.4268,0.2907,18.8679
frustrated,0.1449,0.5388,0.0194,-1.2339
frustrated,0.3099,0.4553,0.2607,0.0163
frustrated,0.3515,0.5435,0.2188,-9.8752
frustrated,0.2712,0.4478,0.0147,-14.3234
frustrated,0.2359,0.4484,0.2897,-5.6579
frustrated,0.272,0.4276,0.2046,-5.0732
frustrated,0.3304,0.5199,0.0186,-8.6087
frustrated,0.464,0.4297,0.092,3.4455
frustrated,0.1393,0.4172,0.6067,-3.7479
frustrated,0.2425,0.5049,0.3853,-18.3801
frustrated,0.2884,0.5192,0.1758,-1.3556
frustrated,0.0176,0.4125,0.5408,-0.3313
frustrated,0.3768,0.4756,0.0594,9.5378
frustrated,0.4713,0.453,0.139,3.2797
frustrated,0.2205,0.4348,0.1977,0.0851
frustrated,0.3183,0.4582,0.2123,5.4469
frustrated,0.3057,0.4861,0.0807,-6.2319
frustrated,0.1071,0.477,0.043,0.9056
frustrated,0.2816,0.412,0.1424,-1.6841
frustrated,0.3476,0.4286,0.2056,-5.3756
frustrated,0.38,0.6268,0.132,-4.6302
frustrated,0.0433,0.4724,0.1506,7.6534
frustrated,0.0453,0.4041,0.304,-0.7636
frustrated,0.2376,0.4742,0.2006,-4.0532
frustrated,0.2297,0.48,0.1794,0.6646
frustrated,0.3356,0.5421,0.0779,-4.0729
frustrated,0.3433,0.4327,0.1663,4.3511
frustrated,0.0279,0.6088,0.0333,9.4551
frustrated,0.2504,0.5224,0.4053,-18.8699
frustrated,0.3496,0.5929,0.0265,-5.3559
frustrated,0.2937,0.4967,0.0191,-2.1448
frustrated,0.427,0.5488,0.4036,-4.232
frustrated,0.3282,0.4575,0.2781,-7.7394
frustrated,0.2104,0.4857,0.247,0.2104
frustrated,0.3632,0.3593,0.5573,4.8017
frustrated,0.1485,0.4769,0.0314,-1.6628
frustrated,0.1351,0.4475,0.0345,-1.1468
frustrated,0.2561,0.5974,0.0111,13.8822
frustrated,0.0862,0.4178,0.1803,1.362
frustrated,0.1024,0.5325,0.2367,-2.7279
frustrated,0.0551,0.4664,0.0159,-0.8943
frustrated,0.3633,0.3806,0.6094,5.1521
frustrated,0.2118,0.4151,0.4769,8.4856
frustrated,0.2302,0.4857,0.0335,-10.3595
frustrated,0.1948,0.3701,0.472,15.7408
frustrated,0.2347,0.3992,0.0224,3.4516
frustrated,0.0786,0.4317,0.1304,-4.947
frustrated,0.0757,0.4338,0.4286,0.0234
frustrated,0.1377,0.5636,0.1838,-6.4046
frustrated,0.2236,0.3741,0.16,2.6971
frustrated,0.2297,0.48,0.1794,0.6646
frustrated,0.2235,0.3862,0.5073,-2.042
frustrated,0.294,0.4696,0.3341,9.4435
frustrated,0.3015,0.4808,0.2103,-3.0485
frustrated,0.3275,0.4477,0.0072,2.775
frustrated,0.0568,0.4543,0.0211,-4.1645
frustrated,0.1369,0.4859,0.0605,11.3773
frustrated,0.1605,0.4741,0.0059,0.5401
frustrated,0.34,0.4607,0.0146,0.0516
frustrated,0.2638,0.4523,0.1783,5.8523
frustrated,0.3297,0.5724,0.2811,-5.8945
frustrated,0.324,0.4756,0.1126,-6.1098
frustrated,0.1099,0.4515,0.0158,-1.8484
frustrated,0.0426,0.5395,0.1504,-0.5854
frustrated,0.2974,0.5437,0.0088,-6.7891
frustrated,0.2944,0.4235,0.204,-5.1439
frustrated,0.2735,0.5292,0.41,4.901
frustrated,0.0245,0.5357,0.0047,9.021
frustrated,0.2004,0.4733,0.2041,4.0931
frustrated,0.1462,0.4223,0.2282,3.9827
frustrated,0.1297,0.4253,0.277,-0.2941
frustrated,0.4408,0.4528,0.379,-12.6962
frustrated,0.0453,0.466,0.1954,1.5425
frustrated,0.0608,0.4202,0.1737,-1.9043
frustrated,0.2814,0.4336,0.4318,-4.1265
frustrated,0.312,0.4736,0.0242,-0.1584
frustrated,0.056,0.3697,0.01,9.054
frustrated,0.1437,0.4109,0.2254,0.3455
frustrated,0.301,0.6229,0.0218,0.7501
frustrated,0.1209,0.3889,0.3604,-4.8972
frustrated,0.2349,0.3647,0.6413,2.1645
frustrated,0.422,0.4663,0.0861,-12.1111
frustrated,0.0861,0.4275,0.1604,-4.4084
frustrated,0.4251,0.4307,0.3163,-7.4027
frustrated,0.2083,0.358,0.245,0.6733
frustrated,0.292,0.4318,0.2533,-7.0768
frustrated,0.0796,0.4405,0.0749,1.2736
frustrated,0.033,0.4298,0.2493,-0.3025
frustrated,0.0928,0.6519,0.0231,7.6081
frustrated,0.3472,0.1007,0.0671,-95.3719
frustrated,0.2836,0.4262,0.4639,-4.2828
frustrated,0.1862,0.4894,0.4748,6.1254
frustrated,0.342,0.7132,0.0156,11.7126
frustrated,0.1526,0.4303,0.1921,1.7193
frustrated,0.1959,0.4035,0.533,5.6119
frustrated,0.1122,0.4327,0.1505,-13.7179
frustrated,0.0882,0.4319,0.0756,-7.6779
frustrated,0.2338,0.4033,0.1636,0.2971
frustrated,0.117,0.4185,0.2539,4.2152
frustrated,0.3398,0.5789,0.1967,0.051
frustrated,0.052,0.3777,0.0854,-14.0913
frustrated,0.3551,0.5284,0.2153,-9.4365
frustrated,0.2297,0.48,0.1794,0.6646
frustrated,0.2733,0.3468,0.1907,15.2393
frustrated,0.3247,0.4317,0.1728,7.1925
frustrated,0.3551,0.5284,0.2153,-9.4365
frustrated,0.2313,0.4351,0.2462,0.8297
frustrated,0.2554,0.398,0.1534,0.3218
frustrated,0.2944,0.4235,0.204,-5.1439
frustrated,0.2313,0.4351,0.2462,0.8297
frustrated,0.432,0.5706,0.4132,-1.9754
frustrated,0.1585,0.536,0.1841,-2.6432
frustrated,0.3176,0.5078,0.0078,18.627
frustrated,0.0794,0.4665,0.3179,-0.2821
frustrated,0.2618,0.4441,0.1859,-0.2063
frustrated,0.464,0.4297,0.092,3.4455
frustrated,0.2251,0.4578,0.1267,2.1217
frustrated,0.2866,0.4528,0.0289,-8.7959
frustrated,0.2918,0.4028,0.5731,4.0443
frustrated,0.1622,0.4523,0.005,-6.6938
frustrated,0.2814,0.4336,0.4318,-4.1265
frustrated,0.1561,0.4678,0.1023,-0.9192
frustrated,0.3246,0.6075,0.0847,-0.1372
frustrated,0.3799,0.3746,0.62,5.3149
frustrated,0.2281,0.5025,0.4912,25.5989
frustrated,0.0883,0.4084,0.0163,8.9861
frustrated,0.0466,0.4456,0.6515,-0.5787
frustrated,0.4163,0.4826,0.3586,-19.2472
frustrated,0.2682,0.5261,0.3434,5.013
frustrated,0.422,0.4663,0.0861,-12.1111
frustrated,0.2549,0.4458,0.3541,-8.0306
frustrated,0.0206,0.5028,0.2052,1.0264
frustrated,0.3083,0.4175,0.2904,-7.0833
frustrated,0.2283,0.4135,0.0852,-0.6304
frustrated,0.1482,0.3997,0.4158,-6.344
frustrated,0.2132,0.4117,0.5483,8.7337
frustrated,0.2718,0.4511,0.3557,6.5128
frustrated,0.2369,0.4106,0.0128,0.7815
frustrated,0.2812,0.4263,0.6706,6.5132
frustrated,0.1654,0.5168,0.4607,2.9187
frustrated,0.272,0.4276,0.2046,-5.0732
frustrated,0.1421,0.4528,0.0123,-5.4483
frustrated,0.096,0.4069,0.0252,-8.9905
frustrated,0.2721,0.4922,0.3306,5.763
frustrated,0.2436,0.4522,0.0081,-4.0813
frustrated,0.2504,0.5139,0.4975,20.7677
frustrated,0.4289,0.4888,0.2187,-12.2375
frustrated,0.3072,0.5851,0.0096,12.6533
frustrated,0.33,0.4724,0.1613,19.1543
frustrated,0.309,0.414,0.0954,3.3176
frustrated,0.397,0.4382,0.1566,-9.0802
frustrated,0.1966,0.5244,0.0044,-4.4708
frustrated,0.2425,0.3856,0.2128,1.7694
frustrated,0.2765,0.4003,0.0765,3.6884
confused,0.4234,0.5587,0.3373,-10.6819
confused,0.3554,0.6592,0.0068,-2.15
confused,0.3671,0.4142,0.0477,-5.891
confused,0.0988,0.612,0.0154,1.9647
confused,0.3726,0.3986,0.1093,3.4301
confused,0.4444,0.4845,0.1905,0.4684
confused,0.397,0.3106,0.4254,-1.6944
confused,0.2571,0.5881,0.1843,-12.8647
confused,0.4295,0.5292,0.027,-6.5187
confused,0.277,0.4562,0.0047,11.7047
confused,0.4497,0.5099,0.2733,-1.099
confused,0.0565,0.4905,0.0339,-1.3815
confused,0.4622,0.5086,0.0121,-2.972
confused,0.4582,0.5036,0.601,0.0358
confused,0.2804,0.3853,0.0398,-11.7448
confused,0.1081,0.444,0.1509,11.7278
confused,0.42,0.526,0.0679,-8.7241
confused,0.4364,0.5207,0.0464,-4.5983
confused,0.1544,0.4712,0.1636,7.3369
confused,0.1496,0.2856,0.2283,-0.6717
confused,0.0891,0.4216,0.3208,4.3359
confused,0.3614,0.4433,0.7422,0.187
confused,0.1733,0.4484,0.3788,-3.0553
confused,0.2901,0.478,0.0047,-13.1072
confused,0.3392,0.5505,0.0934,-5.629
confused,0.2049,0.4177,0.5878,-18.1473
confused,0.3316,0.3175,0.6252,2.6102
confused,0.3241,0.3275,0.3042,4.5035
confused,0.3401,0.3629,0.8469,0.237
confused,0.4395,0.2806,0.0549,1.4131
confused,0.1296,0.4195,0.0157,4.2773
confused,0.3567,0.4591,0.53,-1.2312
confused,0.3143,0.4125,0.2776,-0.95
confused,0.3774,0.6801,0.0015,-20.3726
confused,0.0243,0.4178,0.4953,-4.0742
confused,0.0652,0.4369,0.0167,-6.0685
confused,0.0844,0.5186,0.5523,-16.9661
confused,0.3543,0.4929,0.0231,55.4484
confused,0.3368,0.4985,0.0267,-2.5875
confused,0.3681,0.4298,0.0151,2.3349
confused,0.159,0.445,0.6978,19.7643
confused,0.4275,0.5548,0.1959,-4.8694
confused,0.3885,0.3755,0.6327,-0.1192
confused,0.4651,0.4406,0.187,-1.1142
confused,0.2898,0.5424,0.0247,-7.4939
confused,0.1813,0.4134,0.066,-4.331
confused,0.2588,0.6277,0.0078,0.7075
confused,0.3607,0.3701,0.4691,-1.7642
confused,0.4384,0.4558,0.1622,19.8818
confused,0.3077,0.4924,0.007,-0.8991
confused,0.3925,0.4965,0.2468,4.9314
confused,0.0382,0.5971,0.0098,11.7603
confused,0.2733,0.4225,0.0361,47.0433
confused,0.3704,0.4833,0.4789,-5.0784
confused,0.1734,0.3831,0.7042,14.5174
confused,0.4417,0.5528,0.0065,2.468
confused,0.3542,0.4883,0.078,0.6197
confused,0.2995,0.4812,0.1282,1.306
confused,0.633,0.4362,0.0283,0.7767
confused,0.3024,0.3992,0.4691,-0.4406
confused,0.3322,0.44,0.0311,-15.3638
confused,0.2933,0.4577,0.0175,1.5996
confused,0.1914,0.4453,0.0087,-9.5864
confused,0.3237,0.6139,0.1264,0.4046
confused,0.2079,0.5592,0.0303,-14.6749
confused,0.0605,0.3903,0.5681,3.3614
confused,0.3582,0.4311,0.0775,-2.7908
confused,0.4314,0.3506,0.7278,-0.6174
confused,0.3894,0.4302,0.0153,0.8638
confused,0.246,0.3852,0.7449,-1.0755
confused,0.2733,0.4728,0.1498,1.5564
confused,0.3267,0.5305,0.2043,-5.8633
confused,0.4202,0.5164,0.4569,-0.2027
confused,0.4188,0.3834,0.4453,-36.4221
confused,0.4114,0.6421,0.1376,-19.9373
confused,0.4359,0.6287,0.0345,24.5372
confused,0.3448,0.4055,0.2728,-1.5837
confused,0.2671,0.4142,0.1654,4.4568
confused,0.0349,0.4826,0.005,-0.8018
confused,0.3688,0.2818,0.2771,-2.5641
confused,0.4088,0.4686,0.407,-1.4242
confused,0.2611,0.4384,0.3318,-2.4963
confused,0.3813,0.5016,0.1243,-4.4932
confused,0.3511,0.3486,0.1129,-6.6873
confused,0.3885,0.3438,0.1721,-3.2908
confused,0.288,0.3907,0.0806,4.3882
confused,0.3456,0.4424,0.389,1.7941
confused,0.4122,0.5845,0.0376,-1.8601
confused,0.4222,0.4096,0.0354,-1.4277
confused,0.3553,0.4154,0.1174,2.7439
confused,0.3189,0.4445,0.0162,-3.2116
confused,0.4891,0.4113,0.1144,0.1082
confused,0.4061,0.5525,0.018,5.7999
confused,0.1453,0.4996,0.0123,-3.879
confused,0.1002,0.63,0.0215,10.0981
confused,0.056,0.5402,0.0042,23.2849
confused,0.3913,0.4373,0.4766,1.6409
confused,0.4471,0.4746,0.0255,-0.1096
confused,0.4591,0.4245,1.0382,-1.2725
confused,0.3307,0.6306,0.0781,-6.1251
confused,0.1423,0.3328,0.1479,-8.8209
confused,0.417,0.4713,0.3363,6.7106
confused,0.4558,0.5628,0.0097,0.1208
confused,0.466,0.407,0.2921,1.8793
confused,0.3006,0.3019,0.5354,-4.3331
confused,0.3986,0.6235,0.005,0.4361
confused,0.3119,0.4016,0.0669,9.3862
confused,0.3562,0.5223,0.1485,0.7158
confused,0.0184,0.3904,0.776,5.3986
confused,0.4144,0.4071,0.1392,2.8977
confused,0.3419,0.4486,0.6951,-15.0058
confused,0.3229,0.4723,0.1602,-1.4652
confused,0.3564,0.3884,0.269,-1.2469
confused,0.0709,0.5327,0.6381,17.0707
confused,0.3969,0.5092,0.1458,8.5087
confused,0.343,0.5646,0.3376,3.101
confused,0.4823,0.5928,0.0107,-1.4439
confused,0.3817,0.4917,0.3255,-0.9468
confused,0.3706,0.3882,0.0315,-3.7489
confused,0.309,0.5216,0.0054,0.0638
confused,0.3151,0.3489,0.2785,-9.5516
confused,0.3696,0.4432,0.0219,-2.3421
confused,0.3782,0.3441,0.3987,-17.1853
confused,0.3419,0.4056,0.7217,-11.2886
confused,0.4282,0.3855,0.2925,-2.6437
confused,0.3582,0.6213,0.0394,2.5009
confused,0.0484,0.3855,0.5801,3.1517
confused,0.4034,0.4832,0.2678,-8.5751
confused,0.3354,0.4196,0.27,1.0408
confused,0.4029,0.4519,0.0163,0.8942
confused,0.3475,0.4284,0.1949,2.0347
confused,0.0885,0.3073,0.5137,28.5197
confused,0.4326,0.4896,0.1754,-5.913
confused,0.0166,0.4061,0.6336,-0.5331
confused,0.432,0.4926,0.0112,-11.1309
confused,0.3827,0.454,0.0639,-6.0911
confused,0.4422,0.2782,0.5144,-11.63
confused,0.3871,0.3779,0.2144,9.8152
confused,0.3109,0.3877,0.0316,-0.2635
confused,0.2589,0.3556,0.7758,2.9719
confused,0.2487,0.4136,0.1689,-2.8352
confused,0.3019,0.5782,0.0132,2.3557
confused,0.2538,0.5685,0.384,4.9106
confused,0.376,0.3754,0.0166,18.0295
confused,0.369,0.4764,0.1362,-2.5825
confused,0.4436,0.4999,0.0973,1.1319
confused,0.1577,0.3408,0.3191,11.2882
confused,0.3516,0.5321,0.0783,4.3801
confused,0.2402,0.4766,0.0273,-0.9449
confused,0.2402,0.4338,0.0612,-15.1516
confused,0.164,0.5387,0.0031,14.2657
confused,0.2779,0.3247,0.1972,4.4309
confused,0.285,0.5628,0.0694,2.715
confused,0.3583,0.4703,0.3349,-13.1205
confused,0.0621,0.4464,0.2459,-5.9266
confused,0.128,0.5081,0.0089,-2.0074
confused,0.208,0.5581,0.0103,-12.3918
confused,0.3997,0.5036,0.2933,-0.3741
confused,0.3109,0.4717,0.0899,2.0746
confused,0.1242,0.4784,0.5701,-16.8856
confused,0.0597,0.5191,0.0406,12.7811
confused,0.1736,0.4999,0.031,0.3182
confused,0.2588,0.4642,0.1634,-28.8307
confused,0.3559,0.3302,0.3976,1.1166
confused,0.4565,0.3987,0.1283,2.6301
confused,0.208,0.453,0.2269,-0.5451
confused,0.0914,0.4604,0.0535,-5.1746
confused,0.4239,0.3106,0.0278,-9.5802
confused,0.3211,0.5549,0.0217,-5.1452
confused,0.139,0.4517,0.1661,-6.6295
confused,0.3411,0.3676,0.2197,-35.8983
confused,0.3932,0.4071,0.477,5.1087
confused,0.2889,0.5997,0.0275,-4.8937
confused,0.4668,0.4429,0.3237,0.7855
confused,0.2493,0.4396,0.021,4.1995
confused,0.2931,0.3625,0.1204,-2.1846
confused,0.198,0.3849,0.558,13.9398
confused,0.0383,0.5384,0.0135,-3.7807
confused,0.3629,0.4833,0.0789,-2.0839
confused,0.0492,0.5468,0.0181,0.81
confused,0.2405,0.4276,0.0033,1.114
confused,0.4063,0.4565,0.3966,-6.22
confused,0.2289,0.4515,0.0438,-14.7544
confused,0.0893,0.5551,0.0084,-0.9815
confused,0.2524,0.3965,0.6297,-11.1528
confused,0.4216,0.4181,0.2631,-4.9918
confused,0.4272,0.5215,0.0225,-5.4288
confused,0.0337,0.5199,0.2387,21.0442
confused,0.3478,0.3126,0.6185,7.0239
confused,0.3002,0.4303,0.12,2.5142
confused,0.0805,0.4062,0.0149,7.4713
confused,0.2274,0.3559,0.546,24.6787
confused,0.3603,0.4531,0.3729,0.25
confused,0.3581,0.4805,0.0878,1.6323
confused,0.3693,0.3269,0.0753,1.3532
confused,0.3183,0.4461,0.4896,-1.9325
confused,0.3585,0.3629,0.2041,9.489
confused,0.29,0.4263,0.0272,0.424
confused,0.3454,0.4894,0.0486,-3.1133
confused,0.0783,0.4571,0.4749,14.0776
confused,0.3336,0.5881,0.0023,-4.2594
confused,0.3513,0.4733,0.327,-2.0287
confused,0.4462,0.559,0.1178,-0.4477
confused,0.3217,0.4037,0.2914,-9.3846
confused,0.0242,0.4943,0.0045,9.3184
confused,0.3182,0.4358,0.6775,4.0142
confused,0.1532,0.3327,0.359,-6.6661
confused,0.3354,0.4196,0.27,1.0408
confused,0.425,0.4437,0.0844,7.0502
confused,0.3202,0.4676,0.5114,-5.2237
confused,0.237,0.3854,0.18,3.7136
confused,0.3027,0.4917,0.0659,0.067
confused,0.3231,0.4883,0.0552,0.0145
confused,0.4501,0.4097,0.3419,6.1283
confused,0.3973,0.4123,0.0224,-2.7572
confused,0.3416,0.4884,0.6289,-2.4652
confused,0.3986,0.4731,0.0164,2.3451
confused,0.4744,0.4619,0.0957,1.2334
confused,0.4583,0.4691,0.2899,4.0809
confused,0.387,0.5411,0.2637,-5.0123
confused,0.2635,0.304,0.1546,6.5062
confused,0.3229,0.4242,0.3513,2.9971
confused,0.2011,0.4645,0.3789,-0.9649
confused,0.0433,0.5175,0.2206,-1.4535
confused,0.4275,0.5186,0.223,-6.1536
confused,0.2796,0.3796,0.4959,15.0311
confused,0.4251,0.3674,0.0478,-0.3221
confused,0.3787,0.3985,0.2569,-0.7644
confused,0.4533,0.5376,0.2478,-10.3903
confused,0.394,0.3319,0.032,-2.7729
confused,0.4013,0.513,0.0046,-2.7596
confused,0.2358,0.447,0.0703,8.181
confused,0.3994,0.4454,0.1467,-9.5929
confused,0.2854,0.502,0.0332,17.82
confused,0.2223,0.4231,0.1695,27.9702
confused,0.0798,0.3108,0.0315,-33.0869
confused,0.069,0.4447,0.1027,-18.3222
confused,0.3337,0.4222,0.3242,11.6374
confused,0.2978,0.4131,0.2846,-18.3181
confused,0.3107,0.4971,0.0459,-6.7125
confused,0.3079,0.4526,0.0089,-37.2162
confused,0.3927,0.4202,0.5759,-2.0583
confused,0.1119,0.5978,0.0138,-2.1253
confused,0.3041,0.2847,0.5113,-4.5559
confused,0.0198,0.429,0.6179,1.4775
confused,0.1007,0.3473,0.4861,-8.1751
confused,0.4055,0.5325,0.3099,-1.7166
confused,0.1521,0.4053,0.0046,26.9969
confused,0.3629,0.4833,0.0789,-2.0839
confused,0.3423,0.4448,0.244,6.0712
confused,0.2781,0.3441,0.0142,35.8787
confused,0.2563,0.4506,0.3381,-8.4089
confused,0.3265,0.4517,0.0285,6.4708
confused,0.0276,0.516,0.1067,-5.8055
confused,0.0839,0.3793,0.1097,13.5129
confused,0.3553,0.5364,0.0812,-7.3052
confused,0.2913,0.4784,0.0088,-5.4045
confused,0.2279,0.4326,0.0553,8.1208
confused,0.2129,0.5017,0.074,2.739
confused,0.1788,0.3409,0.0374,-11.7798
confused,0.2584,0.5103,0.5029,-0.339
confused,0.5434,0.2941,0.4082,1.346
confused,0.0532,0.4874,0.3128,1.4517
confused,0.3058,0.4775,0.0308,7.5027
confused,0.0753,0.4479,0.0218,2.1942
confused,0.4219,0.43,0.0292,-6.2876
confused,0.2932,0.5568,0.0079,14.0956
confused,0.326,0.544,0.0367,6.1816
confused,0.2453,0.3043,0.1477,-30.7484
confused,0.276,0.3221,0.393,-12.5041
confused,0.3738,0.54,0.0231,10.0821
confused,0.3913,0.4008,0.145,2.0927
confused,0.1041,0.5616,0.2784,-0.7452
confused,0.3406,0.43,0.0182,-10.3544
confused,0.3701,0.6343,0.1433,-1.8398
confused,0.3478,0.4312,0.0431,-10.8741
confused,0.2176,0.444,0.0101,-0.1337
confused,0.0904,0.3119,0.0134,28.27
confused,0.3569,0.1374,0.0561,-32.6397
confused,0.3771,0.4152,0.3351,-3.5368
confused,0.3651,0.5338,0.2353,-11.4778
confused,0.4191,0.4457,0.4036,-0.3491
confused,0.4199,0.3754,0.0037,17.1727
confused,0.416,0.4627,0.491,-6.2152
confused,0.3376,0.4721,0.1479,7.6185
confused,0.3128,0.601,0.0279,-7.8281
confused,0.2922,0.4577,0.0216,-3.0548
confused,0.3151,0.2954,0.3641,17.8641
confused,0.373,0.5821,0.0303,-1.4593
confused,0.229,0.3901,0.0033,3.3549
confused,0.3559,0.4699,0.6815,-1.1514
confused,0.3674,0.4395,0.1493,-5.8252
confused,0.4142,0.3516,0.0477,-12.1722
confused,0.4083,0.4917,0.2492,-3.8109
confused,0.4077,0.427,0.348,0.5293
confused,0.3863,0.3647,0.0864,12.3367
confused,0.4175,0.3347,0.4663,-9.1323
confused,0.4022,0.552,0.14,-1.2737
confused,0.389,0.3833,0.0254,-1.5315
confused,0.4522,0.3748,0.1746,-1.8258
confused,0.3991,0.5096,0.0083,25.8788
confused,0.3856,0.4697,0.4127,-5.763
confused,0.2297,0.5346,0.1018,39.0048
confused,0.2416,0.4183,0.0084,-7.1817
confused,0.2088,0.4771,0.0254,4.2119
confused,0.3457,0.3761,0.2496,-2.557
confused,0.1105,0.4024,0.3377,7.8314
confused,0.4562,0.3614,0.4964,-9.6363
confused,0.3816,0.3379,0.6411,10.3851
confused,0.2728,0.5795,0.0335,-3.0244
confused,0.1194,0.4952,0.0355,-8.7918
confused,0.4582,0.4538,0.4029,-1.3304
confused,0.4078,0.4544,0.2282,0.748
confused,0.2234,0.6266,0.0274,23.7082
confused,0.2816,0.5832,0.1796,-21.3712
confused,0.4688,0.5153,0.2227,1.0774
confused,0.3141,0.4788,0.0359,-8.7876
confused,0.4331,0.4922,0.2072,5.3198
confused,0.2185,0.4296,0.0586,-13.2415
confused,0.349,0.3938,0.0702,10.0181
confused,0.0885,0.3789,0.4245,-5.8616
confused,0.2117,0.4321,0.0681,-6.9822
confused,0.1048,0.2627,0.1366,-27.6705
confused,0.2964,0.4574,0.1824,-15.9332
confused,0.4026,0.4757,0.0363,6.0498
confused,0.2905,0.5875,0.1773,24.0008
confused,0.37,0.3956,0.4891,-16.9609
confused,0.245,0.4017,0.0074,3.2014
confused,0.1115,0.3521,0.6392,-0.535
confused,0.4246,0.4921,0.0959,-5.0385
confused,0.1057,0.5128,0.0044,-0.2526
confused,0.3328,0.4883,0.0027,-1.8023
confused,0.351,0.3791,0.1042,-3.0243
confused,0.4001,0.4915,0.2258,-16.9117
confused,0.3208,0.6035,0.0177,-1.918
confused,0.2528,0.4346,0.2805,0.6126
confused,0.1962,0.2159,0.0058,29.5867
confused,0.3937,0.4653,0.1078,-13.8535
confused,0.3962,0.5659,0.0435,0.4906
confused,0.422,0.4323,0.008,10.287
confused,0.3286,0.5434,0.472,16.2714
confused,0.3388,0.5289,0.0093,2.0598
confused,0.3486,0.4717,0.0293,-4.6109
confused,0.3486,0.4841,0.0723,-2.3146
confused,0.2576,0.4393,0.0237,1.6581
confused,0.0523,0.4667,0.0199,-4.1771
confused,0.3372,0.4634,0.0134,16.3811
confused,0.4479,0.6391,0.0034,-0.9974
confused,0.2919,0.5302,0.0247,-3.6137
confused,0.4885,0.6119,0.0072,-1.7529
confused,0.1552,0.2998,0.7548,3.7948
confused,0.3435,0.3988,0.326,5.8442
confused,0.4287,0.4903,0.0326,-3.1984
confused,0.3002,0.5302,0.033,-8.4308
confused,0.3487,0.4198,0.0321,4.8
confused,0.4736,0.4763,0.0101,-19.6131
confused,0.3746,0.5551,0.1709,9.0547
confused,0.3886,0.5301,0.3811,6.648
confused,0.3962,0.5214,0.0581,-2.4932
confused,0.291,0.3939,0.5128,-13.2047
confused,0.3347,0.4137,0.129,1.1851
confused,0.2882,0.4817,0.1666,-14.5344
confused,0.3862,0.4116,0.0102,3.6921
confused,0.159,0.2476,0.0216,-41.0172
confused,0.2675,0.4758,0.1406,-18.4728
confused,0.2461,0.4206,0.3753,7.555
confused,0.4917,0.471,0.3791,-1.1772
confused,0.3771,0.4078,0.0144,2.3831
confused,0.2089,0.3272,0.5167,2.6681
confused,0.4021,0.4145,0.2324,0.2523
confused,0.3246,0.4141,0.3702,1.873
confused,0.3852,0.5216,0.0137,-6.6898
confused,0.3495,0.2791,0.6162,1.5274
confused,0.3549,0.4683,0.2687,-0.323
confused,0.3352,0.2927,0.1291,8.6218
confused,0.3082,0.366,0.0267,4.478
confused,0.3301,0.3985,0.2596,-8.5713
confused,0.0601,0.4371,0.0389,31.7306
confused,0.3396,0.4923,0.008,12.7656
confused,0.1271,0.4445,0.5373,1.2033
confused,0.3174,0.476,0.0437,3.7026
confused,0.2142,0.2929,0.4938,-15.5274
confused,0.396,0.4343,0.0118,-4.3771
confused,0.387,0.4564,0.129,-1.5099
confused,0.0748,0.4498,0.2053,-11.5491
confused,0.3427,0.5748,0.0882,30.1486
confused,0.2673,0.3455,0.3306,-16.1074
confused,0.3282,0.4229,0.5534,5.9888
confused,0.3576,0.4752,0.0539,5.2899
confused,0.3519,0.4554,0.5884,0.2433
confused,0.3913,0.361,0.0311,-4.4574
confused,0.2918,0.4518,0.6195,1.699
confused,0.3152,0.3815,0.2405,2.0043
confused,0.0962,0.3995,0.0112,29.6239
confused,0.0339,0.5129,0.0311,-2.9607
confused,0.0233,0.4477,0.5144,4.1794
confused,0.317,0.5345,0.0586,-9.608
confused,0.4328,0.4508,0.7147,-1.8771
confused,0.0868,0.2709,0.6426,-7.8057
confused,0.2435,0.2836,0.0591,15.3149
confused,0.416,0.3967,0.1172,3.0553
confused,0.4383,0.601,0.0666,4.274
confused,0.3758,0.3964,0.2686,7.9349
confused,0.4426,0.3342,0.0472,-10.9275
confused,0.4133,0.403,0.5839,5.8228
confused,0.242,0.4643,0.1472,0.6747
confused,0.4582,0.5172,0.2547,-1.3615
confused,0.2828,0.4221,0.018,20.8473
confused,0.3462,0.368,0.7153,-4.0342
confused,0.3723,0.4404,0.0622,14.8809
confused,0.3304,0.478,0.0165,-2.4367
confused,0.4074,0.6305,0.0058,16.4988
confused,0.1298,0.4096,0.259,0.0437
confused,0.4172,0.3003,0.0686,-3.3313
confused,0.2661,0.3761,0.1977,17.5371
confused,0.3571,0.6211,0.0087,-19.8634
confused,0.3721,0.5506,0.2177,-2.6731
confused,0.4196,0.4437,0.0578,3.0895
confused,0.4464,0.5492,0.0369,0.4721
confused,0.3925,0.5629,0.1359,-24.1332
confused,0.4285,0.4783,0.2904,3.8813
confused,0.4003,0.3324,0.9538,0.8494
confused,0.2115,0.3208,0.0453,5.7145
confused,0.3664,0.3218,0.807,-2.2863
confused,0.0204,0.4535,0.1039,18.2013
confused,0.4691,0.4441,0.1832,0.5623
confused,0.1575,0.4547,0.7812,-0.2842
confused,0.2284,0.4536,0.0171,5.6036
confused,0.0889,0.3564,0.9746,-20.4267
confused,0.2513,0.312,0.0612,-2.6517
confused,0.3794,0.5202,0.2314,-10.7956
confused,0.2412,0.5096,0.0032,35.5204
confused,0.3909,0.3956,0.3671,1.5701
confused,0.4309,0.4597,0.0383,-4.0514
confused,0.0661,0.368,0.5718,0.7589
confused,0.3396,0.4725,0.0073,13.0313
confused,0.3765,0.4402,0.0281,-2.8688
confused,0.3035,0.4158,0.5601,2.1788
confused,0.3041,0.4508,0.0074,40.514
confused,0.4144,0.4877,0.4003,1.4409
confused,0.3778,0.5036,0.0201,-0.8592
confused,0.0791,0.3621,0.0918,-13.3036
confused,0.307,0.4526,0.0262,11.2168
confused,0.4523,0.4853,0.3824,-1.3989
confused,0.4084,0.6029,0.0294,-1.4892
confused,0.2829,0.3462,0.2632,12.0949
confused,0.2958,0.3666,0.0077,5.5064
confused,0.1693,0.3619,0.5705,6.2925
confused,0.1373,0.3922,0.1782,-3.5911
confused,0.4164,0.429,0.4562,0.2989
confused,0.0944,0.497,0.2222,-5.6322
confused,0.4142,0.363,0.3819,-1.8664
confused,0.2908,0.4255,0.007,-0.3265
confused,0.4725,0.4755,0.0834,-1.778
confused,0.2294,0.4469,0.5717,-0.039
confused,0.3674,0.4857,0.1952,3.8031
confused,0.3554,0.3896,0.5045,-1.9016
confused,0.4688,0.5153,0.2227,1.0774
confused,0.3601,0.4863,0.3457,10.6479
confused,0.1185,0.4892,0.5474,-16.4725
confused,0.3856,0.4314,0.1133,12.86
confused,0.3742,0.4869,0.0075,-3.3786
confused,0.3587,0.4379,0.3201,-4.9734
confused,0.1597,0.3376,0.1978,1.6023
confused,0.4872,0.6434,0.0492,-11.1002
confused,0.3983,0.5716,0.3786,9.7624
confused,0.2263,0.3526,0.7024,-9.844
confused,0.3313,0.4635,0.0046,-0.0302
confused,0.4982,0.4317,0.0857,-4.3923
confused,0.4124,0.6,0.0108,9.9423
confused,0.0352,0.4952,0.0821,-6.342
confused,0.4,0.4415,0.7671,1.1486
confused,0.3219,0.4344,0.2357,-0.6946
confused,0.3608,0.4165,0.2915,-1.9835
confused,0.3077,0.4259,0.0093,2.8272
confused,0.3863,0.4837,0.2369,-0.6236
confused,0.2796,0.4737,0.018,3.8012
confused,0.2749,0.4704,0.0737,-1.3502
confused,0.3428,0.3859,0.0108,4.4098
confused,0.4035,0.4628,0.0835,4.9385
confused,0.3381,0.4085,0.033,0.7798
confused,0.398,0.5931,0.3106,-7.7876
confused,0.2293,0.4583,0.0561,5.1067
confused,0.376,0.4079,0.1777,-7.2853
confused,0.4029,0.4612,0.2989,29.8509
confused,0.3004,0.4399,0.5366,-4.3229
confused,0.3938,0.3866,0.1643,14.1732
confused,0.4221,0.5687,0.0261,-15.0151
confused,0.4166,0.5737,0.1719,-3.6468
confused,0.3651,0.487,0.277,-5.3862
confused,0.3484,0.3943,0.3254,-5.5972
confused,0.2111,0.4656,0.4878,0.3469
confused,0.3536,0.4749,0.0406,5.3143
confused,0.308,0.5099,0.0109,7.6709
confused,0.1277,0.5591,0.0506,-9.9892
confused,0.4163,0.3464,0.1396,-1.7075
confused,0.4012,0.4196,0.7504,-12.3194
confused,0.4444,0.4783,0.1785,1.1751
confused,0.1901,0.5263,0.0552,-5.786
confused,0.3053,0.5618,0.0216,-1.4519
confused,0.2632,0.341,0.4952,-14.1011
confused,0.3869,0.4336,0.2696,-2.1554
confused,0.3521,0.3377,0.5214,-5.4733
confused,0.3667,0.4977,0.0738,-2.1103
confused,0.3633,0.5695,0.0038,0.0164
confused,0.3935,0.4318,0.0162,2.5915
confused,0.4677,0.4142,0.0139,-4.4687
confused,0.0649,0.4464,0.1952,-9.0417
confused,0.2405,0.4276,0.0033,1.114
confused,0.3321,0.5098,0.0192,-2.6639
confused,0.4192,0.4426,0.0192,-0.2404
confused,0.2809,0.4551,0.0151,-22.0242
confused,0.3868,0.552,0.1718,-0.2506
confused,0.2744,0.4085,0.0025,-3.1449
confused,0.4403,0.401,0.4336,5.441
confused,0.4098,0.6398,0.2855,8.5509
confused,0.3767,0.5809,0.0118,0.2841
confused,0.1895,0.3777,0.307,4.5014
confused,0.2825,0.3799,0.2818,-2.6214
confused,0.4247,0.5357,0.1821,-10.0978
confused,0.3205,0.4363,0.0137,-0.2723
confused,0.4624,0.4061,0.3946,-7.6359
confused,0.427,0.4469,0.0604,0.3025
confused,0.2603,0.4302,0.0118,0.4498
confused,0.2416,0.4833,0.212,5.5032
confused,0.4726,0.5135,0.1816,2.3155
confused,0.3906,0.477,0.1049,1.2608
confused,0.4954,0.3743,0.1954,-10.8446
confused,0.4298,0.3475,0.38,-5.1396
confused,0.3172,0.4702,0.3201,4.3191
confused,0.4459,0.6208,0.5946,-3.2884
confused,0.3441,0.5313,0.2022,3.7069
confused,0.4992,0.5061,0.3662,5.5041
confused,0.3877,0.4966,0.2614,-1.644
confused,0.3125,0.4067,0.0091,3.2063
confused,0.3585,0.4492,0.1836,-2.496
confused,0.3397,0.3841,0.2403,-0.6114
confused,0.2981,0.399,0.1647,-0.3448
confused,0.42,0.4593,0.0086,-5.4801
confused,0.4459,0.6208,0.5946,-3.2884
confused,0.3253,0.4468,0.5786,6.2964
confused,0.2944,0.407,0.425,-1.4158
confused,0.4722,0.4263,0.0486,-3.503
confused,0.3795,0.4531,0.17,6.0103
confused,0.1557,0.4152,0.0107,-5.5575
confused,0.4172,0.3003,0.0686,-3.3313
confused,0.3543,0.5027,0.1241,5.2193
confused,0.3633,0.3806,0.6094,5.1521
confused,0.3447,0.4699,0.0144,-0.1842
confused,0.2008,0.3687,0.1181,9.6869
confused,0.3989,0.5974,0.5547,2.9287
confused,0.4264,0.4791,0.1825,-0.5899
confused,0.1254,0.6041,0.006,-4.6813
confused,0.3163,0.4451,0.0253,-2.6642
confused,0.0619,0.4243,0.3759,0.9162
confused,0.2868,0.4512,0.0148,-11.8256
confused,0.3627,0.5373,0.1928,-4.5653
confused,0.2235,0.5243,0.0084,0.7625
confused,0.4252,0.4486,0.4141,-0.9708
confused,0.3425,0.4662,0.2958,1.5433
confused,0.4171,0.5703,0.7456,9.6912
confused,0.2611,0.4811,0.0107,18.0157
confused,0.3022,0.5458,0.0887,-3.5471
confused,0.3778,0.5284,0.0428,31.3269
confused,0.1402,0.4437,0.0054,-12.0643
confused,0.0861,0.4285,0.0433,3.7014
confused,0.4423,0.3921,0.0344,1.8279
confused,0.2595,0.4183,0.105,1.996
confused,0.4083,0.6872,0.0152,-15.3462
confused,0.3521,0.3377,0.5214,-5.4733
confused,0.4079,0.4574,0.4926,2.4549
confused,0.3486,0.3331,0.3104,1.518
confused,0.3388,0.4182,0.4749,-4.1564
confused,0.3744,0.4333,0.4457,-3.5019
confused,0.1826,0.397,0.0915,-24.3132
confused,0.3593,0.4701,0.3252,50.5672
confused,0.3047,0.4947,0.0005,0.2082
confused,0.2261,0.4396,0.0017,-8.7313
confused,0.2805,0.4747,0.231,-15.8339
confused,0.2257,0.4627,0.0451,15.139
confused,0.317,0.4234,0.4354,2.9293
confused,0.4338,0.4536,0.0381,-1.9325
confused,0.0212,0.432,0.0734,0.1123
confused,0.3173,0.5187,0.0291,-4.2904
confused,0.2501,0.4291,0.0118,-3.495
confused,0.4294,0.4436,0.5678,13.9883
confused,0.3882,0.5616,0.0965,6.8808
confused,0.2146,0.4354,0.0189,-4.091
confused,0.4164,0.476,0.007,-6.8968
confused,0.3597,0.5242,0.1662,6.2794
confused,0.2902,0.3978,0.3611,-0.3503
confused,0.4387,0.4146,0.5807,4.9311
confused,0.3159,0.3232,0.1723,0.9224
confused,0.4002,0.4907,0.0093,6.4582
confused,0.3291,0.3824,0.8069,-0.205
confused,0.2994,0.442,0.0771,2.7952
confused,0.3017,0.4284,0.0144,-3.6935
confused,0.2241,0.3231,0.0118,36.0638
confused,0.3846,0.2933,0.3055,-12.1533
confused,0.3808,0.4031,0.1373,0.6548
confused,0.1552,0.4484,0.089,-5.1486
confused,0.2568,0.4895,0.0222,5.2486
confused,0.4495,0.5521,0.0032,1.6529
confused,0.3525,0.4776,0.1921,5.0618
confused,0.2944,0.407,0.425,-1.4158
confused,0.1596,0.4128,0.0138,6.2976
confused,0.4656,0.5001,0.0333,15.1237
confused,0.0516,0.5128,0.1119,5.7242
confused,0.0681,0.5475,0.002,2.8791
confused,0.2567,0.583,0.5525,-18.143
confused,0.2532,0.5077,0.0123,4.8779
confused,0.2423,0.4751,0.1032,1.0256
confused,0.3954,0.4361,0.5209,5.469
confused,0.2425,0.3994,0.154,1.706
confused,0.3054,0.5251,0.0087,5.3432
confused,0.5641,0.3312,0.011,-25.4656
confused,0.2201,0.319,0.1182,13.9696
confused,0.2722,0.4531,0.2937,-28.5171
confused,0.0444,0.4382,0.0171,-4.9867
confused,0.1817,0.4499,0.3698,7.7031
confused,0.26,0.5386,0.3377,-1.8207
confused,0.3755,0.4084,0.1291,10.2244
confused,0.2367,0.4081,0.0082,6.6697
confused,0.3448,0.6276,0.0518,2.415
confused,0.444,0.4206,0.2435,9.3063
confused,0.3968,0.3952,0.3977,-11.6681
confused,0.4462,0.564,0.0672,-5.1938
confused,0.3745,0.5135,0.0073,-6.5524
confused,0.4106,0.402,0.1378,-5.2939
confused,0.1699,0.5306,0.0404,4.6236
confused,0.2773,0.3485,0.0525,1.1396
confused,0.3473,0.4234,0.7158,-14.7611
confused,0.0622,0.4484,0.0232,14.2775
confused,0.3034,0.4003,0.0443,-1.9539
confused,0.4183,0.3555,0.0518,-3.7069
confused,0.2438,0.3898,0.6556,2.9251
confused,0.3778,0.5197,0.0024,-0.9245
confused,0.2841,0.4326,0.0401,-3.7469
confused,0.3441,0.5069,0.0086,-9.9076
confused,0.1337,0.5313,0.0703,36.7488
confused,0.0326,0.434,0.2819,1.036
confused,0.427,0.4445,0.0244,-3.0899
confused,0.3688,0.4301,0.052,0.4203
confused,0.2209,0.446,0.0202,-18.1637
confused,0.0485,0.4473,0.1745,0.5885
confused,0.1368,0.411,0.0555,2.2616
confused,0.3153,0.4233,0.4481,-4.6364
confused,0.3267,0.439,0.3718,2.9446
confused,0.3188,0.4928,0.7619,-7.2716
confused,0.0929,0.3906,0.0181,5.784
confused,0.3995,0.3428,0.1171,-8.506
confused,0.346,0.4476,0.0327,0.2441
confused,0.3826,0.4629,0.0639,10.075
confused,0.2313,0.57,0.0049,3.4299
confused,0.0323,0.4653,0.17,-2.0131
confused,0.1502,0.3122,0.6,2.4941
confused,0.3334,0.5489,0.4788,2.9064
confused,0.0226,0.596,0.0252,0.2567
confused,0.2713,0.4557,0.0083,-6.973
confused,0.3287,0.449,0.144,-5.2676
confused,0.3933,0.4058,0.0305,-3.2426
confused,0.3513,0.4836,0.6314,14.1638
confused,0.222,0.5268,0.0048,1.1004
confused,0.3779,0.4394,0.2164,0.256
confused,0.3158,0.3713,0.1371,-8.8838
confused,0.3999,0.5035,0.0099,14.0951
confused,0.3978,0.4883,0.0389,-6.5772
confused,0.5042,0.5077,0.3351,-10.1002
confused,0.4616,0.497,0.0377,-0.0998
confused,0.3192,0.4004,0.3302,-13.0045
confused,0.4129,0.3837,0.4471,3.6751
confused,0.1201,0.489,0.0348,10.0955
confused,0.5034,0.3661,0.1394,20.8523
confused,0.3041,0.4434,0.191,-16.0056
confused,0.2744,0.4979,0.161,0.8287
confused,0.1466,0.357,0.2497,-1.0879
confused,0.3451,0.5446,0.0718,0.1224
confused,0.6069,0.368,0.274,-9.7062
confused,0.3125,0.4067,0.0091,3.2063
confused,0.3913,0.577,0.3035,6.9381
confused,0.3088,0.4081,0.2396,-4.9138
confused,0.3304,0.3864,0.7042,-0.0351
confused,0.3354,0.4507,0.2149,-5.1068
confused,0.3541,0.4205,0.3238,-17.4471
confused,0.4012,0.6551,0.0601,7.4634
confused,0.2333,0.5387,0.003,-9.8529
confused,0.2937,0.5032,0.061,-11.7794
confused,0.4066,0.4214,0.0299,-2.4774
confused,0.4633,0.4602,0.2181,0.9821
confused,0.3239,0.5188,0.0492,-0.2607
confused,0.4062,0.4903,0.4678,0.5513
confused,0.2787,0.4304,0.2657,2.9551
confused,0.4237,0.402,0.0975,5.6486
confused,0.261,0.3656,0.1167,2.4631
confused,0.4149,0.5113,0.5405,-2.684
confused,0.3556,0.7226,0.024,3.2652
confused,0.3804,0.468,0.3489,0.6946
confused,0.3251,0.5238,0.0034,-11.3726
confused,0.4039,0.4532,0.2329,-1.9775
confused,0.0865,0.4275,0.6626,11.7753
confused,0.1659,0.4604,0.1545,9.4976
confused,0.2284,0.4536,0.0171,5.6036
confused,0.2799,0.5687,0.0271,26.6638
confused,0.0391,0.4466,0.037,-13.6367
confused,0.0314,0.5129,0.2391,-21.3038
confused,0.0715,0.6017,0.0153,-0.8986
confused,0.3941,0.4284,0.3108,7.8951
confused,0.3524,0.4548,0.0235,-0.0098
confused,0.2513,0.5266,0.0334,-17.099
confused,0.3638,0.4424,0.0134,6.5622
confused,0.3942,0.3382,0.0221,-34.3512
confused,0.406,0.3702,0.229,-3.468
confused,0.4537,0.4245,0.073,-0.6519
confused,0.0777,0.466,0.3345,1.8161
confused,0.0705,0.3349,0.0303,-6.2154
confused,0.357,0.4465,0.2683,0.7623
confused,0.3829,0.4106,0.0336,-0.3737
confused,0.3734,0.4124,0.2775,-3.5823
confused,0.307,0.2774,0.1186,-4.8422
confused,0.3288,0.3171,0.1133,-0.5604
confused,0.2448,0.5631,0.2243,5.46
confused,0.411,0.3862,0.3394,2.9786
confused,0.1213,0.3414,0.4003,-10.0149
confused,0.224,0.5374,0.0172,-8.0199
confused,0.2832,0.3189,0.0757,3.2257
confused,0.2528,0.4346,0.2805,0.6126
confused,0.3068,0.4551,0.4221,-13.7126
confused,0.2548,0.4981,0.0761,5.4066
confused,0.0697,0.4183,0.0038,7.3856
confused,0.1327,0.4821,0.0669,-3.2846
confused,0.3638,0.417,0.0776,-1.6604
confused,0.4009,0.3438,0.5906,19.4317
confused,0.3753,0.4873,0.2441,-14.2523
confused,0.3354,0.4137,0.0659,-18.8767
confused,0.4149,0.5534,0.358,3.4325
confused,0.1707,0.4302,0.0047,-7.6872
confused,0.4376,0.4582,0.022,-5.452
confused,0.3482,0.5451,0.0069,0.6629
confused,0.3264,0.4201,0.2768,-4.0513
confused,0.3039,0.4578,0.1289,-7.207
confused,0.0909,0.4716,0.2568,-7.4711
confused,0.272,0.3368,0.007,-30.6284
confused,0.305,0.5096,0.059,1.0072
confused,0.1982,0.3117,0.3455,-5.8412
confused,0.3789,0.4221,0.0066,-5.9812
confused,0.2409,0.3868,0.2611,51.2678
confused,0.4182,0.4247,0.1381,-2.558
confused,0.3183,0.4584,0.5337,-7.2982
confused,0.3011,0.4359,0.1451,4.3101
confused,0.3851,0.4459,0.2109,-1.8338
confused,0.3016,0.5282,0.0559,-18.992
confused,0.3192,0.4383,0.0613,-8.2582
confused,0.2572,0.3961,0.591,-3.5283
confused,0.0757,0.5345,0.3501,3.5885
confused,0.3484,0.3533,0.0325,-0.2475
confused,0.4119,0.4826,0.3152,-0.7911
confused,0.4219,0.43,0.0292,-6.2876
confused,0.2407,0.458,0.3973,6.743
confused,0.0902,0.307,0.0146,-20.8221
confused,0.4061,0.4136,0.396,-0.7537
confused,0.3757,0.3953,0.0569,-4.392
confused,0.3627,0.3952,0.2599,-5.0449
confused,0.3963,0.4539,0.0621,11.5352
confused,0.3591,0.3303,0.2367,25.7438
confused,0.4164,0.4577,0.1762,-0.2944
confused,0.3456,0.4571,0.004,-2.8462
confused,0.3158,0.2843,0.3182,0.0543
confused,0.3399,0.3897,0.1793,6.6735
confused,0.3595,0.499,0.0009,4.4262
confused,0.2992,0.5722,0.1001,16.0531
confused,0.4008,0.445,0.1409,-4.1389
confused,0.3767,0.5289,0.2403,0.009
confused,0.3532,0.4821,0.0201,-1.1583
confused,0.3993,0.5712,0.6756,-0.6213
confused,0.2588,0.3935,0.184,19.1318
confused,0.3306,0.5217,0.2166,-14.2949
confused,0.4481,0.5725,0.0321,23.5836
confused,0.3734,0.5467,0.2791,-6.5223
confused,0.3296,0.2673,0.2892,8.5332
confused,0.2883,0.4321,0.0425,-0.2217
confused,0.3061,0.4615,0.0207,-5.6269
confused,0.3602,0.3586,0.7727,-6.3473
confused,0.3986,0.6235,0.005,0.4361
confused,0.4459,0.5954,0.0918,7.2603
confused,0.4551,0.5006,0.01,-0.3894
confused,0.3693,0.5272,0.1334,-0.1956
confused,0.3649,0.4943,0.2359,3.0376
confused,0.3864,0.4367,0.382,0.6701
confused,0.4585,0.5217,0.0184,-5.8289
confused,0.1874,0.3717,0.0246,-2.3326
confused,0.4183,0.3792,0.4845,3.0731
confused,0.3839,0.4876,0.4512,2.5714
confused,0.2475,0.4815,0.2364,-12.7583
confused,0.3757,0.3953,0.0569,-4.392
confused,0.2989,0.2792,0.2675,-3.5329
confused,0.3437,0.5755,0.0177,15.4184
confused,0.468,0.495,0.0107,-1.8663
confused,0.4168,0.462,0.1288,5.6085
confused,0.291,0.3297,0.6497,-15.6889
confused,0.408,0.4116,0.036,-1.8392
confused,0.37,0.4405,0.6361,-0.6911
confused,0.1793,0.4925,0.0038,-2.4585
confused,0.3022,0.4511,0.2799,-30.9991
confused,0.2596,0.602,0.0372,-22.5113
confused,0.1974,0.4209,0.1091,-11.6503
confused,0.2092,0.4385,0.0129,-10.7829
confused,0.2846,0.3594,0.0717,10.9438
confused,0.4299,0.4122,0.0915,-1.3194
confused,0.4335,0.4475,0.2656,8.1612
confused,0.0877,0.3751,0.0846,-8.2459
confused,0.3306,0.6618,0.0055,-0.4198
confused,0.2703,0.4967,0.3115,11.6119
confused,0.3401,0.4214,0.7854,18.6625
confused,0.059,0.3,0.952,-23.0336
confused,0.3166,0.4648,0.022,0.1239
confused,0.493,0.501,0.0313,-4.657
confused,0.4225,0.346,0.0289,-13.3635
confused,0.3696,0.462,0.2501,-2.4529
confused,0.4713,0.6389,0.1721,-1.3941
confused,0.4676,0.3778,0.3538,12.5251
confused,0.1812,0.3732,0.4955,-0.1797
confused,0.2402,0.1193,0.0693,25.9885
confused,0.3482,0.5267,0.1037,0.7956
confused,0.3227,0.4483,0.2021,-4.9449
confused,0.252,0.4795,0.194,0.1033
confused,0.3495,0.4539,0.0237,-0.3357
confused,0.1592,0.5274,0.0402,4.6428
confused,0.4832,0.4786,0.1395,-9.2314
confused,0.3416,0.4502,0.3989,1.8451
confused,0.4407,0.3449,0.2676,2.0904
confused,0.3897,0.4813,0.2463,-0.6013
confused,0.3761,0.407,0.0301,-5.7189
confused,0.3082,0.4358,0.0853,4.163
confused,0.3583,0.377,0.1156,-5.9452
confused,0.4143,0.4975,0.0284,-5.3967
confused,0.4164,0.4767,0.4968,14.3506
confused,0.0573,0.4086,0.2024,0.0388
confused,0.1243,0.4981,0.0112,2.4962
confused,0.3735,0.4827,0.0529,-0.1601
confused,0.4618,0.3957,0.3085,9.5947
confused,0.3647,0.4271,0.1082,-4.0663
confused,0.0541,0.4752,0.1499,0.8397
confused,0.3568,0.5052,0.0153,-1.4894
confused,0.4762,0.3758,0.3203,4.8227
confused,0.3578,0.2821,0.3831,7.3186
confused,0.2163,0.5804,0.0083,-6.6895
confused,0.4321,0.4996,0.127,19.5336
confused,0.1266,0.5399,0.0636,10.6993
confused,0.4067,0.5511,0.5322,-4.8165
confused,0.2584,0.2806,0.2088,16.6415
confused,0.2796,0.4737,0.018,3.8012
confused,0.4003,0.3832,0.0321,3.1465
confused,0.3679,0.4825,0.3081,5.2589
confused,0.3651,0.425,0.0245,-7.1371
confused,0.2892,0.5063,0.017,-5.9314
confused,0.0832,0.3498,0.2652,-7.3713
confused,0.3605,0.4402,0.6579,0.8904
confused,0.301,0.4526,0.0057,4.1509
confused,0.0222,0.4514,0.021,1.2668
confused,0.4513,0.5247,0.2161,1.9882
confused,0.3046,0.3102,0.1755,-11.055
confused,0.3026,0.4557,0.0076,2.8525
confused,0.2415,0.2296,0.0179,2.7532
confused,0.3625,0.5261,0.0092,3.0246
confused,0.0512,0.4044,0.8113,6.4622
confused,0.1682,0.4452,0.0732,-3.9817
confused,0.4512,0.5209,0.0139,-2.7872
confused,0.3763,0.4519,0.3535,3.787
confused,0.3305,0.4952,0.0997,-19.904
confused,0.3346,0.4674,0.32,-19.3658
confused,0.0538,0.5268,0.0338,-5.2942
confused,0.3281,0.3586,0.3151,-10.6956
confused,0.3458,0.5809,0.0561,6.3901
confused,0.4618,0.4246,0.0704,-7.4171
confused,0.3583,0.4229,0.5882,-0.4151
confused,0.381,0.4799,0.3868,-0.7707
confused,0.1289,0.4118,0.7815,-14.7284
confused,0.4523,0.4895,0.0934,0.5575
confused,0.4468,0.4331,0.0244,-3.7972
confused,0.3933,0.3289,0.1829,-5.3371
confused,0.4446,0.5265,0.3481,-5.2307
confused,0.3268,0.596,0.0077,1.5736
confused,0.3391,0.3003,0.0818,-7.5761
confused,0.3804,0.5535,0.1231,2.3522
confused,0.2209,0.4169,0.4884,-4.3464
confused,0.3432,0.3461,0.0975,0.4028
confused,0.448,0.3879,0.0746,-0.7626
confused,0.423,0.3099,1.0939,-1.7998
confused,0.06,0.5877,0.0186,2.4148
confused,0.399,0.4364,0.0426,13.0842
confused,0.4401,0.4755,0.186,-1.1083
confused,0.3755,0.4222,0.0284,0.5989
confused,0.0802,0.3661,0.0955,6.0708
confused,0.3627,0.3365,0.6042,9.2366
confused,0.0745,0.4342,0.2595,-10.9792
confused,0.4499,0.5085,0.5023,-4.431
confused,0.374,0.6014,0.1223,-12.0312
confused,0.3823,0.397,0.7712,-7.2551
confused,0.221,0.435,0.45,0.2511
confused,0.0594,0.5939,0.0128,6.376
confused,0.4709,0.4266,0.0835,0.4538
confused,0.2831,0.4339,0.1336,1.6579
confused,0.3516,0.5323,0.0579,-16.4202
confused,0.3134,0.3379,0.4243,-23.6002
confused,0.329,0.4255,0.468,15.0735
confused,0.432,0.3977,0.109,7.0467
confused,0.2945,0.4562,0.0297,0.551
confused,0.0609,0.4319,0.4193,-2.077
confused,0.0576,0.523,0.0108,1.2784
confused,0.3651,0.5022,0.4411,-10.2682
confused,0.4027,0.3977,0.5162,0.3227
confused,0.3439,0.5391,0.0396,1.4742
confused,0.4255,0.4969,0.4121,-9.0334
confused,0.3132,0.3863,0.1328,-19.4699
confused,0.3947,0.5474,0.0155,-2.1914
confused,0.2796,0.4277,0.7306,2.3056
confused,0.4652,0.528,0.0149,0.9365
confused,0.468,0.495,0.0107,-1.8663
confused,0.3615,0.4119,0.0076,4.3277
confused,0.3305,0.5103,0.6786,-4.3832
confused,0.4151,0.4531,0.0511,16.2189
confused,0.3113,0.4524,0.0062,2.0576
confused,0.3221,0.3909,0.8417,-0.1519
confused,0.4059,0.5222,0.0116,-13.046
confused,0.3357,0.3998,0.6946,-14.4105
confused,0.2359,0.4731,0.0183,21.6311
confused,0.0682,0.4773,0.3734,-7.3741
confused,0.3925,0.5239,0.0239,-1.6252
confused,0.4399,0.397,0.3775,-7.669
confused,0.4367,0.4525,0.425,-0.8418
confused,0.3779,0.4997,0.5983,-2.007
confused,0.3428,0.5137,0.0016,3.6832
confused,0.401,0.317,0.4216,20.1438
confused,0.4376,0.5684,0.5388,-4.4911
confused,0.2252,0.4764,0.0172,-33.0115
confused,0.4429,0.4192,0.0153,-11.1641
confused,0.3243,0.487,0.4253,14.8694
confused,0.3612,0.4789,0.0058,4.6983
confused,0.3901,0.6438,0.0249,-1.5181
confused,0.3761,0.3296,0.0128,-29.881
confused,0.1947,0.6673,0.0629,-1.1453
confused,0.3996,0.4173,0.0385,-2.2122
confused,0.4092,0.3603,0.0422,-12.9589
confused,0.3766,0.4814,0.0198,-6.3502
confused,0.1813,0.4134,0.066,-4.331
confused,0.5387,0.5668,0.3029,1.1893
confused,0.336,0.3622,0.1865,-4.7052
confused,0.3372,0.5342,0.0133,29.5362
confused,0.4781,0.4644,0.3237,1.0659
confused,0.1957,0.345,0.2013,7.5972
confused,0.2729,0.3827,0.0102,2.4427
confused,0.3283,0.4342,0.026,1.5116
confused,0.3611,0.4806,0.0118,-34.1287
confused,0.0328,0.4369,0.163,-5.2302
confused,0.2403,0.5148,0.032,-3.0171
confused,0.0687,0.4309,0.035,-2.0057
confused,0.3522,0.3628,0.2389,9.1636
confused,0.37,0.4172,0.0576,22.7659
confused,0.4567,0.495,0.2294,-5.4017
confused,0.1051,0.5171,0.135,34.9233
confused,0.3296,0.5951,0.1062,0.5314
confused,0.0229,0.4716,0.2637,2.0431
confused,0.2381,0.5198,0.0066,-6.2523
confused,0.4172,0.447,0.2085,-2.4361
confused,0.3048,0.4155,0.6611,2.8946
confused,0.0444,0.4382,0.0171,-4.9867
confused,0.3189,0.4445,0.0162,-3.2116
confused,0.4513,0.4909,0.0984,1.0179
confused,0.3416,0.4878,0.0271,-6.7552
confused,0.3624,0.4475,0.3292,-38.1664
confused,0.3703,0.3528,0.0117,8.8995
confused,0.4207,0.4753,0.3349,-2.6595
confused,0.3343,0.6683,0.0204,22.2085
confused,0.3544,0.455,0.5613,-14.3211
confused,0.3282,0.4229,0.5534,5.9888
confused,0.2913,0.3605,0.5138,-3.8114
confused,0.3713,0.4248,0.3629,-3.0741
confused,0.3371,0.5111,0.4331,-5.281
confused,0.3611,0.4076,0.0251,-3.4086
confused,0.1367,0.3877,0.6231,-1.8681
confused,0.4449,0.4982,0.0567,-1.5261
confused,0.4028,0.4313,0.5105,0.3474
confused,0.1534,0.4409,0.0108,-6.3462
confused,0.3291,0.4391,0.0923,3.8073
confused,0.2305,0.4545,0.0436,-7.1211
confused,0.4232,0.4101,0.0288,-1.2961
confused,0.3457,0.479,0.1415,-0.1416
confused,0.2087,0.3874,0.0233,-6.181
confused,0.4298,0.4347,0.5338,-0.3045
confused,0.3688,0.4776,0.1876,-1.0388
confused,0.3566,0.4893,0.0484,0.2788
confused,0.4681,0.3926,0.8633,-9.1924
confused,0.3613,0.3903,0.2287,7.8378
confused,0.4197,0.5248,0.0268,-3.5208
confused,0.2208,0.2118,0.4007,8.7564
confused,0.3511,0.3911,0.3044,1.1617
confused,0.1894,0.3659,0.0163,-1.8645
confused,0.3338,0.4237,0.3178,-3.0274
confused,0.3572,0.3925,0.055,22.3785
confused,0.0323,0.4868,0.3739,0.518
focused,0.1837,0.3942,0.329,16.1546
focused,0.213,0.3649,0.2522,5.4034
focused,0.3802,0.4309,0.251,-13.6746
focused,0.2633,0.3804,0.434,8.7043
focused,0.2495,0.3793,0.2657,16.4427
focused,0.3307,0.5241,0.3277,-9.2979
focused,0.1726,0.4335,0.2941,-1.7853
focused,0.3918,0.399,0.8326,13.3203
focused,0.4323,0.5278,0.0838,-1.392
focused,0.247,0.3821,0.0392,-5.4585
focused,0.2536,0.3839,0.0175,-1.7105
focused,0.2659,0.4923,0.0662,-19.0198
focused,0.3486,0.3852,0.1516,-0.9038
focused,0.3293,0.622,0.0084,10.9911
focused,0.2662,0.4548,0.27,-7.6552
focused,0.3489,0.6238,0.2645,-3.0593
focused,0.338,0.4499,0.0174,9.7469
focused,0.5347,0.3819,0.4463,12.6218
focused,0.2518,0.421,0.1879,1.5882
focused,0.3723,0.4768,0.0177,-26.6733
focused,0.1105,0.372,0.1351,-2.6227
focused,0.3784,0.4961,0.1449,-20.3548
focused,0.2987,0.3303,0.0491,-6.7724
focused,0.3673,0.4539,0.205,-6.1035
focused,0.285,0.4344,0.1371,-13.7495
focused,0.3948,0.3914,0.5231,-13.2505
focused,0.1352,0.3401,0.1936,8.0072
focused,0.2895,0.6155,0.2967,-9.9846
focused,0.4491,0.4199,0.2338,-7.6351
focused,0.3128,0.4461,0.1541,8.57
focused,0.2913,0.3605,0.0487,-5.3497
focused,0.124,0.3063,0.0289,-8.8678
focused,0.1994,0.343,0.3079,-10.6909
focused,0.4055,0.4692,0.0063,-6.6945
focused,0.3683,0.6102,0.014,18.7237
focused,0.2673,0.4146,0.1889,2.2393
focused,0.4029,0.5389,0.155,3.1525
focused,0.3193,0.3671,0.4597,0.9885
focused,0.2536,0.3341,0.3661,23.7264
focused,0.292,0.4741,0.0045,3.8926
focused,0.0655,0.4576,0.112,-10.4082
focused,0.2915,0.4198,0.003,-22.7921
focused,0.2982,0.4734,0.1967,4.3656
focused,0.1646,0.31,0.2927,-11.6796
focused,0.235,0.4674,0.1409,3.7077
focused,0.2148,0.5452,0.2176,-9.7631
focused,0.2279,0.4786,0.2539,1.6341
focused,0.5223,0.4029,0.4613,12.2646
focused,0.3933,0.6154,0.1514,-19.5745
focused,0.3208,0.5305,0.2121,-41.9925
focused,0.343,0.5896,0.1253,31.8663
focused,0.3511,0.4278,0.1205,-4.0114
focused,0.0257,0.4034,0.0609,-52.045
focused,0.4352,0.5239,0.0369,-11.7462
focused,0.0911,0.581,0.0196,18.1157
focused,0.2547,0.444,0.3881,2.9702
focused,0.12,0.3483,0.4561,-20.9063
focused,0.0981,0.3405,0.1999,1.7768
focused,0.3497,0.4181,0.45,3.3751
focused,0.291,0.4186,0.3207,-0.6816
focused,0.3017,0.3771,0.2035,8.7572
focused,0.1086,0.4167,0.234,8.0163
focused,0.3779,0.3434,0.1338,0.9749
focused,0.2245,0.3638,0.6538,-2.5692
focused,0.38,0.4865,0.0448,7.7122
focused,0.1904,0.4604,0.1621,-7.2138
focused,0.0279,0.3617,0.2626,-16.4982
focused,0.1419,0.3665,0.1514,-10.5618
focused,0.2242,0.4085,0.2675,-1.1784
focused,0.3226,0.4636,0.2907,5.7537
focused,0.2229,0.5841,0.0873,21.8744
focused,0.0695,0.5245,0.1719,3.0116
focused,0.3459,0.3098,0.2167,-0.6783
focused,0.2798,0.4615,0.2486,-14.8793
focused,0.1873,0.4028,0.2873,14.4021
focused,0.2602,0.308,0.2224,-22.8505
focused,0.1165,0.3898,0.2273,-5.7195
focused,0.4104,0.3354,0.3015,16.3886
focused,0.2255,0.4477,0.2474,-2.2225
focused,0.2842,0.4392,0.1647,-40.0581
focused,0.3527,0.5465,0.2186,1.0892
focused,0.1806,0.518,0.2127,-11.9455
focused,0.3819,0.4821,0.2288,13.8829
focused,0.4254,0.5748,0.3517,2.4879
focused,0.3286,0.528,0.1976,-8.3837
focused,0.3502,0.4531,0.1381,-8.3188
focused,0.4192,0.497,0.1879,4.9371
focused,0.2308,0.4053,0.0287,-11.9923
focused,0.2474,0.525,0.1517,1.1416
focused,0.2915,0.3843,0.0956,0.8571
focused,0.1595,0.4024,0.5551,-15.821
focused,0.2934,0.5312,0.1869,19.4297
focused,0.1464,0.3373,0.133,-0.074
focused,0.2826,0.2798,0.115,-19.3334
focused,0.2704,0.4757,0.2137,4.0033
focused,0.3722,0.57,0.117,3.8966
focused,0.3403,0.4471,0.3082,1.4886
focused,0.3084,0.4545,0.1152,4.231
focused,0.3339,0.5582,0.009,-3.9008
focused,0.2415,0.4355,0.2231,-19.6035
focused,0.3642,0.6687,0.1258,-8.7487
focused,0.2638,0.4413,0.2526,-11.439
focused,0.3529,0.5738,0.1503,-7.366
focused,0.2923,0.4676,0.1613,-0.3208
focused,0.0679,0.3218,0.5193,-30.4671
focused,0.1281,0.4338,0.1285,7.3303
focused,0.3095,0.4471,0.1542,1.7858
focused,0.2811,0.5547,0.2556,1.8959
focused,0.059,0.3745,0.4903,-4.2332
focused,0.3051,0.4327,0.179,0.106
focused,0.0514,0.5546,0.0377,9.4534
focused,0.2096,0.3619,0.1459,19.2916
focused,0.3393,0.4055,0.2049,-6.9808
focused,0.3779,0.4334,0.2766,0.7829
focused,0.2612,0.4349,0.2184,2.1026
focused,0.3304,0.3838,0.261,7.0784
focused,0.3396,0.5329,0.145,3.1221
focused,0.2872,0.3204,0.2869,10.7869
focused,0.2407,0.4628,0.1785,5.9669
focused,0.3661,0.4414,0.1409,6.2509
focused,0.187,0.3846,0.884,-2.1997
focused,0.4171,0.6142,0.2432,-5.9305
focused,0.3621,0.3756,0.2151,-4.2212
focused,0.3412,0.5092,0.133,-4.3576
focused,0.2885,0.3585,0.3093,-1.9343
focused,0.3595,0.3542,0.2622,45.6784
focused,0.225,0.347,0.1624,62.0958
focused,0.4012,0.4049,0.0138,-0.8114
focused,0.2777,0.4746,0.018,3.1268
focused,0.2239,0.2763,0.2942,14.3278
focused,0.2536,0.5148,0.196,4.961
focused,0.2348,0.3845,0.2448,8.4263
focused,0.3772,0.4821,0.0479,0.7552
focused,0.3161,0.4593,0.5492,16.7615
focused,0.2633,0.4023,0.1736,0.8029
focused,0.3513,0.537,0.3334,-3.1254
focused,0.2374,0.4568,0.1928,-0.4105
focused,0.2209,0.3621,0.3934,3.1783
focused,0.138,0.2539,0.0398,13.5328
focused,0.2949,0.4577,0.1865,12.8133
focused,0.3972,0.6794,0.009,-4.3095
focused,0.1478,0.6736,0.0069,11.0994
focused,0.3106,0.443,0.1701,6.3605
focused,0.1305,0.4154,0.2686,4.3276
focused,0.3318,0.3655,0.38,-4.3794
focused,0.0577,0.4438,0.2011,0.5253
focused,0.3291,0.4743,0.1628,-2.3395
focused,0.4535,0.549,0.0157,3.8182
focused,0.162,0.4239,0.0335,-4.0965
focused,0.194,0.3762,0.1466,-5.5329
focused,0.1448,0.4246,0.1737,10.0009
focused,0.1012,0.3416,0.4355,-11.2801
focused,0.3171,0.3362,0.1459,-0.6226
focused,0.2698,0.3526,0.3574,-21.1748
focused,0.308,0.4446,0.1239,-5.9426
focused,0.1209,0.371,0.1482,-4.5859
focused,0.2819,0.5426,0.1035,-7.5166
focused,0.1961,0.4522,0.213,-4.4072
focused,0.2815,0.4679,0.1681,-4.0938
focused,0.3695,0.4598,0.296,3.6717
focused,0.2686,0.3967,0.0417,-0.0245
focused,0.3117,0.4509,0.3173,-8.7802
focused,0.3571,0.5443,0.2145,49.4182
focused,0.2921,0.4376,0.1267,-9.063
focused,0.1807,0.3318,0.0694,1.8008
focused,0.2251,0.4583,0.0192,-5.504
focused,0.3891,0.4395,0.2062,10.8729
focused,0.2418,0.4125,0.0244,-5.7063
focused,0.2309,0.4797,0.1325,3.3733
focused,0.1083,0.3697,0.1437,-2.2972
focused,0.2801,0.4388,0.0289,-10.287
focused,0.2406,0.3565,0.5724,-3.4054
focused,0.4202,0.5243,0.0869,13.0285
focused,0.1829,0.2867,0.033,-23.6006
focused,0.2791,0.4353,0.1479,-4.6569
focused,0.3728,0.3471,0.621,-1.3964
focused,0.4139,0.4517,0.1448,16.054
focused,0.1809,0.537,0.0954,21.7545
focused,0.2552,0.38,0.0178,-5.9901
focused,0.3858,0.4292,0.2605,-2.9098
focused,0.2761,0.4276,0.3901,6.9352
focused,0.1518,0.5607,0.2943,-11.6079
focused,0.2362,0.4766,0.3659,8.3775
focused,0.1672,0.4623,0.1106,-5.6436
focused,0.3639,0.3665,0.234,-24.4213
focused,0.2974,0.3212,0.3819,15.0926
focused,0.217,0.4326,0.0158,11.9961
focused,0.2765,0.4018,0.1719,-4.7717
focused,0.1064,0.4503,0.1939,2.5836
focused,0.1115,0.3531,0.4692,30.0881
focused,0.2461,0.3953,0.1172,8.4521
focused,0.2126,0.4743,0.2127,9.0378
focused,0.29,0.4192,0.0761,-5.5578
focused,0.3855,0.5302,0.0837,5.3895
focused,0.2475,0.4622,0.0172,-3.9067
focused,0.297,0.4237,0.0979,-4.8905
focused,0.2592,0.412,0.0294,3.5715
focused,0.2164,0.4201,0.2699,0.0906
focused,0.2082,0.3221,0.6184,1.8083
focused,0.2354,0.31,0.3333,-0.5694
focused,0.279,0.4791,0.1902,6.9399
focused,0.2903,0.4907,0.0629,-8.7031
focused,0.3156,0.4482,0.2761,-1.972
focused,0.3845,0.5654,0.3397,-4.0847
focused,0.2606,0.4374,0.0204,-10.3901
focused,0.3029,0.3271,0.2467,2.6789
focused,0.2103,0.313,0.0109,-25.637
focused,0.2129,0.2442,0.7741,-1.0533
focused,0.2454,0.4012,0.174,4.7611
focused,0.2551,0.534,0.1309,10.0445
focused,0.309,0.2461,0.0099,13.229
focused,0.3218,0.3939,0.3943,8.6845
focused,0.4438,0.4752,0.022,14.7908
focused,0.3099,0.5315,0.2602,16.5988
focused,0.3318,0.4547,0.4245,-1.405
focused,0.1699,0.5413,0.2571,-6.8566
focused,0.333,0.2945,0.3175,1.9829
focused,0.3561,0.3909,0.2186,2.9146
focused,0.2988,0.4677,0.1472,-1.674
focused,0.2869,0.3566,0.4421,-3.5468
focused,0.4247,0.462,0.3434,2.2066
focused,0.4402,0.439,0.0704,7.7377
focused,0.3684,0.3997,0.251,17.2247
focused,0.3196,0.4201,0.0336,-0.2909
focused,0.1761,0.5279,0.0096,-29.1333
focused,0.3234,0.5475,0.1257,17.4334
focused,0.1505,0.3634,0.0955,45.6258
focused,0.1597,0.2865,0.3361,-47.3548
focused,0.314,0.3929,0.1434,0.7304
focused,0.2935,0.4171,0.3466,5.566
focused,0.2533,0.4546,0.2185,-1.8562
focused,0.2025,0.6117,0.0379,7.6085
focused,0.1201,0.4207,0.2417,-0.2221
focused,0.3031,0.3892,0.1496,-1.4158
focused,0.2088,0.3582,0.3268,6.5428
focused,0.1034,0.3454,0.275,-3.8881
focused,0.1914,0.4583,0.0692,-2.5801
focused,0.1651,0.4307,0.1233,5.0186
focused,0.2926,0.4587,0.3062,-1.8703
focused,0.3211,0.4893,0.2434,-1.1091
focused,0.3362,0.491,0.1584,-1.9256
focused,0.1914,0.4247,0.138,-0.1909
focused,0.3366,0.5137,0.0481,-3.9678
focused,0.4221,0.4799,0.0828,3.7896
focused,0.3394,0.4644,0.021,4.2376
focused,0.1127,0.398,0.2024,-4.2093
focused,0.1981,0.3882,0.4139,12.9852
focused,0.2338,0.3736,0.3537,-7.6583
focused,0.0397,0.3628,0.4105,3.2757
focused,0.3122,0.4378,0.394,-2.3297
focused,0.2753,0.3903,0.1086,-8.8162
focused,0.3275,0.6166,0.0185,3.3541
focused,0.4042,0.4201,0.3936,16.6504
focused,0.2758,0.4045,0.2763,-2.2315
focused,0.3425,0.3717,0.2134,8.148
focused,0.143,0.5973,0.192,-32.6361
focused,0.3425,0.4986,0.0993,0.5169
focused,0.3243,0.3816,0.1772,1.7706
focused,0.2607,0.4446,0.2093,0.298
focused,0.2524,0.2684,0.6892,-7.0473
focused,0.2482,0.396,0.251,-2.6576
focused,0.3386,0.4471,0.1742,11.0262
focused,0.3413,0.4795,0.334,-7.3033
focused,0.3332,0.4287,0.2276,-6.092
focused,0.2725,0.4333,0.3413,-8.762
focused,0.2493,0.412,0.0104,1.6804
focused,0.3079,0.4303,0.3139,-2.173
focused,0.2872,0.4203,0.1816,-2.2151
focused,0.4051,0.4081,0.1263,4.7306
focused,0.3842,0.3456,0.0374,-1.5339
focused,0.1695,0.411,0.1092,3.8208
focused,0.3119,0.3698,0.4497,-0.5222
focused,0.2115,0.4258,0.1563,2.7834
focused,0.2249,0.3707,0.0763,7.1375
focused,0.3057,0.4354,0.0651,-3.4775
focused,0.1775,0.4438,0.1374,-1.2374
focused,0.2343,0.4222,0.1892,-1.6834
focused,0.2585,0.4319,0.1712,-7.3727
focused,0.3735,0.4366,0.3397,2.1468
focused,0.2667,0.5007,0.2136,4.6241
focused,0.2925,0.3525,0.3061,-17.7522
focused,0.3274,0.4894,0.2051,-3.6083
focused,0.3574,0.5665,0.0095,-3.6429
focused,0.217,0.4363,0.1762,0.9995
focused,0.4304,0.5652,0.3488,10.607
focused,0.2619,0.2636,0.0047,7.9172
focused,0.3841,0.5097,0.0283,2.8977
focused,0.2919,0.4227,0.2203,0.5862
focused,0.3461,0.3916,0.389,24.1943
focused,0.3127,0.339,0.2065,3.8019
focused,0.1625,0.3801,0.2604,-4.3389
focused,0.3455,0.4327,0.1417,-0.5746
focused,0.1453,0.424,0.2133,16.5855
focused,0.3349,0.4653,0.2165,-1.6462
focused,0.1813,0.3704,0.0998,2.9596
focused,0.3035,0.3719,0.3138,18.7477
focused,0.3194,0.5337,0.2741,-2.1623
focused,0.3005,0.5763,0.2893,-40.8667
focused,0.3274,0.4894,0.2051,-3.6083
focused,0.2605,0.4163,0.153,0.6511
focused,0.376,0.4696,0.0817,-3.7515
focused,0.3338,0.4872,0.1822,-16.9304
focused,0.2592,0.4497,0.1497,-21.0567
focused,0.3305,0.5326,0.0574,-5.9717
focused,0.2826,0.4896,0.0636,8.3669
focused,0.1935,0.4509,0.268,8.226
focused,0.1996,0.3426,0.2326,17.9403
focused,0.329,0.4986,0.0293,17.3081
focused,0.3826,0.3748,0.0102,-10.5167
focused,0.2319,0.3784,0.5062,-4.6655
focused,0.1833,0.2611,0.4587,-7.6236
focused,0.322,0.3679,0.1872,-10.5948
focused,0.3582,0.4185,0.1687,3.034
focused,0.12,0.29,0.3243,-16.4326
focused,0.3477,0.3429,0.6249,1.9694
focused,0.3361,0.4563,0.0812,-15.7714
focused,0.4189,0.4095,0.203,27.9311
focused,0.2292,0.3742,0.2198,-7.1864
focused,0.3207,0.5329,0.0462,-33.5831
focused,0.2353,0.6836,0.2052,0.243
focused,0.3284,0.4528,0.212,-6.056
focused,0.2715,0.4075,0.427,-8.0507
focused,0.3061,0.4988,0.171,7.1258
focused,0.2288,0.3527,0.177,6.3177
focused,0.221,0.4313,0.1058,-1.1114
focused,0.2684,0.4436,0.2027,6.3287
focused,0.1984,0.4293,0.2426,4.3637
focused,0.2543,0.5876,0.0804,14.6587
focused,0.3337,0.4835,0.1146,10.5298
focused,0.3622,0.4796,0.0312,-1.6604
focused,0.3137,0.407,0.0509,-8.2894
focused,0.5248,0.3578,0.4393,-3.8541
focused,0.288,0.3113,0.3781,12.6719
focused,0.3331,0.4514,0.1973,1.2961
focused,0.2539,0.3758,0.1137,-8.2569
focused,0.2584,0.5531,0.2479,-18.8128
focused,0.3322,0.3697,0.0025,-50.508
focused,0.2968,0.3958,0.5633,34.6896
focused,0.3245,0.4256,0.1986,0.6729
focused,0.2166,0.452,0.1797,0.4734
focused,0.1393,0.4088,0.2854,21.9789
focused,0.3303,0.4899,0.1307,15.2423
focused,0.3057,0.4073,0.0195,-11.3063
focused,0.354,0.4786,0.396,-17.2017
focused,0.2975,0.422,0.0143,2.3702
focused,0.3185,0.4361,0.0984,-7.3284
focused,0.2237,0.3393,0.2048,3.9446
focused,0.2252,0.3384,0.0056,-2.5036
focused,0.2802,0.4445,0.2489,-16.8771
focused,0.3589,0.3617,0.3766,-10.6877
focused,0.2777,0.3366,0.0127,-17.6772
focused,0.1909,0.2219,0.7376,-7.0419
focused,0.2862,0.3263,0.5043,7.3129
focused,0.3041,0.3558,0.2438,-13.8109
focused,0.2271,0.5182,0.353,-26.9577
focused,0.3313,0.4329,0.1632,14.5092
focused,0.3193,0.4461,0.1766,8.9716
focused,0.3084,0.5131,0.3209,-14.2314
focused,0.3106,0.5177,0.1894,-2.7306
focused,0.1788,0.4019,0.0088,14.8026
focused,0.2967,0.3757,0.0461,3.5344
focused,0.4042,0.461,0.2915,-4.4388
focused,0.2171,0.4005,0.1792,12.1855
focused,0.1499,0.3098,0.5549,-12.0289
focused,0.2152,0.361,0.5994,2.0036
focused,0.1458,0.4108,0.1513,-0.5347
focused,0.2525,0.4137,0.0856,4.3118
focused,0.3581,0.5104,0.1229,18.4593
focused,0.155,0.2929,0.2979,0.7553
focused,0.2528,0.4016,0.1078,-4.7681
focused,0.3031,0.469,0.2253,-5.6909
focused,0.3054,0.355,0.1627,-11.3713
focused,0.2398,0.4964,0.2703,3.8229
focused,0.2382,0.4071,0.176,1.5347
focused,0.1704,0.3745,0.1829,-3.897
focused,0.1156,0.4268,0.1322,-9.7888
focused,0.2531,0.4556,0.0265,-7.0854
focused,0.3682,0.4981,0.0684,-4.764
focused,0.3051,0.4655,0.1157,-8.267
focused,0.2761,0.4699,0.3221,10.2969
focused,0.3833,0.4908,0.1668,4.2355
focused,0.1377,0.4152,0.2129,-3.6739
focused,0.4021,0.3597,0.4189,-0.2154
focused,0.3037,0.4375,0.3583,-4.9449
focused,0.3103,0.4017,0.1579,-8.0697
focused,0.2618,0.3317,0.1553,9.3368
focused,0.322,0.3679,0.1872,-10.5948
focused,0.0422,0.282,0.3354,-21.7684
focused,0.277,0.3512,0.7171,4.5769
focused,0.3704,0.5357,0.0051,-1.1507
focused,0.3439,0.3267,0.3844,0.577
focused,0.3857,0.4731,0.4662,-27.8892
focused,0.2495,0.4513,0.1662,8.6644
focused,0.1651,0.4341,0.1222,-14.5484
focused,0.365,0.3882,0.2409,9.4985
focused,0.2281,0.4283,0.1785,-6.7311
focused,0.39,0.5184,0.2935,-3.962
focused,0.1384,0.4306,0.2757,0.0466
focused,0.2052,0.426,0.1795,-3.0544
focused,0.3123,0.4073,0.2524,-29.6578
focused,0.2725,0.4912,0.2097,-4.1379
focused,0.3065,0.3008,0.0865,-10.5042
focused,0.3201,0.2963,0.3086,-0.8342
focused,0.2814,0.329,0.2354,-1.6495
focused,0.2175,0.4306,0.1621,0.4878
focused,0.3695,0.4931,0.1852,2.8098
focused,0.2695,0.3487,0.172,22.4745
focused,0.4296,0.4764,0.004,-16.6437
focused,0.1988,0.42,0.0063,0.925
focused,0.3826,0.3294,0.0227,-11.8734
focused,0.1492,0.4293,0.2141,6.6137
focused,0.3296,0.4145,0.3551,-2.3573
focused,0.323,0.4883,0.0479,4.3954
focused,0.3589,0.3826,0.0359,-11.878
focused,0.3951,0.4613,0.227,-6.4139
focused,0.4661,0.5347,0.3893,-22.2741
focused,0.1549,0.2989,0.5191,-5.3633
focused,0.3728,0.4016,0.1571,10.5603
focused,0.2177,0.3395,0.0871,7.379
focused,0.3236,0.5937,0.1194,0.2987
focused,0.1503,0.4217,0.0221,-6.2741
focused,0.2424,0.5401,0.2166,13.4538
focused,0.3121,0.4435,0.1634,-0.2117
focused,0.1869,0.3639,0.0268,-10.8655
focused,0.1272,0.3578,0.1799,0.0616
focused,0.2615,0.4358,0.2222,-17.8932
focused,0.3139,0.4558,0.3408,-15.667
focused,0.3138,0.5125,0.1879,5.1303
focused,0.155,0.2972,0.091,28.603
focused,0.3458,0.3286,0.2403,3.3165
focused,0.2176,0.401,0.2606,-3.6126
focused,0.1468,0.3059,0.1959,-10.4746
focused,0.3057,0.4771,0.2844,-2.8817
focused,0.3684,0.4588,0.3642,-1.7754
focused,0.2234,0.3881,0.1614,7.0576
focused,0.0976,0.3706,0.2401,4.0776
focused,0.2658,0.3928,0.3132,-3.645
focused,0.3147,0.5094,0.1558,4.8505
focused,0.3429,0.4348,0.0058,-2.7057
focused,0.2284,0.3976,0.1875,-0.0688
focused,0.2806,0.2629,0.5694,0.6803
focused,0.2408,0.3804,0.3144,12.5847
focused,0.2367,0.3762,0.5391,1.3968
focused,0.2838,0.4278,0.1515,5.7893
focused,0.1372,0.4418,0.1296,-0.327
focused,0.1882,0.403,0.284,6.6123
focused,0.1824,0.3219,0.4484,24.4096
focused,0.2812,0.3798,0.1663,8.6002
focused,0.2896,0.5541,0.1427,5.0426
focused,0.3269,0.34,0.2336,-28.9651
focused,0.4313,0.5057,0.5949,-4.0151
focused,0.2715,0.457,0.0899,-0.3862
focused,0.3431,0.4612,0.2465,4.1873
focused,0.3102,0.519,0.2138,7.12
focused,0.1685,0.4299,0.1405,-5.9917
focused,0.3889,0.4657,0.1962,15.114
focused,0.2707,0.4278,0.0786,-9.3255
focused,0.3947,0.3504,0.4505,9.1639
focused,0.2564,0.4456,0.245,-17.9836
focused,0.2622,0.4731,0.0364,-3.5459
focused,0.2745,0.4631,0.1811,0.6807
focused,0.3869,0.5064,0.2763,6.3159
focused,0.3385,0.5067,0.1489,2.4749
focused,0.2487,0.4303,0.2168,-6.8592
focused,0.3531,0.4997,0.1621,5.309
focused,0.3723,0.3959,0.5136,-22.6402
focused,0.1066,0.3318,0.2064,32.6303
focused,0.1795,0.3279,0.2405,7.5948
focused,0.3701,0.4554,0.3929,1.4815
focused,0.2991,0.394,0.2386,1.1033
focused,0.1219,0.4401,0.2686,4.9858
focused,0.2773,0.3453,0.3301,12.4161
focused,0.1016,0.4484,0.273,-0.1394
focused,0.2655,0.3828,0.1281,5.6024
focused,0.2675,0.4048,0.1016,-0.1072
focused,0.2082,0.4353,0.084,-4.484
focused,0.3453,0.4778,0.1657,-4.7868
focused,0.2483,0.579,0.2004,3.6635
focused,0.2599,0.4672,0.1462,0.0345
focused,0.2697,0.447,0.0922,1.657
focused,0.3367,0.5945,0.1224,-14.9764
focused,0.2711,0.5403,0.1137,26.5999
focused,0.2143,0.3263,0.2044,-11.4807
focused,0.2753,0.4526,0.0134,0.5066
focused,0.3775,0.469,0.0264,4.705
focused,0.4017,0.4512,0.1251,-5.5945
focused,0.2494,0.4429,0.2104,17.9634
focused,0.3023,0.4291,0.2521,0.0605
focused,0.1125,0.4654,0.5962,-9.0652
focused,0.2441,0.3165,0.2259,-14.9409
focused,0.2563,0.4936,0.0961,-4.049
focused,0.3178,0.2913,0.2325,-13.976
focused,0.2615,0.4757,0.1905,-3.6593
focused,0.3455,0.4356,0.1505,-0.8781
focused,0.2762,0.5114,0.2589,1.1747
focused,0.4002,0.5299,0.0287,-6.537
focused,0.2691,0.4389,0.1937,-2.0701
focused,0.3236,0.5937,0.1194,0.2987
focused,0.1773,0.3081,0.4549,-9.3659
focused,0.3794,0.3819,0.3076,-2.4651
focused,0.4484,0.4537,0.316,-4.5496
focused,0.2802,0.3014,0.5228,10.8641
focused,0.3571,0.5309,0.1902,-17.7932
focused,0.35,0.3337,0.1518,-0.9243
focused,0.1875,0.3878,0.1335,6.1082
focused,0.1622,0.3657,0.1223,-4.7022
focused,0.3463,0.3585,0.2074,-14.6411
focused,0.3251,0.4483,0.2946,3.0647
focused,0.4366,0.5264,0.0211,14.3776
focused,0.1987,0.3813,0.2312,10.6051
focused,0.1331,0.2723,0.2252,-12.0841
focused,0.3098,0.2896,0.244,13.934
focused,0.2342,0.3795,0.4411,40.1152
focused,0.2954,0.265,0.1184,1.3643
focused,0.3342,0.4227,0.1511,-8.158
focused,0.2889,0.3656,0.0063,40.927
focused,0.2782,0.4734,0.3493,21.0214
focused,0.1861,0.454,0.3064,3.0213
focused,0.3878,0.4276,0.2737,1.6109
focused,0.282,0.4619,0.1832,0.4661
focused,0.0347,0.3863,0.0654,33.3147
focused,0.4018,0.398,0.5898,-11.7492
focused,0.1483,0.3648,0.2135,5.3828
focused,0.1858,0.4103,0.1756,-8.9929
focused,0.1792,0.543,0.0876,-4.6741
focused,0.362,0.5898,0.0411,-29.5526
focused,0.358,0.4141,0.3279,-1.3616
focused,0.239,0.5075,0.2143,-11.1475
focused,0.3192,0.4797,0.1051,4.7404
focused,0.3295,0.4707,0.036,-3.6707
focused,0.2383,0.3992,0.3505,-7.0693
focused,0.2333,0.5142,0.1633,-8.5162
focused,0.2598,0.2454,0.2299,-16.1088
focused,0.3981,0.4279,0.3725,5.2905
focused,0.2815,0.5382,0.0515,-3.4249
focused,0.2887,0.4794,0.2518,-1.2278
focused,0.2862,0.4348,0.0501,-2.7607
focused,0.2342,0.533,0.2354,21.0192
focused,0.3789,0.4051,0.2126,1.5627
focused,0.3504,0.4936,0.1812,-3.2257
focused,0.2984,0.3487,0.1989,-14.0513
focused,0.1553,0.5512,0.1181,16.4037
focused,0.3563,0.495,0.1556,-6.3505
focused,0.2183,0.5371,0.0644,-6.1821
focused,0.1501,0.3629,0.4753,30.2103
focused,0.1605,0.4552,0.3374,8.7395
focused,0.3312,0.3937,0.2741,-0.3701
focused,0.349,0.4951,0.5554,8.7336
focused,0.0545,0.4543,0.0893,3.7364
focused,0.2728,0.3754,0.1833,-5.1726
focused,0.3315,0.467,0.2282,-15.0549
focused,0.1458,0.3727,0.5278,6.1013
focused,0.3012,0.4664,0.2019,-9.1423
focused,0.2393,0.5297,0.2933,-0.5655
focused,0.3211,0.4792,0.0072,-4.215
focused,0.3593,0.4813,0.2381,-2.9855
focused,0.2787,0.5221,0.0137,-5.8365
focused,0.3406,0.472,0.2175,15.243
focused,0.2729,0.4946,0.063,-2.6862
focused,0.1359,0.3866,0.3317,16.0089
focused,0.4478,0.4222,0.3575,0.9785
focused,0.1269,0.4679,0.1373,2.0562
focused,0.2442,0.4715,0.3969,9.2755
focused,0.1969,0.4017,0.2982,-9.1805
focused,0.25,0.4507,0.0255,-0.9468
focused,0.2054,0.4186,0.1217,-8.6584
focused,0.3179,0.369,0.3061,-7.7009
focused,0.1261,0.3288,0.1343,-1.9147
focused,0.3711,0.4683,0.0991,9.4798
focused,0.2435,0.4043,0.6555,18.9156
focused,0.1606,0.4303,0.0773,0.2062
focused,0.0617,0.3353,0.4305,13.6356
focused,0.2967,0.3985,0.2334,5.5663
focused,0.2934,0.441,0.1171,-5.0191
focused,0.0309,0.4394,0.0724,33.9896
focused,0.2731,0.3385,0.1427,-3.7643
focused,0.1774,0.3901,0.1903,0.5287
focused,0.3444,0.4194,0.3393,-4.0466
focused,0.3618,0.3901,0.7179,2.3327
focused,0.2643,0.3547,0.0104,2.1509
focused,0.2593,0.3665,0.1848,-0.9193
focused,0.1479,0.4638,0.1674,2.918
focused,0.1202,0.2855,0.0637,3.2413
focused,0.1803,0.3378,0.2755,11.4658
focused,0.0497,0.48,0.2298,9.9226
focused,0.3182,0.4383,0.01,12.6215
focused,0.4265,0.5226,0.1358,-4.6364
focused,0.2517,0.3484,0.3282,15.3549
focused,0.3751,0.31,0.4194,0.0738
focused,0.2834,0.4713,0.0484,0.1206
focused,0.2731,0.4442,0.1711,-3.0446
focused,0.3125,0.6062,0.1303,11.532
focused,0.2318,0.3536,0.6373,10.4442
focused,0.1021,0.4183,0.0043,-6.1097
focused,0.2525,0.4362,0.5392,-5.521
focused,0.3605,0.4663,0.131,19.5805
focused,0.3674,0.4982,0.1806,-14.6629
focused,0.1391,0.3677,0.3279,13.9896
focused,0.4111,0.3667,0.2196,6.2749
focused,0.1423,0.3941,0.1622,-2.5559
focused,0.3597,0.5522,0.0789,-1.2106
focused,0.2341,0.407,0.5064,-0.7256
focused,0.3542,0.3815,0.4731,-12.6288
focused,0.1663,0.3418,0.6158,-7.4425
focused,0.1349,0.3499,0.1969,-1.9507
focused,0.0392,0.4356,0.3688,-0.1687
focused,0.4227,0.5207,0.3685,-5.5845
focused,0.326,0.4025,0.2842,-23.2934
focused,0.3385,0.4189,0.1812,-0.6331
focused,0.3797,0.4676,0.1325,-6.0013
focused,0.0476,0.3475,0.2117,8.7683
focused,0.0768,0.3383,0.2105,0.1929
focused,0.1921,0.4516,0.229,-11.185
focused,0.1874,0.4211,0.3732,-2.5822
focused,0.3762,0.4229,0.258,-8.2937
focused,0.0818,0.4362,0.2699,-0.0517
focused,0.0835,0.498,0.2543,17.9582
focused,0.305,0.4413,0.1878,0.0123
focused,0.2419,0.4163,0.0226,-2.7856
focused,0.3534,0.427,0.1544,6.2371
focused,0.3302,0.431,0.1898,1.9395
focused,0.4914,0.4908,0.0549,-2.4823
focused,0.3224,0.4939,0.0809,-0.0086
focused,0.2445,0.481,0.1238,2.6643
focused,0.2725,0.3857,0.1999,-8.1003
focused,0.2329,0.4783,0.1765,-7.6526
focused,0.3274,0.406,0.3577,-9.6767
focused,0.3218,0.3717,0.1891,-3.4979
focused,0.2496,0.3767,0.2185,-14.2566
focused,0.3565,0.4779,0.2363,1.6775
focused,0.2897,0.5356,0.2422,14.824
focused,0.2735,0.3816,0.1201,3.6508
focused,0.2686,0.3191,0.2005,-18.741
focused,0.3489,0.5259,0.1877,0.7042
focused,0.1242,0.4548,0.3044,-2.8435
focused,0.3606,0.441,0.129,0.0087
focused,0.3517,0.5054,0.2092,5.371
focused,0.1376,0.2547,0.2031,-54.3134
focused,0.3444,0.4619,0.2844,4.0054
focused,0.3517,0.4792,0.2876,8.2528
focused,0.0649,0.4252,0.1466,-10.3513
focused,0.3568,0.5412,0.0035,20.1666
focused,0.2295,0.4899,0.3054,-0.7551
focused,0.2804,0.2945,0.5191,-36.4028
focused,0.2578,0.4381,0.1862,-15.4585
focused,0.2572,0.4953,0.6078,-0.1075
focused,0.4084,0.4594,0.1589,7.7648
focused,0.2488,0.2028,0.027,24.0871
focused,0.3231,0.1867,0.4563,-5.6434
focused,0.2269,0.2521,0.0618,12.4689
focused,0.2426,0.2888,0.0474,-0.3921
focused,0.3674,0.3921,0.258,-7.8452
focused,0.1934,0.3949,0.1442,11.2595
focused,0.2776,0.4234,0.1304,-1.4513
focused,0.3538,0.4766,0.1733,-0.4918
focused,0.3976,0.4994,0.2093,-1.5154
focused,0.2316,0.4463,0.0391,2.2094
focused,0.1553,0.3519,0.0465,-0.7807
focused,0.3177,0.4399,0.1282,2.5688
focused,0.2015,0.1085,0.0361,12.008
focused,0.3471,0.4725,0.1243,2.8361
focused,0.1346,0.2778,0.3183,7.6816
focused,0.2584,0.414,0.2032,-3.155
focused,0.1862,0.2107,0.4085,-12.8036
focused,0.5058,0.5919,0.2674,3.1488
focused,0.3443,0.4586,0.1861,1.2624
focused,0.2236,0.4514,0.2493,-10.2045
focused,0.4016,0.4903,0.1336,13.498
focused,0.1757,0.5873,0.0986,1.4557
focused,0.2989,0.3806,0.1053,2.5728
focused,0.2876,0.3975,0.2194,16.9715
focused,0.2571,0.3285,0.364,-6.3536
focused,0.2301,0.3942,0.1163,11.0819
focused,0.3019,0.3283,0.8809,22.0374
focused,0.3353,0.3221,0.2321,5.5611
focused,0.1204,0.3765,0.5781,-4.6882
focused,0.1339,0.2257,0.4805,2.6482
focused,0.1378,0.2955,0.4164,31.1499
focused,0.2777,0.6535,0.1718,6.3135
focused,0.3889,0.3809,0.14,-0.0678
focused,0.3778,0.471,0.0008,10.0009
focused,0.3267,0.4808,0.2083,14.6394
focused,0.3056,0.4255,0.2855,5.3002
focused,0.2323,0.385,0.0206,-4.7861
focused,0.2888,0.5051,0.0673,-4.193
focused,0.1895,0.3876,0.3773,-27.0127
focused,0.338,0.4484,0.0503,-8.9864
focused,0.1599,0.3216,0.3692,-1.2855
focused,0.3076,0.4794,0.1798,-1.3558
focused,0.3567,0.4719,0.1062,-2.9091
focused,0.3138,0.4222,0.2865,-2.0766
focused,0.296,0.4841,0.1547,0.4373
focused,0.323,0.4159,0.2506,3.806
focused,0.0951,0.4118,0.267,3.3369
focused,0.2408,0.4386,0.1763,-10.429
focused,0.2855,0.3577,0.2237,7.7
focused,0.1781,0.4567,0.4399,11.3876
focused,0.3641,0.3988,0.5056,-5.1706
focused,0.3153,0.4088,0.1768,-2.3442
focused,0.2897,0.4648,0.1793,-3.5179
focused,0.075,0.391,0.1022,0.1889
focused,0.1631,0.3257,0.1811,-6.2146
focused,0.3138,0.4869,0.1585,3.977
focused,0.2867,0.4584,0.1223,16.6216
focused,0.3493,0.4738,0.0195,-6.7582
focused,0.2577,0.5349,0.2025,3.9783
focused,0.1497,0.414,0.2358,8.3499
focused,0.3265,0.4553,0.0545,3.4068
focused,0.2846,0.4475,0.2595,18.7868
focused,0.2439,0.4898,0.1687,-2.7121
focused,0.226,0.3568,0.4603,14.391
focused,0.2635,0.4465,0.217,2.5777
focused,0.3455,0.4617,0.1175,8.8595
focused,0.3331,0.4252,0.2069,5.4939
focused,0.3047,0.4261,0.1481,0.8979
focused,0.1756,0.4343,0.2994,-0.105
focused,0.2823,0.363,0.4808,17.6749
focused,0.135,0.4271,0.352,26.9062
focused,0.2477,0.4555,0.3995,-1.1864
focused,0.2688,0.5344,0.1603,1.6879
focused,0.1745,0.4168,0.2971,-0.432
focused,0.2292,0.3554,0.175,-0.379
focused,0.1572,0.313,0.2656,14.643
focused,0.2128,0.3931,0.3602,9.617
focused,0.0646,0.3392,0.0318,-37.8027
focused,0.2819,0.3319,0.1675,5.7808
focused,0.2518,0.3515,0.139,-3.6006
focused,0.296,0.4652,0.1906,0.6998
focused,0.1208,0.4545,0.668,7.4142
focused,0.3852,0.5714,0.1594,-7.1306
focused,0.2628,0.4334,0.2493,-6.0999
focused,0.2903,0.4668,0.1365,-9.5335
focused,0.0419,0.418,0.2225,-11.5589
focused,0.3682,0.5557,0.0093,-5.5891
focused,0.2971,0.3014,0.2499,3.343
focused,0.1136,0.3639,0.2624,2.2037
focused,0.2056,0.3321,0.1558,-6.2673
focused,0.2212,0.4899,0.0381,16.3427
focused,0.1388,0.442,0.1322,-8.4242
focused,0.2567,0.4789,0.2108,-3.9687
focused,0.2238,0.4859,0.1982,-3.1166
focused,0.3099,0.5241,0.0372,-0.325
focused,0.3773,0.4873,0.2188,-8.0321
focused,0.3055,0.4032,0.2372,-1.0452
focused,0.3007,0.4284,0.1274,2.3868
focused,0.2258,0.4575,0.3469,-43.6582
focused,0.3817,0.4347,0.0628,-1.7179
focused,0.3688,0.4117,0.1883,7.6166
focused,0.2607,0.5589,0.0094,0.2251
focused,0.0889,0.4906,0.097,-16.0871
focused,0.3342,0.5519,0.1503,-9.7638
focused,0.2332,0.475,0.1707,3.39
focused,0.3131,0.485,0.0924,49.7759
focused,0.3463,0.3763,0.1208,-0.6936
focused,0.3456,0.4587,0.039,22.8888
focused,0.0849,0.3657,0.2649,8.1882
focused,0.3766,0.3752,0.2912,3.162
focused,0.3085,0.5901,0.0149,2.5841
focused,0.1686,0.2916,0.1654,18.2241
focused,0.2861,0.4675,0.2191,-0.7282
focused,0.4077,0.3831,0.1767,-14.4051
focused,0.3316,0.4882,0.0442,8.2792
focused,0.3443,0.3688,0.3454,7.8831
focused,0.1572,0.4184,0.2448,-18.4999
focused,0.254,0.3268,0.2343,5.7275
focused,0.3215,0.4453,0.3295,1.145
focused,0.3714,0.5389,0.3746,1.2483
focused,0.2883,0.4855,0.2225,35.3146
focused,0.1961,0.4498,0.0022,8.4313
focused,0.1362,0.3175,0.1921,1.4112
focused,0.408,0.4627,0.593,-2.1971
focused,0.1587,0.4609,0.1437,-5.0092
focused,0.4176,0.3909,0.4902,10.6611
focused,0.2981,0.4818,0.3702,7.5751
focused,0.3545,0.3014,0.1793,-3.992
focused,0.3537,0.4877,0.1551,-4.153
focused,0.2951,0.3107,0.1815,8.5071
focused,0.3851,0.4348,0.1972,-10.6896
focused,0.2176,0.4251,0.1405,8.095
focused,0.1987,0.3906,0.1254,6.5025
focused,0.3567,0.34,0.2345,-10.9121
focused,0.28,0.4075,0.1303,4.2047
focused,0.2945,0.4812,0.1629,4.9698
focused,0.413,0.3323,0.4415,-10.0982
focused,0.2298,0.449,0.2036,-12.7327
focused,0.2585,0.3653,0.1909,3.5313
focused,0.3033,0.4611,0.371,-2.7123
focused,0.3619,0.3351,0.0147,-0.839
focused,0.3121,0.3198,0.3937,0.8833
focused,0.3256,0.343,0.2082,-9.6426
focused,0.1866,0.4778,0.2858,-12.6601
focused,0.0419,0.4244,0.2582,4.9378
focused,0.327,0.5192,0.0085,-0.7553
focused,0.1546,0.2989,0.0252,1.0563
focused,0.2424,0.5146,0.12,9.3873
focused,0.3674,0.5441,0.0573,1.8403
focused,0.2794,0.6003,0.2261,-1.7058
focused,0.3873,0.4504,0.0029,-9.9244
focused,0.0838,0.2907,0.0069,0.3012
focused,0.3706,0.4348,0.3044,-16.542
focused,0.1347,0.4477,0.0423,-6.3769
focused,0.3697,0.4777,0.0686,8.1206
focused,0.2883,0.4568,0.2547,-3.3805
focused,0.1678,0.4678,0.1337,0.5793
focused,0.246,0.3517,0.5649,8.2839
focused,0.0843,0.4993,0.1711,-10.8944
focused,0.2836,0.4396,0.2769,-3.3081
focused,0.232,0.3425,0.1666,12.9405
focused,0.0898,0.4333,0.1527,-2.6848
focused,0.1774,0.431,0.1499,-0.762
focused,0.4336,0.4388,0.4087,4.439
focused,0.0618,0.5448,0.2926,20.205
focused,0.3495,0.5225,0.0983,1.2237
focused,0.3278,0.5446,0.0315,0.5242
focused,0.1629,0.3664,0.3076,-0.7284
focused,0.3086,0.6187,0.0178,35.3033
focused,0.4562,0.304,0.2466,9.6683
focused,0.3716,0.4882,0.1824,-5.9145
focused,0.3728,0.4779,0.1936,-23.3644
focused,0.1826,0.4367,0.1191,-4.1796
focused,0.3907,0.4494,0.1504,9.5446
focused,0.3485,0.4137,0.1007,6.4607
focused,0.0946,0.3629,0.4024,-0.0225
focused,0.3205,0.461,0.0075,-4.7967
focused,0.2775,0.3575,0.2935,2.867
focused,0.3554,0.5941,0.2816,2.0844
focused,0.347,0.3925,0.0074,7.8101
focused,0.0938,0.3912,0.2103,-2.9815
focused,0.3071,0.5142,0.1682,27.4222
focused,0.0545,0.3683,0.22,4.2562
focused,0.4419,0.2804,0.2163,35.4408
focused,0.1125,0.3704,0.1973,-11.1328
focused,0.2457,0.5782,0.1903,-3.7629
focused,0.1295,0.3115,0.5119,10.7681
focused,0.1982,0.454,0.219,2.9235
focused,0.1611,0.4455,0.1568,-0.0746
focused,0.3722,0.4109,0.2114,-3.6661
focused,0.1895,0.4409,0.2253,1.0035
focused,0.1562,0.2732,0.3575,4.9237
focused,0.3173,0.5666,0.0996,1.8844
focused,0.2519,0.5056,0.0076,-21.4303
focused,0.2742,0.4701,0.2127,12.2538
focused,0.3086,0.5972,0.2675,10.1102
focused,0.3104,0.4603,0.106,8.6911
focused,0.3226,0.4367,0.1475,-15.9174
focused,0.2111,0.4746,0.3122,-10.1538
focused,0.4403,0.4654,0.0447,-0.7897
focused,0.3063,0.5042,0.1228,0.5183
focused,0.2157,0.4419,0.1544,-13.7744
focused,0.3165,0.4626,0.2639,-6.2803
focused,0.4915,0.4146,0.4491,-15.1402
focused,0.3954,0.4992,0.069,4.106
focused,0.242,0.4661,0.0206,-6.1307
focused,0.3016,0.3973,0.5747,0.675
focused,0.3794,0.5861,0.0572,1.2393
focused,0.2435,0.4741,0.2324,1.5481
focused,0.3251,0.514,0.1034,-1.9858
focused,0.0807,0.4373,0.1096,6.935
focused,0.3812,0.399,0.1611,-6.1346
focused,0.0922,0.2468,0.5621,34.6624
focused,0.3226,0.3744,0.2085,-21.1238
focused,0.1537,0.3102,0.4413,26.6327
focused,0.285,0.3975,0.0922,32.1327
focused,0.1354,0.3985,0.1732,10.7903
focused,0.2603,0.4019,0.0515,-14.3618
focused,0.2329,0.4988,0.1193,-5.8913
focused,0.2551,0.5079,0.2401,-13.8201
focused,0.2402,0.3719,0.5939,12.0274
focused,0.2979,0.4919,0.1801,0.1004
focused,0.2469,0.4189,0.1766,-13.378
focused,0.1707,0.3224,0.5819,-37.3354
focused,0.1347,0.5108,0.2123,-1.5737
focused,0.2432,0.3884,0.4299,-6.4326
focused,0.3292,0.3796,0.6071,-7.9295
focused,0.2358,0.3583,0.3626,6.2513
focused,0.2754,0.3742,0.2768,-3.5563
focused,0.3423,0.5487,0.179,15.4779
focused,0.4077,0.429,0.6629,-0.7733
focused,0.1328,0.4539,0.2067,2.6888
focused,0.3359,0.3974,0.1923,-6.0196
focused,0.1067,0.4281,0.4384,-2.5032
focused,0.2562,0.376,0.0279,6.2815
focused,0.1933,0.4036,0.2241,-11.6346
focused,0.158,0.4097,0.1694,4.8315
focused,0.1437,0.3693,0.2566,5.8974
focused,0.1622,0.41,0.3397,-11.2467
focused,0.3631,0.5029,0.24,7.423
focused,0.2729,0.4778,0.0095,-3.9222
focused,0.1543,0.3826,0.3985,0.9824
focused,0.096,0.5301,0.2398,-8.6489
focused,0.2023,0.3276,0.3721,4.1826
focused,0.2787,0.4073,0.2475,11.4505
focused,0.3841,0.5149,0.3125,2.8271
focused,0.3226,0.5388,0.0988,5.5084
focused,0.3359,0.4144,0.301,-6.9837
focused,0.2784,0.438,0.1662,5.3028
focused,0.3464,0.2932,0.2829,12.6659
focused,0.1738,0.3227,0.4575,25.3597
focused,0.3087,0.4525,0.1452,-8.0143
focused,0.3319,0.5013,0.0292,4.298
focused,0.3361,0.671,0.1383,6.2165
focused,0.3136,0.4742,0.2263,0.5928
focused,0.2756,0.4464,0.1755,0.2169
focused,0.3476,0.3633,0.4456,-17.4388
focused,0.3081,0.2602,0.038,1.7365
focused,0.2838,0.5024,0.342,-4.1665
focused,0.1043,0.4525,0.125,-5.869
focused,0.294,0.4206,0.0121,-7.6645
focused,0.0766,0.3722,0.2834,3.2759
focused,0.3816,0.4466,0.1377,-15.2491
focused,0.3447,0.4669,0.1476,18.5243
focused,0.1739,0.4213,0.1796,6.3992
focused,0.1329,0.3029,0.7385,-5.3346
focused,0.263,0.4547,0.0123,2.8793
focused,0.2561,0.2942,0.1811,27.2947
focused,0.2575,0.5371,0.1298,-21.6959
focused,0.2446,0.3439,0.5402,4.9795
focused,0.292,0.476,0.3095,-0.1957
focused,0.3311,0.436,0.1981,-15.5361
focused,0.2748,0.393,0.2234,4.3092
focused,0.2336,0.4033,0.2352,-3.1488
focused,0.2753,0.6001,0.1958,-28.8733
focused,0.1918,0.4296,0.1761,8.9067
focused,0.1622,0.475,0.2449,-9.3184
focused,0.3518,0.259,0.5976,36.5443
focused,0.3021,0.4116,0.2222,-2.9798
focused,0.235,0.4219,0.1032,3.393
focused,0.0669,0.3171,0.3038,-2.0276
focused,0.4152,0.5401,0.0221,-12.7373
focused,0.2337,0.4267,0.1773,-3.9817
focused,0.4339,0.3169,0.2018,7.2592
focused,0.3268,0.361,0.169,-13.5604
focused,0.0854,0.4667,0.2788,5.0641
focused,0.0865,0.4315,0.1752,-1.7434
focused,0.3731,0.5695,0.0851,-7.3184
focused,0.2031,0.4058,0.1912,-0.3989
focused,0.3439,0.3715,0.1203,-12.3786
focused,0.2212,0.3656,0.2575,-15.0531
focused,0.3008,0.5021,0.0546,3.7795
focused,0.4416,0.3587,0.1335,12.3278
focused,0.2916,0.4509,0.2576,-15.0594
focused,0.2853,0.4464,0.2276,-12.5871
focused,0.2281,0.4086,0.1753,-6.5625
focused,0.4065,0.4375,0.0606,-6.9187
focused,0.3885,0.399,0.2379,-0.5679
focused,0.2559,0.3543,0.2148,-21.1481
focused,0.324,0.3122,0.2893,-2.0056
focused,0.265,0.5287,0.2146,3.9501
focused,0.1304,0.3443,0.0198,0.2701
focused,0.3538,0.3395,0.0792,7.1572
focused,0.1208,0.3603,0.3752,-25.128
focused,0.4374,0.3969,0.4502,2.9777
focused,0.3087,0.3037,0.0557,-14.4413
focused,0.3451,0.3094,0.0259,26.6679
focused,0.2799,0.54,0.3081,-4.0612
focused,0.3021,0.411,0.2468,-11.2742
focused,0.2035,0.3961,0.306,-2.6183
focused,0.3057,0.5958,0.0206,-9.5814
focused,0.3162,0.5572,0.1651,-10.8501
focused,0.2635,0.3914,0.5661,-6.6178
focused,0.2863,0.5352,0.1541,0.408
focused,0.2961,0.5655,0.0303,-25.2755
focused,0.2446,0.4283,0.0942,-0.3479
focused,0.3568,0.4956,0.1855,-2.4156
focused,0.3693,0.5944,0.1003,-4.2202
focused,0.3515,0.4437,0.3713,-2.8213
focused,0.1101,0.3054,0.6526,-4.5303
focused,0.3044,0.4142,0.304,11.0539
focused,0.3086,0.4501,0.0907,-12.5376
focused,0.3133,0.4301,0.1405,72.6885
focused,0.0582,0.3801,0.436,-15.8596
focused,0.2864,0.4051,0.3385,0.7236
focused,0.2192,0.3024,0.2641,13.9862
focused,0.2775,0.4717,0.1462,-4.144
focused,0.239,0.4579,0.1487,-12.7862
focused,0.3611,0.4592,0.5126,2.4111
focused,0.1943,0.3741,0.3038,-6.9311
focused,0.3001,0.4592,0.1703,-15.4812
focused,0.428,0.4492,0.1691,-3.6742
focused,0.4163,0.4535,0.0543,13.0116
focused,0.2835,0.5448,0.2865,-2.0029
focused,0.2702,0.4738,0.2975,-10.1048
focused,0.4101,0.6752,0.0135,-6.6431
focused,0.1342,0.4082,0.0667,-9.9327
focused,0.2498,0.4526,0.1685,-3.3041
focused,0.3426,0.5275,0.0059,11.0416
focused,0.2928,0.4598,0.1866,0.3959
focused,0.2605,0.4466,0.15,-1.6863
focused,0.1324,0.456,0.2922,-5.7769
focused,0.2824,0.4831,0.2914,-1.4788
focused,0.3018,0.4341,0.0013,-1.1239
focused,0.1178,0.3013,0.1439,-5.3994
focused,0.086,0.3423,0.2851,-10.854
focused,0.2322,0.4313,0.2419,-13.1945
focused,0.3152,0.4475,0.205,4.1702
focused,0.4538,0.561,0.3141,-13.6232
focused,0.3167,0.4913,0.1146,-15.9381
focused,0.1975,0.3712,0.1102,-1.7159
focused,0.1941,0.3552,0.2193,0.9607
focused,0.2683,0.4772,0.3001,5.5198
neutral,0.3364,0.5302,0.0048,4.2515
neutral,0.3989,0.5258,0.0664,5.9981
neutral,0.3307,0.3402,0.0056,2.1937
neutral,0.3653,0.5323,0.0099,-2.1566
neutral,0.4602,0.41,0.0699,9.6242
neutral,0.0972,0.4557,0.0107,-11.3745
neutral,0.3311,0.7462,0.0094,-0.5109
neutral,0.3603,0.4878,0.0721,0.6709
neutral,0.2927,0.4718,0.0094,-4.0835
neutral,0.3631,0.6419,0.01,-16.2898
neutral,0.3572,0.379,0.0239,-2.6047
neutral,0.0879,0.3443,0.3581,-2.9877
neutral,0.3167,0.4888,0.039,5.3034
neutral,0.2841,0.3938,0.1062,-3.2071
neutral,0.2251,0.4796,0.0184,-7.1247
neutral,0.3115,0.4564,0.0237,-4.8134
neutral,0.3165,0.3117,0.0235,-13.3182
neutral,0.3824,0.4575,0.1993,-2.2957
neutral,0.3528,0.4346,0.0043,0.8964
neutral,0.315,0.3516,0.1063,-4.0401
neutral,0.3193,0.3422,0.2829,-3.1185
neutral,0.3001,0.4407,0.0156,20.3494
neutral,0.2978,0.4891,0.0063,-3.7782
neutral,0.2894,0.393,0.1129,-7.1499
neutral,0.3934,0.45,0.0277,-3.1912
neutral,0.2338,0.3882,0.0507,-3.1658
neutral,0.3646,0.4894,0.0146,10.1171
neutral,0.3707,0.3873,0.0064,4.8091
neutral,0.323,0.4697,0.0653,-9.0259
neutral,0.2377,0.3478,0.043,3.1925
neutral,0.2541,0.4205,0.0246,2.391
neutral,0.4237,0.395,0.1588,-4.9643
neutral,0.2587,0.3265,0.1556,-3.7232
neutral,0.3322,0.4885,0.3492,-1.2354
neutral,0.3021,0.3971,0.0089,3.8442
neutral,0.3149,0.3443,0.039,0.8832
neutral,0.3435,0.4494,0.0489,-17.1308
neutral,0.294,0.5083,0.0992,-3.8456
neutral,0.3992,0.5184,0.1829,-0.4251
neutral,0.2391,0.3075,0.012,-2.9627
neutral,0.3501,0.5391,0.0057,27.2907
neutral,0.2707,0.4426,0.1117,-5.5697
neutral,0.3976,0.3801,0.0565,-10.4886
neutral,0.1855,0.4744,0.1486,-2.7152
neutral,0.3563,0.3975,0.1378,5.9717
neutral,0.3434,0.5593,0.0057,4.765
neutral,0.3634,0.3925,0.045,-2.9219
neutral,0.3259,0.5126,0.0722,0.0174
neutral,0.3685,0.6225,0.0073,-10.7603
neutral,0.3202,0.4827,0.224,-1.134
neutral,0.3802,0.4148,0.0071,-0.8144
neutral,0.1564,0.3389,0.0704,-12.1917
neutral,0.3258,0.3809,0.0609,3.0879
neutral,0.3273,0.378,0.2396,15.1752
neutral,0.3699,0.3536,0.0158,2.729
neutral,0.3697,0.4826,0.015,15.9076
neutral,0.1358,0.5422,0.0308,0.021
neutral,0.1898,0.326,0.0894,-3.564
neutral,0.181,0.354,0.5422,6.1842
neutral,0.2463,0.3448,0.0282,-1.6812
neutral,0.294,0.3852,0.1139,6.3771
neutral,0.3814,0.4586,0.2807,2.8636
neutral,0.176,0.4335,0.0091,0.5175
neutral,0.3997,0.359,0.2811,3.2415
neutral,0.2549,0.4652,0.1263,1.2812
neutral,0.3097,0.3854,0.017,-11.2191
neutral,0.3258,0.4915,0.0018,4.2629
neutral,0.0308,0.4631,0.008,1.7113
neutral,0.3889,0.4309,0.071,-6.2379
neutral,0.2917,0.3685,0.0382,4.4349
neutral,0.3858,0.36,0.1576,8.241
neutral,0.2455,0.4193,0.0197,-5.6985
neutral,0.4398,0.4181,0.0113,-8.3781
neutral,0.3268,0.4759,0.2382,5.1728
neutral,0.3634,0.4202,0.0131,-0.8593
neutral,0.3529,0.4831,0.0276,0.0798
neutral,0.076,0.4458,0.1299,-2.636
neutral,0.3237,0.4494,0.0057,3.3876
neutral,0.3243,0.602,0.0131,-1.6806
neutral,0.3713,0.4842,0.0072,-5.7342
neutral,0.2739,0.4533,0.1717,1.1761
neutral,0.4639,0.4611,0.0947,3.4294
neutral,0.3797,0.4191,0.2312,-0.6033
neutral,0.3649,0.3895,0.0134,-9.6857
neutral,0.3602,0.4714,0.0049,1.5204
neutral,0.3473,0.6209,0.2354,-8.9471
neutral,0.3531,0.5526,0.0068,8.7909
neutral,0.2564,0.3787,0.0261,-19.4031
neutral,0.3708,0.4596,0.0173,-7.8626
neutral,0.3774,0.5407,0.0144,-3.6059
neutral,0.3844,0.4254,0.0039,14.4736
neutral,0.3675,0.549,0.019,-10.5165
neutral,0.2943,0.4295,0.2658,0.1318
neutral,0.378,0.3817,0.0241,-6.4985
neutral,0.3076,0.3571,0.0236,3.0543
neutral,0.3543,0.4476,0.0789,-17.9055
neutral,0.4015,0.4653,0.037,-7.368
neutral,0.3329,0.42,0.067,3.7904
neutral,0.3085,0.4339,0.0438,-1.9367
neutral,0.2726,0.2952,0.2804,-5.2738
neutral,0.2926,0.4594,0.0224,2.5949
neutral,0.2329,0.4259,0.0284,5.825
neutral,0.3172,0.479,0.0903,2.1547
neutral,0.2234,0.4322,0.0285,-6.3977
neutral,0.375,0.369,0.1267,-1.3493
neutral,0.3792,0.4308,0.0429,27.191
neutral,0.3243,0.4679,0.1162,-5.1516
neutral,0.2325,0.4719,0.066,-0.2265
neutral,0.2936,0.4832,0.375,-11.1882
neutral,0.487,0.4789,0.3912,-7.4552
neutral,0.2406,0.4594,0.0184,1.1094
neutral,0.319,0.442,0.0108,-6.5865
neutral,0.3592,0.3468,0.0182,-41.6762
neutral,0.315,0.2716,0.0395,7.2206
neutral,0.3463,0.4591,0.0231,-6.2766
neutral,0.3848,0.479,0.132,-7.6369
neutral,0.3699,0.5231,0.0337,-2.0168
neutral,0.3604,0.3188,0.0654,-13.3808
neutral,0.4114,0.538,0.0241,-0.397
neutral,0.1874,0.3775,0.0703,0.3694
neutral,0.2801,0.4355,0.0164,-6.9974
neutral,0.2589,0.3474,0.0224,4.8471
neutral,0.2346,0.4671,0.0526,0.2185
neutral,0.1669,0.3994,0.2694,-4.1561
neutral,0.3337,0.3078,0.0203,0.9389
neutral,0.2717,0.4896,0.0137,-0.0673
neutral,0.3909,0.4052,0.273,-5.4706
neutral,0.3464,0.3422,0.0467,-2.9475
neutral,0.3387,0.4466,0.0292,2.6657
neutral,0.3154,0.4826,0.0249,0.4769
neutral,0.2584,0.3335,0.0516,-36.4959
neutral,0.3407,0.5716,0.0213,-7.5538
neutral,0.3018,0.367,0.005,1.957
neutral,0.3148,0.5178,0.0845,-0.9793
neutral,0.268,0.4838,0.2193,1.7493
neutral,0.3284,0.4302,0.1149,3.4085
neutral,0.3703,0.5367,0.2077,8.8832
neutral,0.4784,0.4383,0.0081,2.3532
neutral,0.3385,0.4836,0.0045,3.6352
neutral,0.1725,0.4522,0.1378,-4.3771
neutral,0.2975,0.377,0.1321,3.7718
neutral,0.3007,0.3126,0.0871,-2.9291
neutral,0.4011,0.5188,0.0602,2.2073
neutral,0.3533,0.4976,0.0039,-17.8513
neutral,0.2506,0.4943,0.0815,-10.2668
neutral,0.2592,0.3927,0.0096,11.9334
neutral,0.3859,0.5307,0.0089,-5.7909
neutral,0.3276,0.5085,0.0556,-3.7476
neutral,0.3302,0.3272,0.0037,10.0793
neutral,0.322,0.4746,0.2377,-6.1578
neutral,0.2318,0.3768,0.0727,11.6448
neutral,0.2605,0.4372,0.0502,0.1202
neutral,0.3186,0.4427,0.0353,-5.499
neutral,0.3197,0.4655,0.0115,3.1424
neutral,0.3963,0.4591,0.012,1.5141
neutral,0.2882,0.3936,0.0142,3.8303
neutral,0.334,0.5134,0.031,-0.0342
neutral,0.353,0.5554,0.0085,-5.0871
neutral,0.358,0.4997,0.0064,-0.9379
neutral,0.2753,0.2715,0.4868,-13.0977
neutral,0.3564,0.5096,0.0329,-6.1146
neutral,0.2498,0.467,0.0292,0.7425
neutral,0.3554,0.3966,0.0111,-0.5039
neutral,0.3023,0.4732,0.1344,-5.5
neutral,0.4011,0.3436,0.1931,-0.5763
neutral,0.2552,0.4521,0.0126,-9.3844
neutral,0.3319,0.4216,0.0853,5.4291
neutral,0.3168,0.3287,0.0133,0.5824
neutral,0.2428,0.5194,0.1367,22.1756
neutral,0.3895,0.4016,0.0274,-0.9577
neutral,0.3777,0.4318,0.1515,-7.948
neutral,0.3279,0.4541,0.0763,-4.2282
neutral,0.3311,0.4696,0.0827,-0.425
neutral,0.1997,0.3503,0.0186,10.039
neutral,0.3886,0.5243,0.1339,-1.0585
neutral,0.2846,0.2748,0.1496,11.1317
neutral,0.3624,0.4514,0.0561,-38.2332
neutral,0.2365,0.5121,0.0103,6.2057
neutral,0.4359,0.5112,0.0057,0.3525
neutral,0.386,0.437,0.0222,3.0842
neutral,0.3813,0.4512,0.1313,7.8748
neutral,0.3029,0.4655,0.0466,2.7069
neutral,0.2106,0.3096,0.3679,-9.1032
neutral,0.2885,0.5263,0.0219,-0.0638
neutral,0.3213,0.3889,0.0249,3.8641
neutral,0.3868,0.3922,0.0491,1.7593
neutral,0.28,0.3064,0.202,-3.5241
neutral,0.1338,0.3993,0.0073,-6.1579
neutral,0.2877,0.4685,0.2546,-0.4101
neutral,0.3798,0.5316,0.0104,4.2515
neutral,0.3353,0.5784,0.1165,-1.5902
neutral,0.3236,0.4602,0.0916,-2.7637
neutral,0.2879,0.4255,0.0877,-3.6048
neutral,0.1883,0.3828,0.3885,6.8119
neutral,0.0927,0.3618,0.3145,-35.0679
neutral,0.3813,0.5186,0.0428,-3.0213
neutral,0.4146,0.3433,0.0052,4.0344
neutral,0.3431,0.5688,0.0226,-7.0237
neutral,0.299,0.255,0.0154,13.2636
neutral,0.332,0.4115,0.0905,-2.9021
neutral,0.3439,0.4998,0.0119,5.1438
neutral,0.3532,0.5133,0.0175,-11.6527
neutral,0.3669,0.4674,0.0226,0.5974
neutral,0.2298,0.3998,0.0927,-0.9979
neutral,0.2954,0.4185,0.0092,-5.9534
neutral,0.3495,0.3537,0.3247,-6.0441
neutral,0.1563,0.3391,0.1303,-1.4102
neutral,0.574,0.5044,0.0204,6.417
neutral,0.2525,0.3873,0.2312,3.2225
neutral,0.4015,0.5081,0.0807,6.4814
neutral,0.2795,0.5513,0.1317,-1.8303
neutral,0.3785,0.4299,0.2812,1.7587
neutral,0.0221,0.4553,0.0115,-0.0683
neutral,0.4445,0.5543,0.0833,-6.3471
neutral,0.3184,0.302,0.0214,-17.2598
neutral,0.3953,0.4949,0.0136,2.7865
neutral,0.4503,0.3146,0.2471,-10.0699
neutral,0.4069,0.456,0.1562,12.0428
neutral,0.2967,0.4536,0.0093,1.4624
neutral,0.2364,0.4784,0.0013,-4.4144
neutral,0.3712,0.4087,0.0665,11.2041
neutral,0.2098,0.4189,0.2612,-3.4911
neutral,0.3028,0.4444,0.1727,3.3623
neutral,0.34,0.56,0.2272,4.6716
neutral,0.3026,0.4818,0.0088,-3.7936
neutral,0.3677,0.3607,0.1128,-1.2541
neutral,0.0815,0.4934,0.1327,-8.115
neutral,0.2868,0.4686,0.0491,-1.9939
neutral,0.3465,0.5037,0.0557,1.7681
neutral,0.3215,0.487,0.0634,-2.0766
neutral,0.3151,0.3812,0.0077,-5.2987
neutral,0.3454,0.583,0.0326,32.3709
neutral,0.2544,0.4863,0.0112,4.5505
neutral,0.2962,0.4761,0.0105,-7.9096
neutral,0.335,0.4365,0.0575,-3.6095
neutral,0.3674,0.5166,0.0367,2.8543
neutral,0.2497,0.4626,0.0704,0.1227
neutral,0.3307,0.4429,0.02,-14.8652
neutral,0.3111,0.3284,0.0118,12.0037
neutral,0.1542,0.4607,0.098,-14.619
neutral,0.394,0.5177,0.0769,-4.888
neutral,0.3629,0.4287,0.0467,-0.0403
neutral,0.3421,0.377,0.1498,-3.4319
neutral,0.3883,0.5977,0.1382,-2.4655
neutral,0.3813,0.4337,0.0286,-10.2458
neutral,0.3721,0.3861,0.2046,-1.7111
neutral,0.3471,0.4629,0.2394,9.0474
neutral,0.3869,0.3235,0.2621,-10.1146
neutral,0.3042,0.4731,0.012,-4.2385
neutral,0.4152,0.4754,0.2886,-9.1107
neutral,0.1472,0.2855,0.0289,-3.579
neutral,0.3374,0.443,0.1861,21.8069
neutral,0.3447,0.4816,0.0388,-4.2975
neutral,0.3491,0.3854,0.0775,-0.2826
neutral,0.3244,0.4527,0.0379,-8.1052
neutral,0.2967,0.5043,0.0719,6.6142
neutral,0.2977,0.4776,0.2166,1.1768
neutral,0.2897,0.4255,0.0419,-14.2357
neutral,0.3599,0.4203,0.0147,-14.4344
neutral,0.0581,0.4349,0.0535,3.406
neutral,0.3207,0.6407,0.022,-2.8646
neutral,0.2574,0.3773,0.0236,3.7539
neutral,0.3156,0.4363,0.0381,-4.0493
neutral,0.3392,0.477,0.0023,3.9924
neutral,0.1116,0.4782,0.0085,1.6679
neutral,0.317,0.284,0.0187,12.4145
neutral,0.3361,0.3765,0.0317,-6.8491
neutral,0.3375,0.4667,0.1284,-0.325
neutral,0.3678,0.4032,0.0263,0.2914
neutral,0.4319,0.3646,0.1089,0.1642
neutral,0.2459,0.4825,0.0132,8.3509
neutral,0.297,0.4041,0.0252,-4.3187
neutral,0.4657,0.4452,1.6867,-22.5312
neutral,0.4031,0.4307,0.1206,6.2312
neutral,0.331,0.4713,0.1106,0.8202
neutral,0.3412,0.4553,0.0621,0.0148
neutral,0.0578,0.4864,0.2518,24.3511
neutral,0.3517,0.4318,0.062,-0.2477
neutral,0.3178,0.5345,0.0539,1.1712
neutral,0.3318,0.4197,0.0252,-3.5141
neutral,0.2071,0.3727,0.0622,-3.045
neutral,0.2956,0.5034,0.0521,-2.1918
neutral,0.2523,0.3259,0.0171,15.8475
neutral,0.3545,0.42,0.1426,0.1975
neutral,0.2982,0.4389,0.0798,-4.1978
neutral,0.3397,0.33,0.0458,-11.9418
neutral,0.2692,0.4699,0.0483,1.2897
neutral,0.2415,0.3893,0.0128,1.377
neutral,0.3006,0.443,0.0267,1.2279
neutral,0.2671,0.2944,0.006,59.3542
neutral,0.3004,0.315,0.0327,-3.0435
neutral,0.3237,0.4691,0.1551,-0.5242
neutral,0.3781,0.4694,0.1041,1.6945
neutral,0.4359,0.4925,0.0175,-0.9896
neutral,0.311,0.4659,0.1669,5.7268
neutral,0.3474,0.3668,0.0099,-4.2092
neutral,0.2961,0.4773,0.0202,1.4958
neutral,0.4701,0.3831,0.0166,-1.1045
neutral,0.3715,0.4038,0.0247,1.373
neutral,0.1116,0.4782,0.0085,1.6679
neutral,0.4004,0.5073,0.2281,17.87
neutral,0.2593,0.5655,0.0137,-2.798
neutral,0.3618,0.3837,0.1026,5.7814
neutral,0.1854,0.4529,0.0468,0.0424
neutral,0.3919,0.4997,0.0074,1.1874
neutral,0.2827,0.4747,0.0367,-1.6403
neutral,0.3652,0.361,0.0552,-22.5425
neutral,0.2876,0.3967,0.0186,4.0897
neutral,0.2437,0.3615,0.0545,-1.1708
neutral,0.3618,0.5521,0.0706,-2.6087
neutral,0.1889,0.4427,0.1169,15.2909
neutral,0.3963,0.4705,0.0307,-3.4321
neutral,0.3258,0.4892,0.253,-1.4054
neutral,0.3108,0.4197,0.1658,-4.5558
neutral,0.297,0.45,0.1204,-6.4995
neutral,0.3579,0.4593,0.0423,4.6154
neutral,0.2981,0.4611,0.0064,-0.0607
neutral,0.2313,0.4519,0.0339,-17.2113
neutral,0.3528,0.5275,0.0392,-1.2685
neutral,0.3195,0.4258,0.05,0.582
neutral,0.3865,0.4316,0.0603,-4.0918
neutral,0.3632,0.3441,0.0641,-0.1542
neutral,0.2995,0.472,0.0259,-0.4881
neutral,0.3628,0.5753,0.0754,2.2836
neutral,0.3503,0.3687,0.0045,-23.2512
neutral,0.4074,0.5576,0.0188,-7.4649
neutral,0.3361,0.4092,0.0714,3.9609
neutral,0.3547,0.517,0.0952,3.2398
neutral,0.3732,0.3814,0.395,-49.3321
neutral,0.3766,0.3721,0.0202,-17.2552
neutral,0.3006,0.4222,0.0037,7.2333
neutral,0.2741,0.4024,0.1007,6.3152
neutral,0.1644,0.3033,0.0324,-31.8785
neutral,0.3362,0.4573,0.0379,9.5583
neutral,0.3864,0.5052,0.1794,1.3827
neutral,0.1728,0.4162,0.0101,-1.6808
neutral,0.2618,0.4415,0.0534,1.9172
neutral,0.4107,0.5646,0.0323,1.8187
neutral,0.375,0.5396,0.0147,14.456
neutral,0.3399,0.3614,0.1252,-2.0579
neutral,0.299,0.5271,0.0098,6.4552
neutral,0.4388,0.4073,0.0648,-3.3965
neutral,0.272,0.4591,0.1578,-2.7717
neutral,0.3521,0.4556,0.0134,3.9613
neutral,0.3673,0.467,0.0139,-0.2929
neutral,0.3016,0.3812,0.02,1.4601
neutral,0.2956,0.5332,0.0127,-13.9828
neutral,0.2199,0.3766,0.1546,1.0698
neutral,0.3707,0.5972,0.0958,-23.347
neutral,0.3799,0.4478,0.0083,-9.5104
neutral,0.2153,0.4934,0.0308,11.5756
neutral,0.3265,0.3731,0.0603,0.328
neutral,0.3239,0.4825,0.0115,-0.2495
neutral,0.2435,0.4028,0.0847,-17.7776
neutral,0.304,0.4492,0.0019,-4.0071
neutral,0.3301,0.5005,0.0821,-0.478
neutral,0.3644,0.411,0.0203,1.0738
neutral,0.4061,0.4022,0.1563,-30.5236
neutral,0.3106,0.4412,0.0123,-13.688
neutral,0.3731,0.4621,0.1246,-8.2481
neutral,0.376,0.5831,0.0021,9.4954
neutral,0.2297,0.4242,0.1862,-5.0454
neutral,0.3234,0.6923,0.0171,-0.7047
neutral,0.3499,0.4601,0.1902,-4.6178
neutral,0.3423,0.4429,0.02,-0.863
neutral,0.1399,0.4307,0.0666,-18.2725
neutral,0.3784,0.4839,0.0331,-1.6824
neutral,0.2978,0.3353,0.0093,7.1895
neutral,0.4198,0.4187,0.0301,-5.4109
neutral,0.2556,0.4054,0.1526,8.2626
neutral,0.3435,0.3941,0.0022,4.7538
neutral,0.4078,0.4872,0.1273,-2.663
neutral,0.394,0.4495,0.0326,-3.5806
neutral,0.3083,0.4229,0.0455,-3.0291
neutral,0.2124,0.107,0.0191,-2.1082
neutral,0.2745,0.4658,0.0152,-1.2985
neutral,0.2311,0.4721,0.127,6.0789
neutral,0.3766,0.5093,0.0863,-13.4605
neutral,0.2883,0.4355,0.0295,-1.8228
neutral,0.2158,0.4547,0.1716,1.2985
neutral,0.3166,0.3935,0.1051,6.609
neutral,0.2779,0.297,0.0077,-10.4702
neutral,0.3423,0.4108,0.2764,-1.2535
neutral,0.3122,0.4116,0.0052,-4.0372
neutral,0.2866,0.4891,0.0872,0.2171
neutral,0.1796,0.4786,0.0164,-0.8343
neutral,0.1801,0.3042,0.1295,-9.4797
neutral,0.2496,0.4494,0.0807,17.6666
neutral,0.3012,0.4457,0.3516,-0.0953
neutral,0.1164,0.2265,0.238,-42.9827
neutral,0.3135,0.4155,0.0144,-3.9673
neutral,0.3204,0.4434,0.0165,-2.3181
neutral,0.3801,0.4961,0.0092,-7.0313
neutral,0.4016,0.3172,0.0584,5.8263
neutral,0.4419,0.3452,0.035,4.4144
neutral,0.3719,0.4761,0.2393,2.1471
neutral,0.2283,0.3932,0.0727,-27.927
neutral,0.3201,0.4574,0.0315,-4.2862
neutral,0.3179,0.4183,0.1285,-0.8212
neutral,0.3354,0.3869,0.0161,-1.8968
neutral,0.1364,0.5226,0.137,-5.11
neutral,0.2891,0.511,0.1441,-0.193
neutral,0.0596,0.4626,0.0058,-6.8215
neutral,0.4399,0.3927,0.2637,-3.4318
neutral,0.3368,0.4628,0.0233,10.1423
neutral,0.3115,0.4534,0.2105,-6.9041
neutral,0.3624,0.3652,0.0102,-2.705
neutral,0.4003,0.4257,0.0027,-2.9215
neutral,0.2274,0.4429,0.0457,-2.7493
neutral,0.2433,0.2705,0.0298,40.0284
neutral,0.3757,0.4798,0.0316,-2.5796
neutral,0.3025,0.3998,0.025,46.1347
neutral,0.304,0.4778,0.0193,-1.644
neutral,0.3456,0.4259,0.0113,-0.6016
neutral,0.2776,0.4422,0.0571,-13.1348
neutral,0.0814,0.5345,0.0118,57.2876
neutral,0.1445,0.4002,0.0099,24.7269
neutral,0.4249,0.4641,0.2499,6.4048
neutral,0.3894,0.3619,0.4684,11.868
neutral,0.1541,0.4972,0.394,9.5299
neutral,0.1825,0.324,0.1936,-6.9493
neutral,0.3715,0.3108,0.2864,5.3695
neutral,0.3491,0.5697,0.0269,-0.1904
neutral,0.4274,0.5659,0.0201,-4.6905
neutral,0.294,0.3665,0.1901,11.9863
neutral,0.2993,0.4105,0.0678,-2.5147
neutral,0.2838,0.4207,0.0424,1.6744
neutral,0.2707,0.4424,0.0151,17.2436
neutral,0.4497,0.431,0.3526,-2.9503
neutral,0.363,0.4531,0.0646,-0.8184
neutral,0.3791,0.4595,0.1566,2.4232
neutral,0.2902,0.4336,0.0702,9.141
neutral,0.3551,0.5153,0.0171,-3.449
neutral,0.2864,0.4379,0.0122,6.6803
neutral,0.5004,0.5075,0.0089,1.9193
neutral,0.4894,0.419,0.0085,-9.6949
neutral,0.2748,0.4247,0.0274,1.3649
neutral,0.4269,0.3014,0.2211,-8.8928
neutral,0.3442,0.4528,0.072,-18.1605
neutral,0.3354,0.3501,0.0037,5.2334
neutral,0.3091,0.3759,0.0181,0.1327
neutral,0.2207,0.4343,0.0522,-13.5281
neutral,0.3207,0.5592,0.2529,0.567
neutral,0.3102,0.4139,0.0439,5.1266
neutral,0.3557,0.5014,0.2323,2.4542
neutral,0.2962,0.4761,0.0105,-7.9096
neutral,0.2943,0.4406,0.0865,-0.0245
neutral,0.3095,0.5352,0.021,-2.7239
neutral,0.2643,0.5594,0.0215,3.0097
neutral,0.3347,0.4514,0.0998,-8.1176
neutral,0.3974,0.4717,0.0051,4.8138
neutral,0.2736,0.3668,0.06,-0.497
neutral,0.2131,0.2637,0.0203,23.5736
neutral,0.3822,0.4161,0.0536,28.8871
neutral,0.1698,0.4398,0.0497,-4.2458
neutral,0.0689,0.4892,0.0257,-6.9743
neutral,0.3411,0.4919,0.0184,-0.4531
neutral,0.293,0.4908,0.1204,-1.6014
neutral,0.2428,0.4175,0.2606,-2.5035
neutral,0.2224,0.3393,0.1515,0.2874
neutral,0.2093,0.3134,0.0624,-2.0942
neutral,0.061,0.4224,0.2373,5.2657
neutral,0.2219,0.4251,0.0356,1.3622
neutral,0.2742,0.3878,0.0192,42.4659
neutral,0.3984,0.3961,0.084,-18.0386
neutral,0.2748,0.4291,0.0231,1.1166
neutral,0.3733,0.3977,0.2284,19.311
neutral,0.2621,0.3623,0.0178,-0.802
neutral,0.2163,0.3126,0.013,-3.1315
neutral,0.309,0.5233,0.0088,-3.3483
neutral,0.3247,0.4925,0.0065,0.26
neutral,0.263,0.562,0.1923,10.3493
neutral,0.3413,0.469,0.0923,-3.1055
neutral,0.3136,0.4496,0.0129,0.1222
neutral,0.339,0.5562,0.1082,-33.0276
neutral,0.2926,0.4946,0.0014,0.5294
neutral,0.3876,0.498,0.0192,2.3235
neutral,0.1653,0.4105,0.0242,2.411
neutral,0.4094,0.45,0.1987,-5.4596
neutral,0.3184,0.4854,0.1475,-6.5666
neutral,0.35,0.5017,0.0506,-16.828
neutral,0.4527,0.4057,0.0167,16.0897
neutral,0.3153,0.4955,0.034,5.5887
neutral,0.2363,0.4009,0.0007,-3.1018
neutral,0.2774,0.5634,0.187,12.0844
neutral,0.0376,0.5412,0.0529,0.5825
neutral,0.3521,0.593,0.0048,-0.237
neutral,0.2454,0.3115,0.0822,20.5067
neutral,0.4156,0.2519,0.3704,45.3224
neutral,0.3296,0.4669,0.0084,-2.66
neutral,0.2902,0.3939,0.2352,-41.8296
neutral,0.1264,0.1164,0.0764,-17.0737
neutral,0.3286,0.3936,0.0327,-4.5046
neutral,0.3862,0.5845,0.005,-30.0822
neutral,0.332,0.4115,0.0905,-2.9021
neutral,0.3715,0.4742,0.0148,-14.4444
neutral,0.4442,0.4257,0.0429,-0.5499
neutral,0.3376,0.4254,0.0202,1.6768
neutral,0.3677,0.4338,0.0579,-7.2826
neutral,0.4186,0.4086,0.0282,1.2452
neutral,0.3459,0.5884,0.0579,-10.1385
neutral,0.3096,0.5167,0.002,-4.8018
neutral,0.4012,0.4489,0.81,-26.2783
neutral,0.3597,0.3911,0.002,12.4368
neutral,0.2486,0.4376,0.0429,3.4423
neutral,0.2905,0.4459,0.0885,3.7325
neutral,0.2959,0.0891,0.0178,52.1874
neutral,0.1736,0.3886,0.0456,-10.7639
neutral,0.3092,0.4273,0.0287,-1.1834
neutral,0.3389,0.4492,0.0865,-10.1111
neutral,0.4371,0.4483,0.2616,1.4494
neutral,0.3794,0.4356,0.0106,2.9959
neutral,0.2218,0.3247,0.0245,-4.3628
neutral,0.3317,0.494,0.1498,6.2173
neutral,0.4311,0.5445,0.121,3.4836
neutral,0.3012,0.4338,0.0416,-2.7753
neutral,0.3612,0.4881,0.0517,-2.4683
neutral,0.194,0.439,0.0357,-3.7684
neutral,0.3311,0.4674,0.0983,-9.1844
neutral,0.3191,0.4583,0.0083,9.6199
neutral,0.3115,0.4032,0.1213,-6.3091
neutral,0.3342,0.4955,0.0642,8.1502
neutral,0.3314,0.5413,0.0085,-0.3671
neutral,0.3205,0.4536,0.0657,3.0469
neutral,0.2539,0.4194,0.0576,0.9857
neutral,0.349,0.4495,0.0571,-3.4269
neutral,0.3884,0.4315,0.2497,1.7337
neutral,0.3061,0.3647,0.1351,9.3861
neutral,0.2336,0.4261,0.0063,-2.2159
neutral,0.3564,0.4361,0.0286,0.4371
neutral,0.266,0.5026,0.0095,-3.0851
neutral,0.3292,0.3872,0.2583,-2.2489
neutral,0.3184,0.302,0.0214,-17.2598
neutral,0.3685,0.4214,0.1598,-1.9642
neutral,0.3867,0.5294,0.2907,-33.0321
neutral,0.2843,0.5293,0.0249,-9.4327
neutral,0.2459,0.4557,0.1127,-0.7773
neutral,0.3551,0.5174,0.2678,3.7879
neutral,0.2222,0.3057,0.266,1.5975
neutral,0.2937,0.4653,0.0062,4.3979
neutral,0.3818,0.4558,0.1017,-1.0682
neutral,0.2565,0.4796,0.0389,-1.8362
neutral,0.3611,0.4172,0.0138,3.4756
neutral,0.3611,0.3851,0.0323,1.3516
neutral,0.3015,0.372,0.1395,0.2998
neutral,0.2957,0.4879,0.0397,2.8491
neutral,0.366,0.457,0.0121,-9.4958
neutral,0.415,0.4169,0.3031,1.2435
neutral,0.3521,0.4372,0.0154,-1.918
neutral,0.3447,0.5306,0.0424,-0.6499
neutral,0.3212,0.5197,0.071,-1.2617
neutral,0.3703,0.5388,0.0144,-5.131
neutral,0.2617,0.274,0.0117,-2.7745
neutral,0.3375,0.441,0.1949,1.8582
neutral,0.3858,0.4444,0.374,8.5008
neutral,0.3589,0.355,0.0107,-29.4901
neutral,0.3655,0.6143,0.006,5.2606
neutral,0.3499,0.4363,0.0845,15.926
neutral,0.4003,0.4257,0.0027,-2.9215
neutral,0.3357,0.4428,0.2247,2.2463
neutral,0.3503,0.44,0.0042,1.7866
neutral,0.3621,0.3282,0.006,8.8656
neutral,0.3253,0.3806,0.1024,-1.531
neutral,0.3906,0.4675,0.1722,-5.1122
neutral,0.3672,0.4344,0.1503,4.3508
neutral,0.3823,0.5917,0.0031,6.2345
neutral,0.2569,0.4129,0.0279,-1.3209
neutral,0.3688,0.5556,0.2407,12.7602
neutral,0.3038,0.4262,0.0276,2.1486
neutral,0.2922,0.3899,0.0689,3.0398
neutral,0.4465,0.4862,0.0519,-2.6603
neutral,0.4818,0.5196,0.2382,-10.0828
neutral,0.2957,0.425,0.0904,-18.1055
neutral,0.4336,0.5357,0.0046,-1.6537
neutral,0.102,0.3461,0.1985,6.4437
neutral,0.3126,0.4181,0.1126,16.1692
neutral,0.1851,0.3985,0.0304,4.4432
neutral,0.2556,0.4846,0.0169,2.9638
neutral,0.2543,0.42,0.0138,-1.3089
neutral,0.3708,0.5036,0.0056,-3.79
neutral,0.3806,0.4157,0.017,0.8208
neutral,0.252,0.4295,0.0586,1.3771
neutral,0.1869,0.4702,0.0448,-6.4301
neutral,0.2651,0.4382,0.1991,0.266
neutral,0.338,0.4333,0.0735,-3.5498
neutral,0.2231,0.4088,0.0125,7.2896
neutral,0.3219,0.4563,0.0994,-0.8281
neutral,0.4109,0.4234,0.2171,9.4287
neutral,0.3305,0.4089,0.065,14.3779
neutral,0.3941,0.4964,0.0173,4.0855
neutral,0.2949,0.4474,0.2458,4.8818
neutral,0.2622,0.4307,0.1733,-4.8359
neutral,0.2833,0.5321,0.0096,0.7994
neutral,0.3636,0.5229,0.0156,-3.7782
neutral,0.2316,0.4223,0.1206,2.267
neutral,0.4018,0.5444,0.0729,-8.4236
neutral,0.3295,0.2824,0.1046,9.3424
neutral,0.1156,0.4881,0.0196,0.8545
neutral,0.396,0.3783,0.0396,3.01
neutral,0.3143,0.4119,0.2137,8.5827
neutral,0.3339,0.4527,0.0137,-0.533
neutral,0.38,0.5269,0.1588,14.8958
neutral,0.2838,0.2897,0.0852,-0.2758
neutral,0.1184,0.3642,0.0092,15.4997
neutral,0.2252,0.4182,0.0362,8.5457
neutral,0.3733,0.5374,0.013,-0.0937
neutral,0.303,0.5278,0.036,-12.666
neutral,0.4005,0.479,0.1183,1.5214
neutral,0.2486,0.3229,0.1641,-3.5501
neutral,0.3342,0.4695,0.0124,-0.0459
neutral,0.0249,0.4778,0.0038,-5.6155
neutral,0.3637,0.4464,0.0275,4.3874
neutral,0.384,0.3893,0.0148,1.2801
neutral,0.2931,0.5167,0.014,0.9702
neutral,0.3478,0.3682,0.0166,-1.8264
neutral,0.31,0.5143,0.0027,-3.3044
neutral,0.4088,0.4894,0.0081,11.9358
neutral,0.4174,0.3437,0.0141,13.9935
neutral,0.3353,0.4728,0.0702,-0.0636
neutral,0.3047,0.427,0.0111,-0.9437
neutral,0.26,0.5324,0.0147,-2.3463
neutral,0.2881,0.4033,0.049,-5.6947
neutral,0.3748,0.5026,0.0529,-9.2849
neutral,0.3034,0.4372,0.0652,-0.3978
neutral,0.3569,0.5559,0.0091,-5.1158
neutral,0.3256,0.4885,0.0054,-0.2783
neutral,0.0734,0.4233,0.8283,-15.4805
neutral,0.3303,0.5684,0.0584,0.4637
neutral,0.2844,0.3253,0.014,-51.555
neutral,0.216,0.4689,0.0047,-1.6833
neutral,0.2527,0.499,0.0068,1.3277
neutral,0.3488,0.2849,0.1748,1.4624
neutral,0.3688,0.4651,0.0278,1.9556
neutral,0.2638,0.4059,0.0059,-7.8406
neutral,0.3198,0.4844,0.0191,-18.1556
neutral,0.2489,0.4349,0.0392,1.5934
neutral,0.2681,0.5517,0.1017,-7.7287
neutral,0.3362,0.2738,0.0617,-5.8356
neutral,0.2574,0.5213,0.0309,4.3939
neutral,0.3978,0.4218,0.0059,8.6587
neutral,0.3418,0.3701,0.0034,2.5905
neutral,0.1427,0.3938,0.0655,13.7936
neutral,0.331,0.5357,0.0346,-3.1213
neutral,0.3489,0.6113,0.0068,-9.733
neutral,0.4039,0.4799,0.0918,-3.0168
neutral,0.4062,0.4404,0.013,-1.2389
neutral,0.2412,0.3764,0.0586,-8.8108
neutral,0.3475,0.4149,0.0291,3.2412
neutral,0.0166,0.4002,0.0212,-2.4089
neutral,0.1786,0.4881,0.0059,2.6264
neutral,0.313,0.4205,0.0525,-2.7594
neutral,0.3593,0.4616,0.1143,-6.2189
neutral,0.3979,0.4673,0.0891,4.4999
neutral,0.2721,0.5995,0.0066,-23.5504
neutral,0.2369,0.4934,0.0089,-2.6675
neutral,0.2256,0.4153,0.0294,-1.3281
neutral,0.3915,0.5102,0.1267,3.9056
neutral,0.4567,0.4323,0.0286,2.6128
neutral,0.2965,0.2967,0.2598,3.2865
neutral,0.3518,0.4406,0.0008,0.3989
neutral,0.2845,0.3407,0.0432,-4.4473
neutral,0.4135,0.5437,0.0126,-1.194
neutral,0.3648,0.5394,0.0434,-0.7507
neutral,0.4377,0.3576,0.0213,9.8971
neutral,0.3959,0.3712,0.0614,-2.9292
neutral,0.3764,0.445,0.0228,15.1205
neutral,0.2996,0.4874,0.0108,-5.486
neutral,0.6071,0.2896,0.498,11.211
neutral,0.3549,0.429,0.0033,-13.7811
neutral,0.3504,0.6125,0.0162,-0.3588
neutral,0.2358,0.4031,0.0183,4.8136
neutral,0.1458,0.4761,0.022,-6.5583
neutral,0.3184,0.5349,0.0089,2.3312
neutral,0.3392,0.3694,0.1833,20.2269
neutral,0.3098,0.3876,0.0796,-26.5881
neutral,0.319,0.3105,0.0217,2.4013
neutral,0.4575,0.2964,0.0789,-16.2697
neutral,0.2546,0.4284,0.0048,3.998
neutral,0.382,0.5181,0.0408,-8.1859
neutral,0.3185,0.5467,0.1692,19.6055
neutral,0.2829,0.4972,0.0039,-9.4905
neutral,0.2805,0.4662,0.0666,-6.9846
neutral,0.2505,0.3636,0.0739,4.7758
neutral,0.4199,0.3636,0.0585,-3.8539
neutral,0.359,0.488,0.0534,-0.3423
neutral,0.2081,0.3895,0.0696,2.8951
neutral,0.3771,0.3893,0.0811,-5.6674
neutral,0.3882,0.5277,0.1671,2.1146
neutral,0.3112,0.5018,0.0585,-2.7178
neutral,0.4178,0.5165,0.0023,1.7292
neutral,0.2737,0.3191,0.1721,-13.2624
neutral,0.2608,0.3305,0.0387,-1.2544
neutral,0.2964,0.4917,0.0921,4.0273
neutral,0.2959,0.4451,0.021,0.4665
neutral,0.3764,0.5857,0.0694,7.3521
neutral,0.3799,0.4735,0.1191,-0.1829
neutral,0.2046,0.4104,0.0574,-0.0705
neutral,0.3103,0.4688,0.2447,-0.7834
neutral,0.245,0.4126,0.2495,46.2352
neutral,0.4506,0.5865,0.0191,-2.8632
neutral,0.3661,0.4515,0.0155,-0.8602
neutral,0.3461,0.4412,0.3296,0.7605
neutral,0.3944,0.4105,0.0439,10.3085
neutral,0.4107,0.3715,0.132,-12.3103
neutral,0.223,0.5008,0.2204,-0.2423
neutral,0.3156,0.4781,0.0534,0.2276
neutral,0.2688,0.3074,0.0344,-3.8934
neutral,0.2248,0.3098,0.0132,-10.6926
neutral,0.2593,0.4,0.1265,1.645
neutral,0.3556,0.4753,0.0051,-0.3354
neutral,0.3404,0.4961,0.0609,-5.8553
neutral,0.3052,0.4276,0.1297,-1.739
neutral,0.2994,0.3999,0.244,0.2428
neutral,0.3645,0.3607,0.2124,-4.0785
neutral,0.3746,0.6955,0.0019,0.0691
neutral,0.347,0.4635,0.0523,-9.0946
neutral,0.1452,0.4735,0.0047,21.4843
neutral,0.3619,0.4082,0.2849,4.5034
neutral,0.36,0.3823,0.0208,11.1907
neutral,0.621,0.3361,0.3498,23.9095
neutral,0.3477,0.5461,0.0163,0.3731
neutral,0.4449,0.4428,0.1229,-20.4426
neutral,0.2734,0.51,0.0114,0.1638
neutral,0.2027,0.3535,0.0242,-14.4876
neutral,0.2291,0.3595,0.0054,-6.1849
neutral,0.1313,0.3689,0.0871,-1.7066
neutral,0.291,0.563,0.0485,-10.9198
neutral,0.3871,0.332,0.0854,0.8616
neutral,0.3149,0.5435,0.0268,0.8913
neutral,0.3812,0.459,0.0135,-4.2493
neutral,0.327,0.4087,0.0637,-4.7877
neutral,0.3294,0.6054,0.0281,-1.4468
neutral,0.4273,0.3622,0.1499,3.7578
neutral,0.318,0.644,0.0844,1.2753
neutral,0.3538,0.4809,0.0375,3.9527
neutral,0.3638,0.4242,0.1742,-24.1634
neutral,0.1789,0.4225,0.2015,3.5893
neutral,0.0958,0.1858,0.5634,6.4094
neutral,0.1556,0.4477,0.0358,-2.1672
neutral,0.3401,0.5087,0.2447,32.8698
neutral,0.2358,0.4441,0.1255,-1.2521
neutral,0.5113,0.5167,0.0236,-10.2166
neutral,0.3936,0.4491,0.0226,-0.1509
neutral,0.3704,0.4636,0.0494,-0.7694
neutral,0.3635,0.4695,0.2017,2.6003
neutral,0.2739,0.3839,0.0314,-3.1141
neutral,0.3219,0.3717,0.0146,0.9113
neutral,0.2939,0.4119,0.0178,5.0166
neutral,0.0858,0.4078,0.247,-7.5656
neutral,0.2935,0.4352,0.0686,-3.2262
neutral,0.2035,0.4175,0.0029,4.7317
neutral,0.3563,0.5095,0.1522,-3.6887
neutral,0.2996,0.5684,0.0105,4.3907
neutral,0.3411,0.5368,0.008,1.9379
neutral,0.5635,0.3615,0.0323,-7.8488
neutral,0.407,0.4414,0.1756,-0.3938
neutral,0.415,0.445,0.2388,1.9776
neutral,0.3273,0.4598,0.025,-3.4688
neutral,0.3449,0.4978,0.1198,0.6782
neutral,0.2798,0.4262,0.0832,15.9176
neutral,0.2018,0.318,0.0039,-3.6119
neutral,0.399,0.4013,0.001,-10.1297
neutral,0.326,0.3285,0.0257,2.0453
neutral,0.181,0.3074,0.4469,-12.9321
neutral,0.3081,0.4822,0.009,3.8557
neutral,0.3218,0.4616,0.0068,-3.1031
neutral,0.0371,0.4266,0.2969,-5.3469
neutral,0.4135,0.6048,0.0337,-1.1007
neutral,0.3329,0.4758,0.1798,-0.4752
neutral,0.2753,0.4542,0.0827,1.3261
neutral,0.3837,0.4085,0.2082,16.0177
neutral,0.3939,0.4431,0.0206,-1.0613
neutral,0.4157,0.512,0.1399,11.789
neutral,0.317,0.4573,0.0388,4.8125
neutral,0.423,0.4488,0.076,18.2963
neutral,0.4258,0.476,0.0597,8.9387
neutral,0.3832,0.5798,0.0327,3.4102
neutral,0.2994,0.3671,0.0384,-0.2329
neutral,0.3404,0.3322,0.0272,-0.1047
neutral,0.3763,0.474,0.0156,-2.6015
neutral,0.1544,0.4526,0.169,-23.603
neutral,0.2635,0.4356,0.047,0.1781
neutral,0.3315,0.5017,0.2024,-3.3232
neutral,0.3418,0.2527,0.033,-18.0275
neutral,0.0846,0.4408,0.0058,1.39
neutral,0.4485,0.3982,0.0152,17.3034
neutral,0.3105,0.4482,0.0145,5.6451
neutral,0.108,0.4492,0.014,-31.918
neutral,0.3292,0.4493,0.0085,-0.8651
neutral,0.3804,0.3569,0.2819,-2.6131
neutral,0.344,0.4953,0.2518,6.7024
neutral,0.4297,0.3706,0.0072,1.6417
neutral,0.3041,0.3554,0.0081,5.4312
neutral,0.4033,0.5649,0.0328,-3.2854
neutral,0.2764,0.3301,0.0103,-8.8828
neutral,0.3375,0.4156,0.0323,4.4411
neutral,0.3667,0.4484,0.1798,1.7642
neutral,0.5029,0.4196,0.1464,-11.9554
neutral,0.2725,0.4825,0.1899,-3.0279
neutral,0.381,0.568,0.0248,-0.3806
neutral,0.1156,0.5468,0.0171,-7.5436
neutral,0.3834,0.3853,0.1716,-22.62
neutral,0.2526,0.4763,0.0032,-6.917
neutral,0.3444,0.3329,0.0555,-17.9439
neutral,0.3144,0.4888,0.0538,-1.5644
neutral,0.3116,0.2996,0.2882,-0.1546
neutral,0.3606,0.4945,0.1513,-12.0788
neutral,0.3052,0.5078,0.0205,3.5105
neutral,0.3719,0.4341,0.1771,7.3122
neutral,0.3952,0.4436,0.022,6.4946
neutral,0.0327,0.4758,0.0084,-1.7066
neutral,0.2927,0.4151,0.1056,-7.1267
neutral,0.3401,0.4439,0.1852,-2.4846
neutral,0.3068,0.4956,0.0067,2.5803
neutral,0.2948,0.3525,0.0044,-2.3934
neutral,0.3984,0.3475,0.0781,10.0968
neutral,0.3092,0.3765,0.0283,1.2124
neutral,0.3561,0.4573,0.0165,-0.2914
neutral,0.1356,0.3117,0.0083,-14.4841
neutral,0.348,0.5793,0.1448,-0.3019
neutral,0.2982,0.4798,0.1872,-15.7313
neutral,0.4183,0.68,0.0981,-0.4837
neutral,0.4372,0.4205,0.03,0.4243
neutral,0.2856,0.3105,0.0193,-17.9909
neutral,0.1062,0.3886,0.0099,2.3894
neutral,0.3693,0.6103,0.007,5.5184
neutral,0.2513,0.4573,0.1339,-1.0746
neutral,0.3014,0.4674,0.0056,-1.54
neutral,0.3769,0.5318,0.1071,2.9511
neutral,0.4323,0.4042,0.0122,8.6002
neutral,0.3479,0.5657,0.0221,2.5897
neutral,0.2085,0.3478,0.0509,66.3707
neutral,0.3539,0.5027,0.0615,-6.712
neutral,0.3198,0.4522,0.037,-4.4436
neutral,0.3631,0.3774,0.0313,-0.2182
neutral,0.3123,0.4483,0.0699,-2.4885
neutral,0.4309,0.4732,0.0835,-6.7776
neutral,0.1043,0.3575,0.0458,-0.8266
neutral,0.1492,0.2291,0.1518,38.4177
neutral,0.2022,0.336,0.1302,2.9336
neutral,0.3961,0.4434,0.2062,-3.6631
neutral,0.2786,0.4046,0.1298,-0.7168
neutral,0.2523,0.3976,0.0229,3.4273
neutral,0.3238,0.456,0.0222,-0.4795
neutral,0.3852,0.4468,0.2739,1.705
neutral,0.3376,0.4965,0.0933,-11.0712
neutral,0.2683,0.4687,0.3316,5.5535
neutral,0.1309,0.4767,0.0575,1.201
neutral,0.3059,0.3552,0.0087,11.1824
neutral,0.1303,0.3679,0.1554,-9.1377
neutral,0.3338,0.4383,0.0036,-1.1428
neutral,0.3652,0.3873,0.282,5.0046
neutral,0.3476,0.4175,0.0528,-3.0421
neutral,0.3462,0.3927,0.1006,8.976
neutral,0.3103,0.2821,0.0765,-4.8738
neutral,0.3062,0.4021,0.1057,-15.6866
neutral,0.3903,0.327,0.0845,-1.5754
neutral,0.333,0.4013,0.1017,-5.6804
neutral,0.2457,0.4545,0.0959,-2.1996
neutral,0.4491,0.4352,0.0289,3.5395
neutral,0.333,0.5464,0.1063,7.918
neutral,0.3422,0.4857,0.0083,1.7101
neutral,0.3094,0.4741,0.1338,-4.0367
neutral,0.2808,0.3458,0.1401,49.5194
neutral,0.3376,0.5164,0.0941,-1.1144
neutral,0.4414,0.4073,0.2394,2.8494
neutral,0.3254,0.4971,0.1139,0.0546
neutral,0.4071,0.4662,0.0027,-30.8923
neutral,0.2663,0.4571,0.0297,0.6031
neutral,0.3094,0.4994,0.0177,-1.0035
neutral,0.2677,0.4456,0.2798,3.6744
neutral,0.3499,0.448,0.1003,-12.455
neutral,0.1092,0.4211,0.0056,2.3843
neutral,0.339,0.3139,0.0238,2.039
neutral,0.3253,0.3687,0.0456,-22.688
neutral,0.4423,0.4254,0.0589,-1.1563
neutral,0.2081,0.4501,0.3456,2.2168
neutral,0.2522,0.4436,0.0101,41.3388
neutral,0.4117,0.4377,0.1481,10.9414
neutral,0.066,0.4025,0.1609,27.4851
neutral,0.3012,0.4496,0.1578,-10.8678
neutral,0.3725,0.4845,0.0545,-3.7648
neutral,0.3141,0.397,0.0277,2.8216
neutral,0.1938,0.4562,0.1982,-3.8919
neutral,0.0645,0.4883,0.0437,16.5704
neutral,0.3815,0.3463,0.119,0.8273
neutral,0.0845,0.3596,0.0225,-0.9575
neutral,0.4037,0.3723,0.0308,-44.0331
neutral,0.3973,0.4719,0.055,-14.93
neutral,0.4167,0.4321,0.0352,-9.053
neutral,0.2945,0.3815,0.0365,0.8299
neutral,0.3197,0.4602,0.0136,3.129
neutral,0.3508,0.4587,0.0183,3.5864
neutral,0.3079,0.535,0.0902,1.1744
neutral,0.2917,0.4862,0.036,0.6928
neutral,0.223,0.373,0.2733,-4.0889
neutral,0.3012,0.3987,0.0445,1.8449
neutral,0.3992,0.5324,0.0012,-0.7348
neutral,0.1643,0.3993,0.0045,-3.0392
neutral,0.3003,0.3551,0.1658,9.9204
neutral,0.2664,0.5011,0.0168,-2.3136
neutral,0.2735,0.4553,0.0748,0.4688
neutral,0.3144,0.4031,0.0175,4.5266
neutral,0.222,0.4031,0.0038,4.5269
neutral,0.0964,0.4116,0.1831,-11.6138
neutral,0.0368,0.4104,0.4712,7.2993
neutral,0.367,0.5627,0.0479,-22.4892
neutral,0.199,0.3758,0.0522,0.9108
neutral,0.367,0.4462,0.0054,5.6635
neutral,0.3373,0.4522,0.0761,-20.3201
neutral,0.0321,0.369,0.6501,6.3928
neutral,0.2242,0.3077,0.0128,2.5417
neutral,0.3969,0.409,0.1798,-5.9473
neutral,0.3866,0.5162,0.1692,2.7082
neutral,0.1181,0.2691,0.0175,6.8301
neutral,0.2063,0.416,0.206,-1.0062
neutral,0.3804,0.3135,0.006,15.9122
neutral,0.329,0.4623,0.0045,-5.2977
neutral,0.3358,0.4723,0.1035,-0.9336
neutral,0.3142,0.3641,0.0329,3.8398
neutral,0.2967,0.4709,0.2212,-1.8071
neutral,0.0486,0.4882,0.0167,-35.5941
neutral,0.2713,0.4248,0.1159,10.0368
neutral,0.3031,0.4572,0.0182,1.7556
neutral,0.438,0.3394,0.0136,-9.9546
neutral,0.2504,0.4057,0.0748,-13.2456
neutral,0.2588,0.459,0.0201,3.3538
neutral,0.2958,0.5242,0.1878,1.5667
neutral,0.329,0.4111,0.0338,5.0804
neutral,0.2819,0.3746,0.159,-17.9128
neutral,0.3771,0.5386,0.0978,-0.4449
neutral,0.3732,0.4831,0.0659,-2.8117
neutral,0.401,0.5502,0.0308,0.4106
neutral,0.3332,0.4051,0.1057,4.6949
neutral,0.3739,0.513,0.0669,10.4633
neutral,0.3079,0.3974,0.1273,4.4858
neutral,0.1676,0.3558,0.0508,0.8326
neutral,0.3455,0.3007,0.0899,12.0819
neutral,0.0483,0.3318,0.017,3.4453
neutral,0.3416,0.4798,0.0162,-4.2986
neutral,0.444,0.5026,0.3763,0.3635
neutral,0.394,0.4607,0.0541,-9.9143
neutral,0.0331,0.4397,0.0715,5.9984
neutral,0.3239,0.4933,0.0043,1.5475
neutral,0.4851,0.3102,0.1621,17.4991
neutral,0.3835,0.4973,0.057,-4.3714
neutral,0.3905,0.4659,0.031,-3.7341
neutral,0.309,0.394,0.0087,-1.3737
neutral,0.51,0.3948,0.1372,-2.8172
neutral,0.3794,0.6381,0.0816,27.6869
neutral,0.3053,0.4895,0.0245,-3.1872
neutral,0.3453,0.4591,0.1866,-7.1905
neutral,0.3095,0.4054,0.1244,8.874
neutral,0.3425,0.4659,0.0335,5.2622
neutral,0.2142,0.4245,0.0267,0.9421
neutral,0.2679,0.3132,0.1264,24.0825
neutral,0.3573,0.438,0.0445,4.2377
neutral,0.2707,0.4417,0.0035,7.8841
neutral,0.3768,0.4674,0.0133,6.7179
neutral,0.274,0.3432,0.0701,10.0605
neutral,0.1429,0.3314,0.005,-2.3534
neutral,0.2873,0.4414,0.0113,0.5194
neutral,0.402,0.59,0.0659,1.0612
neutral,0.3383,0.4266,0.0767,-0.3221
neutral,0.3431,0.4962,0.0448,4.7328
neutral,0.3657,0.4638,0.0212,17.3392
neutral,0.2614,0.3981,0.0563,-14.2457
neutral,0.2065,0.3392,0.0187,5.8648
neutral,0.2081,0.356,0.2675,14.428
neutral,0.3291,0.3192,0.1993,14.8568
neutral,0.2712,0.4186,0.0711,0.5052
neutral,0.2712,0.3578,0.0144,-0.6153
neutral,0.3213,0.3735,0.029,-0.5391
neutral,0.4845,0.4183,0.1384,5.7773
neutral,0.4784,0.3185,0.3796,-16.4154
neutral,0.3741,0.4958,0.3794,-2.375
neutral,0.3138,0.4849,0.01,5.8437
neutral,0.379,0.4756,0.0041,3.657
neutral,0.3603,0.4626,0.0041,-7.6746
neutral,0.2845,0.4993,0.1287,35.5035
neutral,0.3511,0.3503,0.0684,1.6899
neutral,0.3243,0.4434,0.067,19.6506
neutral,0.1556,0.2857,0.185,-26.8427
neutral,0.4358,0.4415,0.1047,2.3827
neutral,0.2455,0.526,0.0202,-8.1926
neutral,0.2355,0.4565,0.0653,-4.9187
neutral,0.3338,0.5314,0.0053,0.4866
neutral,0.4616,0.4918,0.3311,10.8086
neutral,0.2916,0.4744,0.1045,-5.4943
neutral,0.1472,0.478,0.015,-1.9508
neutral,0.3615,0.5079,0.1306,4.7847
neutral,0.2949,0.3788,0.0069,-1.7681
neutral,0.2414,0.4436,0.0456,-7.8023
neutral,0.3379,0.6003,0.0556,-1.0552
neutral,0.3641,0.3634,0.0394,0.4477
neutral,0.3487,0.3084,0.1998,-15.6591
neutral,0.3409,0.4158,0.1764,-14.0516
neutral,0.2308,0.4082,0.0078,4.3038
neutral,0.1786,0.4272,0.0112,8.0127
neutral,0.247,0.4227,0.021,3.4234
bored,0.0567,0.3517,0.1087,1.8083
bored,0.3365,0.3989,0.0615,1.4657
bored,0.3669,0.416,0.3717,-2.0987
bored,0.3888,0.5325,0.0396,7.1307
bored,0.3321,0.5335,0.2034,-6.0406
bored,0.3601,0.3192,0.1416,-10.093
bored,0.2891,0.4681,0.0249,-8.2583
bored,0.2665,0.5085,0.0138,1.0439
bored,0.4096,0.4248,0.0931,-4.1537
bored,0.3264,0.4091,0.2496,-9.3889
bored,0.364,0.4833,0.0046,8.1915
bored,0.239,0.3413,0.0637,0.7452
bored,0.0692,0.4826,0.0031,-0.1673
bored,0.2635,0.3351,0.397,4.5955
bored,0.2184,0.4079,0.0648,-12.2697
bored,0.0444,0.5632,0.0029,17.0583
bored,0.3081,0.47,0.0235,-5.1143
bored,0.3441,0.4521,0.0065,1.6842
bored,0.4586,0.5046,0.0187,-25.9831
bored,0.3088,0.3937,0.0327,-2.4435
bored,0.2911,0.2779,0.0182,-21.948
bored,0.3797,0.4832,0.0239,16.9887
bored,0.2059,0.3907,0.3442,-3.9016
bored,0.3378,0.291,0.0245,-2.7825
bored,0.3866,0.4239,0.1221,-0.4423
bored,0.228,0.445,0.0597,-6.0619
bored,0.3311,0.3547,0.1443,18.6611
bored,0.3558,0.4793,0.1972,0.3868
bored,0.1483,0.2166,0.021,32.2572
bored,0.3666,0.6718,0.0173,-2.711
bored,0.659,0.2968,0.8071,9.0169
bored,0.2171,0.369,0.0133,-3.027
bored,0.3486,0.3662,0.0039,-12.3704
bored,0.1911,0.4211,0.0039,6.8184
bored,0.1458,0.4915,0.0088,-7.0465
bored,0.1208,0.4097,0.1122,-2.4484
bored,0.3169,0.3936,0.3421,5.8382
bored,0.0725,0.4014,0.026,-4.3219
bored,0.4564,0.3159,0.0619,20.9305
bored,0.3145,0.4589,0.0402,-3.9695
bored,0.3856,0.4333,0.0819,-0.7476
bored,0.1621,0.3511,0.0427,24.6219
bored,0.1254,0.4099,0.0755,24.2501
bored,0.0379,0.464,0.0055,-3.9937
bored,0.0566,0.3319,0.2859,-5.8121
bored,0.0332,0.4711,0.0518,0.633
bored,0.1309,0.4173,0.1226,7.3347
bored,0.4295,0.4779,0.0735,8.3639
bored,0.3228,0.4451,0.0348,-5.1864
bored,0.2798,0.3001,0.2229,-1.7831
bored,0.2028,0.4582,0.0229,0.1508
bored,0.4255,0.5587,0.0832,-2.7412
bored,0.4303,0.3905,0.0638,34.1267
bored,0.3319,0.5945,0.0225,-27.5309
bored,0.2759,0.3118,0.1853,5.5695
bored,0.3101,0.6627,0.0103,0.1462
bored,0.1217,0.5452,0.1145,22.6765
bored,0.1698,0.3084,0.076,0.7994
bored,0.3648,0.5078,0.0113,0.1958
bored,0.2552,0.5201,0.0111,5.1819
bored,0.3061,0.4462,0.0032,-14.4634
bored,0.2749,0.5127,0.0294,-10.8877
bored,0.3442,0.5091,0.0051,2.1349
bored,0.3562,0.3614,0.0853,-4.5341
bored,0.1659,0.3522,0.0658,-1.3958
bored,0.3337,0.5114,0.0246,-6.2031
bored,0.1752,0.3452,0.0866,6.0305
bored,0.1321,0.4554,0.333,2.8348
bored,0.1671,0.3173,0.303,-40.1115
bored,0.0967,0.4386,0.0035,-2.6078
bored,0.2855,0.4752,0.0243,-1.7288
bored,0.2988,0.4405,0.0006,11.0409
bored,0.2883,0.6405,0.0168,-8.8854
bored,0.2351,0.4012,0.0036,7.9436
bored,0.319,0.5196,0.0266,-6.2625
bored,0.413,0.4501,0.1076,9.7222
bored,0.3085,0.2221,0.0926,17.2897
bored,0.3042,0.6146,0.0032,8.6281
bored,0.3496,0.3653,0.2654,-17.0332
bored,0.1413,0.5925,0.0401,-5.8493
bored,0.3164,0.2923,0.0101,-14.0995
bored,0.2855,0.3651,0.3257,-5.4914
bored,0.3463,0.4056,0.1874,5.0401
bored,0.1128,0.4224,0.0157,-2.0183
bored,0.3234,0.4043,0.2006,3.9423
bored,0.4117,0.5596,0.0128,-1.7316
bored,0.2206,0.4291,0.0044,-54.6619
bored,0.3329,0.5469,0.2944,1.2437
bored,0.2196,0.3001,0.1399,2.519
bored,0.3903,0.4333,0.2186,11.9193
bored,0.1156,0.5137,0.0198,36.0574
bored,0.3732,0.4425,0.1478,-8.6931
bored,0.2217,0.3446,0.0175,6.273
bored,0.2773,0.426,0.0799,3.1134
bored,0.126,0.4765,0.0359,6.8003
bored,0.2753,0.4244,0.0056,5.3698
bored,0.3561,0.3931,0.0085,-1.2618
bored,0.2388,0.3475,0.1016,-3.7023
bored,0.3283,0.4679,0.2013,-0.4702
bored,0.3362,0.1253,0.0188,-51.1423
bored,0.3707,0.3824,0.0469,-2.1823
bored,0.4173,0.4613,0.0297,13.9356
bored,0.3291,0.591,0.3201,-0.1595
bored,0.4081,0.4806,0.0013,5.7261
bored,0.3126,0.4409,0.0087,-1.9976
bored,0.0361,0.4167,0.1717,-3.8046
bored,0.1555,0.4535,0.0359,1.1731
bored,0.3238,0.4903,0.0157,-9.1724
bored,0.2413,0.4544,0.0196,-8.3461
bored,0.3029,0.3927,0.0186,11.9106
bored,0.4385,0.3127,0.0111,-3.1052
bored,0.2797,0.5275,0.0142,1.4097
bored,0.341,0.5108,0.0912,4.4283
bored,0.0387,0.4817,0.3477,-7.6427
bored,0.3118,0.391,0.0072,-4.0823
bored,0.2538,0.379,0.0107,3.8065
bored,0.2802,0.4585,0.064,-1.3149
bored,0.3545,0.4345,0.2571,0.2097
bored,0.3211,0.5564,0.0196,-1.0057
bored,0.3334,0.4638,0.114,-5.3352
bored,0.3934,0.3573,0.2125,2.6559
bored,0.3362,0.3901,0.0141,0.8509
bored,0.304,0.4663,0.1929,7.5488
bored,0.2426,0.3007,0.0096,6.5096
bored,0.07,0.4463,0.4695,-7.7118
bored,0.4106,0.4779,0.2766,-7.8321
bored,0.0198,0.41,0.0872,4.7901
bored,0.0869,0.4722,0.0055,-25.2546
bored,0.032,0.4327,0.3892,-1.0629
bored,0.2002,0.2433,0.0962,3.4574
bored,0.1572,0.427,0.059,-1.3688
bored,0.164,0.5387,0.0031,14.2657
bored,0.1104,0.3828,0.1417,-11.9708
bored,0.443,0.5284,0.0141,-15.9593
bored,0.304,0.5246,0.1791,2.1728
bored,0.347,0.4706,0.0129,0.0306
bored,0.3584,0.4017,0.0123,-0.8833
bored,0.1241,0.1667,0.1252,25.9692
bored,0.3915,0.4703,0.0275,0.4915
bored,0.3238,0.4924,0.0186,-2.2633
bored,0.1169,0.3851,0.0155,-9.1476
bored,0.166,0.3881,0.3106,3.5881
bored,0.1466,0.4932,0.0104,3.759
bored,0.3745,0.4364,0.1552,11.5009
bored,0.4066,0.4349,0.0015,12.3019
bored,0.1073,0.5774,0.0243,26.2227
bored,0.3313,0.4224,0.1908,-1.9382
bored,0.2555,0.4451,0.2145,8.2146
bored,0.0871,0.4508,0.1515,-12.5233
bored,0.3791,0.448,0.0244,-12.0217
bored,0.2082,0.3183,0.0249,-0.1475
bored,0.4194,0.4394,0.0123,-4.3507
bored,0.2988,0.1813,0.0206,37.2266
bored,0.2355,0.4166,0.1594,3.0736
bored,0.3925,0.3334,0.014,-4.9942
bored,0.3222,0.1482,0.0324,19.8831
bored,0.0401,0.5205,0.0675,-0.2681
bored,0.274,0.3494,0.0143,-16.6368
bored,0.3522,0.4882,0.0205,-7.2968
bored,0.3183,0.4966,0.0484,-0.3944
bored,0.2614,0.3099,0.0067,-15.3883
bored,0.3877,0.5258,0.0119,22.4464
bored,0.3155,0.2304,0.0232,-6.4465
bored,0.352,0.4316,0.2929,-1.7157
bored,0.1152,0.4581,0.0378,15.7093
bored,0.2853,0.3961,0.0046,-5.1744
bored,0.243,0.474,0.1626,7.0842
bored,0.3943,0.477,0.2378,-4.8595
bored,0.3149,0.3204,0.1859,1.4168
bored,0.3608,0.4828,0.0747,6.6095
bored,0.2024,0.4539,0.1623,8.4986
bored,0.144,0.4708,0.0146,-4.2829
bored,0.0842,0.5192,0.011,2.6925
bored,0.3505,0.4725,0.0113,8.0461
bored,0.2773,0.4525,0.5433,-6.3476
bored,0.2171,0.3246,0.0707,1.7934
bored,0.21,0.4565,0.2746,-2.763
bored,0.392,0.484,0.2682,-16.6406
bored,0.3883,0.5125,0.0115,10.3785
bored,0.12,0.5038,0.014,-1.4362
bored,0.3773,0.3894,0.0077,-4.4293
bored,0.1817,0.3911,0.0163,6.6716
bored,0.1778,0.3449,0.0106,-4.7545
bored,0.0834,0.5401,0.0139,2.2885
bored,0.278,0.4204,0.0078,-13.0164
bored,0.3978,0.5086,0.0244,-18.7611
bored,0.3065,0.6207,0.0766,-5.8752
bored,0.4247,0.4178,0.0386,-0.9503
bored,0.4309,0.4619,0.1073,-33.5355
bored,0.277,0.4363,0.1982,3.6256
bored,0.3201,0.4343,0.2872,2.5537
bored,0.3707,0.4528,0.103,-4.9314
bored,0.3159,0.4287,0.2251,-19.9949
bored,0.242,0.4382,0.1488,35.8707
bored,0.2897,0.3705,0.316,2.1257
bored,0.2524,0.4105,0.0034,7.8919
bored,0.3451,0.2383,0.1578,19.6003
bored,0.381,0.467,0.0186,3.2699
bored,0.16,0.3695,0.0136,-1.9218
bored,0.1152,0.3584,0.2164,-20.6707
bored,0.1157,0.3621,0.0165,18.9882
bored,0.2297,0.2661,0.1843,16.1772
bored,0.2674,0.4323,0.3597,9.4983
bored,0.2085,0.2599,0.0445,22.7116
bored,0.3233,0.5348,0.0036,-9.1118
bored,0.3237,0.427,0.0855,38.8643
bored,0.3307,0.3437,0.0101,-67.7055
bored,0.3944,0.4354,0.036,-2.1116
bored,0.3756,0.505,0.0542,5.8206
bored,0.6881,0.2101,0.0475,-3.0415
bored,0.0536,0.4049,0.0383,12.1624
bored,0.3134,0.4558,0.0307,-14.3515
bored,0.1819,0.4106,0.1572,-1.4774
bored,0.3941,0.4357,0.0703,32.8782
bored,0.323,0.5855,0.0805,-0.0134
bored,0.0972,0.5532,0.0534,4.7947
bored,0.3678,0.4698,0.035,-7.5542
bored,0.0843,0.3846,0.2032,5.995
bored,0.3595,0.581,0.2088,9.3597
bored,0.1333,0.4405,0.0301,-13.332
bored,0.3433,0.4379,0.0139,-4.3431
bored,0.27,0.4181,0.0212,-4.8677
bored,0.3434,0.4292,0.0096,-0.5551
bored,0.3507,0.3157,0.032,4.3628
bored,0.2028,0.5453,0.0129,-10.2419
bored,0.2434,0.3447,0.0175,-27.0138
bored,0.2877,0.4084,0.164,-6.6229
bored,0.3103,0.4329,0.008,1.259
bored,0.3586,0.3594,0.0364,-35.4306
bored,0.3086,0.2903,0.0042,-18.2462
bored,0.1713,0.3697,0.1296,-3.8346
bored,0.1633,0.4672,0.1345,-1.8054
bored,0.3007,0.3296,0.4593,2.4162
bored,0.3563,0.4318,0.0582,33.8573
bored,0.1272,0.3023,0.0272,-13.5641
bored,0.2759,0.4544,0.0132,1.9528
bored,0.2515,0.4325,0.0094,4.3856
bored,0.3702,0.5041,0.0799,-1.6809
bored,0.2428,0.3836,0.0078,2.0513
bored,0.1438,0.3355,0.3486,-2.697
bored,0.2811,0.4844,0.0674,-13.2318
bored,0.0276,0.4573,0.279,-0.8558
bored,0.2923,0.3561,0.2626,6.6908
bored,0.4098,0.4092,0.0586,-20.0282
bored,0.0932,0.5742,0.0145,2.5009
bored,0.3395,0.4704,0.0078,-0.8286
bored,0.2755,0.3964,0.0178,0.8539
bored,0.0861,0.5025,0.0012,2.3712
bored,0.1727,0.3609,0.0132,-6.4275
bored,0.309,0.5006,0.1912,12.9161
bored,0.3675,0.5347,0.0345,-0.5191
bored,0.3232,0.3643,0.2451,-3.662
bored,0.1138,0.5273,0.0188,-5.0389
bored,0.1056,0.2356,0.2764,-25.5911
bored,0.0888,0.4394,0.4061,-2.0648
bored,0.3235,0.326,0.1521,29.3888
bored,0.1864,0.4378,0.4399,-6.9049
bored,0.3126,0.3892,0.4384,5.5205
bored,0.4479,0.3822,0.0808,28.6342
bored,0.383,0.4294,0.0079,1.1205
bored,0.3367,0.5555,0.0022,-9.92
bored,0.0705,0.7023,0.0192,1.5892
bored,0.2015,0.2833,0.219,-5.8645
bored,0.3549,0.4256,0.0357,5.3272
bored,0.4432,0.4412,0.026,-10.2512
bored,0.277,0.4252,0.004,-6.3269
bored,0.0827,0.4452,0.0124,26.5408
bored,0.3328,0.4934,0.17,0.6613
bored,0.2691,0.2976,0.2241,24.6626
bored,0.3442,0.5091,0.0051,2.1349
bored,0.371,0.1972,0.4483,3.4036
bored,0.2829,0.3325,0.7735,2.7453
bored,0.3881,0.5907,0.0211,-2.8501
bored,0.2944,0.4715,0.1529,-5.5528
bored,0.1266,0.4811,0.0723,-38.8969
bored,0.3237,0.4124,0.008,-4.2324
bored,0.2812,0.4788,0.0056,33.1633
bored,0.3944,0.4309,0.0712,-0.1816
bored,0.098,0.4853,0.0053,-8.2648
bored,0.2863,0.356,0.0311,0.4284
bored,0.3221,0.4288,0.106,1.2069
bored,0.2443,0.4447,0.0989,-0.4928
bored,0.321,0.4384,0.2471,8.3346
bored,0.0608,0.3933,0.0248,7.4332
bored,0.4003,0.3201,0.026,3.477
bored,0.1028,0.3726,0.2472,-1.2646
bored,0.0755,0.571,0.1015,-12.9246
bored,0.4062,0.4322,0.0311,-1.2417
bored,0.3409,0.5057,0.0106,0.6069
bored,0.2955,0.4675,0.0285,-3.8489
bored,0.3723,0.3664,0.068,10.4087
bored,0.317,0.3132,0.0167,-8.9805
bored,0.3605,0.2232,0.022,-9.7623
bored,0.3146,0.375,0.2049,-1.6058
bored,0.096,0.4569,0.3095,3.3317
bored,0.254,0.3885,0.0036,-2.0084
bored,0.265,0.3889,0.03,-6.2702
bored,0.2342,0.4397,0.0199,5.0203
bored,0.0206,0.4183,0.0712,7.6904
bored,0.2534,0.5375,0.0617,21.0211
bored,0.2964,0.4059,0.0155,4.1455
bored,0.3123,0.4533,0.1542,15.8543
bored,0.3173,0.3764,0.2079,-10.5109
bored,0.1342,0.4296,0.5034,5.2055
bored,0.2505,0.4417,0.1825,-3.3871
bored,0.1285,0.3484,0.0049,-6.6749
bored,0.301,0.4045,0.0332,9.9728
bored,0.0775,0.5892,0.051,-5.0697
bored,0.3958,0.5667,0.0043,-0.7736
bored,0.0785,0.3765,0.2843,-38.2242
bored,0.2377,0.3609,0.0032,2.9529
bored,0.0907,0.3082,0.0178,4.7233
bored,0.3633,0.4372,0.0047,16.517
bored,0.2567,0.4245,0.0166,-1.3443
bored,0.2702,0.5161,0.0214,3.3716
bored,0.2555,0.4073,0.1441,0.112
bored,0.1602,0.455,0.0092,-4.7397
bored,0.0255,0.2499,0.4499,24.0043
bored,0.1861,0.4753,0.0283,-1.2933
bored,0.33,0.4931,0.0174,-4.1881
bored,0.0862,0.6087,0.217,-0.9614
bored,0.3173,0.3391,0.0214,35.2071
bored,0.2998,0.4372,0.0065,-11.5486
bored,0.2372,0.3044,0.0384,-16.1271
bored,0.3529,0.4025,0.0761,34.764
bored,0.1388,0.5357,0.1211,-1.3641
bored,0.2477,0.5703,0.0051,-0.1039
bored,0.1891,0.4513,0.047,-11.9077
bored,0.3152,0.5006,0.0055,5.5502
bored,0.4236,0.398,0.1395,4.8491
bored,0.2161,0.4068,0.4539,21.5074
bored,0.345,0.42,0.149,12.9914
bored,0.4285,0.4793,0.1527,-21.4072
bored,0.1241,0.43,0.0125,-6.2486
bored,0.1762,0.4609,0.0689,-2.7465
bored,0.2984,0.4623,0.003,-15.4066
bored,0.4811,0.372,0.0162,-9.9918
bored,0.4008,0.4749,0.033,6.2812
bored,0.3666,0.4836,0.0099,4.0771
bored,0.2676,0.5742,0.0084,-6.5484
bored,0.3269,0.4954,0.0596,0.2362
bored,0.2062,0.3778,0.4688,11.1793
bored,0.081,0.2947,0.0227,5.5748
bored,0.3898,0.2526,0.4592,-17.9775
bored,0.1469,0.4504,0.0652,-12.3919
bored,0.1639,0.4865,0.0132,-39.9289
bored,0.0791,0.3764,0.306,4.3091
bored,0.4973,0.3197,0.0524,-21.8237
bored,0.374,0.5872,0.0028,2.8618
bored,0.1545,0.5762,0.0221,0.8163
bored,0.2305,0.3788,0.1329,0.524
bored,0.3517,0.4758,0.2828,16.6084
bored,0.4129,0.4514,0.2397,-7.1349
bored,0.0874,0.6036,0.0043,-8.278
bored,0.3096,0.5719,0.005,15.8225
bored,0.3196,0.3622,0.0825,6.6245
bored,0.2745,0.4843,0.0043,0.6415
bored,0.3891,0.4402,0.2755,-6.8207
bored,0.3014,0.4942,0.1316,-1.654
bored,0.3426,0.4512,0.0193,-5.0028
bored,0.2796,0.5024,0.1117,0.5012
bored,0.0782,0.4494,0.0232,-2.4835
bored,0.3292,0.4326,0.1302,3.1245
bored,0.0846,0.2694,0.1282,12.5788
bored,0.1153,0.4314,0.0678,8.4118
bored,0.1517,0.3463,0.0385,63.0823
bored,0.4223,0.5374,0.1155,-3.3521
bored,0.146,0.2575,0.4764,-10.5426
bored,0.2571,0.5863,0.4311,-2.0573
bored,0.2948,0.4767,0.0511,1.2359
bored,0.2668,0.3788,0.0174,-5.5297
bored,0.3178,0.4495,0.0184,-6.992
bored,0.2079,0.4661,0.0165,13.4687
bored,0.282,0.4771,0.0564,-1.0595
bored,0.2526,0.3895,0.2139,-0.041
bored,0.1857,0.4345,0.1546,3.4414
bored,0.4616,0.401,0.0643,2.0966
bored,0.0197,0.49,0.1969,0.7209
bored,0.0856,0.4083,0.1536,-11.8465
bored,0.332,0.5029,0.5515,-5.9702
bored,0.2046,0.4614,0.2924,-4.0344
bored,0.217,0.3751,0.0142,-10.7171
bored,0.346,0.4512,0.0618,6.8756
bored,0.0994,0.4271,0.0975,7.159
bored,0.3128,0.3957,0.1854,0.3353
bored,0.378,0.5312,0.0613,5.4151
bored,0.4292,0.5077,0.0259,1.1635
bored,0.3127,0.5319,0.0729,6.299
bored,0.2675,0.3839,0.0129,-22.5991
bored,0.0372,0.5187,0.0128,-3.1204
bored,0.2879,0.3646,0.0119,40.2509
bored,0.2654,0.4604,0.1876,-2.7412
bored,0.4906,0.4003,0.1578,7.9031
bored,0.2688,0.4495,0.0138,1.6238
bored,0.1323,0.3624,0.0127,2.2845
bored,0.3395,0.4258,0.1041,-24.0025
bored,0.2298,0.5207,0.0178,0.4971
bored,0.1184,0.3368,0.014,5.8415
bored,0.0767,0.5044,0.0213,17.6177
bored,0.4054,0.503,0.0745,-15.686
bored,0.1705,0.7162,0.004,-2.27
bored,0.1981,0.4716,0.1208,6.456
bored,0.2731,0.2895,0.0287,-14.6443
bored,0.0254,0.5439,0.0455,-1.9319
bored,0.2277,0.4423,0.2556,-2.7772
bored,0.1331,0.5166,0.03,12.6615
bored,0.3,0.5106,0.147,-2.0431
bored,0.106,0.3251,0.2174,-37.758
bored,0.2021,0.373,0.1207,7.7365
bored,0.4153,0.3675,0.0041,1.1176
bored,0.3782,0.446,0.0113,3.7277
bored,0.137,0.4523,0.281,-44.8713
bored,0.4088,0.5425,0.0091,-2.2048
bored,0.1965,0.3476,0.0174,-2.5805
bored,0.3521,0.4472,0.0642,-3.412
bored,0.2283,0.42,0.019,6.3391
bored,0.3602,0.4978,0.0875,-13.6862
bored,0.0482,0.6538,0.0117,1.0402
bored,0.2402,0.557,0.0482,2.8291
bored,0.1873,0.3655,0.4009,-28.0436
bored,0.2024,0.4553,0.044,-8.0932
bored,0.3681,0.4465,0.3496,-12.3804
bored,0.4105,0.4115,0.2398,-7.5803
bored,0.1289,0.4159,0.0102,19.127
bored,0.0648,0.3285,0.0468,20.7414
bored,0.4046,0.5183,0.0215,-2.7694
bored,0.1245,0.4831,0.0025,1.7828
bored,0.3347,0.4211,0.0616,-23.8847
bored,0.3026,0.4238,0.0009,6.2751
bored,0.254,0.2565,0.0092,-0.4275
bored,0.2999,0.4431,0.0057,-3.1374
bored,0.3474,0.408,0.0232,8.2519
bored,0.3287,0.4188,0.0597,17.5421
bored,0.1453,0.505,0.2889,-5.1694
bored,0.2955,0.5054,0.0515,2.0874
bored,0.0321,0.436,0.105,-4.6427
bored,0.3911,0.6065,0.145,-11.6996
bored,0.3632,0.6223,0.0255,-1.4023
bored,0.033,0.3387,0.5377,-0.046
bored,0.3534,0.5756,0.0059,1.9514
bored,0.1091,0.4292,0.5184,36.5996
bored,0.3933,0.4294,0.0196,12.9876
bored,0.077,0.465,0.1939,4.8707
bored,0.1802,0.4339,0.0714,-13.6055
bored,0.1579,0.4626,0.0262,-11.1535
bored,0.3183,0.6896,0.0143,-1.1801
bored,0.3689,0.4562,0.0729,-24.8811
bored,0.3706,0.306,0.1231,-4.0562
bored,0.2792,0.2698,0.4958,-32.0133
bored,0.146,0.3066,0.0568,18.0564
bored,0.3707,0.4499,0.1249,-11.7644
bored,0.3291,0.4967,0.0104,-3.3295
bored,0.3304,0.5272,0.0093,22.1447
bored,0.2163,0.3709,0.1383,-9.869
bored,0.071,0.4945,0.0538,-4.5058
bored,0.2044,0.3746,0.2076,-3.7827
bored,0.314,0.6109,0.0589,5.8523
bored,0.37,0.5239,0.0376,-1.0899
bored,0.2742,0.3799,0.0456,-4.8778
bored,0.3378,0.3979,0.0936,-50.2214
bored,0.2531,0.511,0.0732,-2.5351
bored,0.2384,0.5297,0.0038,4.4446
bored,0.247,0.4498,0.0067,-1.3811
bored,0.2501,0.3569,0.4002,-8.587
bored,0.237,0.405,0.001,-22.8165
bored,0.0746,0.2978,0.2968,9.0836
bored,0.2859,0.5065,0.0336,-1.6816
bored,0.1242,0.4686,0.0282,1.9776
bored,0.268,0.2982,0.2138,17.2039
bored,0.4012,0.4528,0.207,-6.4083
bored,0.4529,0.3965,0.1996,1.0353
bored,0.374,0.6393,0.0141,6.5698
bored,0.2959,0.4332,0.0142,4.0719
bored,0.1928,0.5436,0.0157,28.5126
bored,0.3038,0.4137,0.1279,-0.2464
bored,0.3151,0.5254,0.0427,35.4805
bored,0.3279,0.4401,0.0202,-2.2192
bored,0.3619,0.5112,0.0228,1.0489
bored,0.1905,0.2445,0.0609,19.262
bored,0.3065,0.439,0.0459,-14.2798
bored,0.2642,0.3437,0.0777,-4.6498
bored,0.3602,0.4388,0.0109,2.5902
bored,0.4657,0.3912,0.0405,-35.57
bored,0.4085,0.4766,0.0076,24.7966
bored,0.1121,0.3746,0.0209,-5.6511
bored,0.0252,0.4123,0.181,-3.8865
bored,0.3005,0.4356,0.0547,-10.5472
bored,0.31,0.4087,0.0724,-0.0597
bored,0.3895,0.3846,0.0222,19.8821
bored,0.3355,0.2759,0.0369,-45.8923
bored,0.2385,0.351,0.0511,-0.2006
bored,0.2336,0.3288,0.1964,17.4954
bored,0.0818,0.4754,0.0324,16.147
bored,0.2836,0.4305,0.5052,-12.687
bored,0.2406,0.5006,0.0045,0.4347
bored,0.1854,0.4111,0.0098,12.2899
bored,0.1692,0.4648,0.0181,-1.0173
bored,0.0399,0.6123,0.046,-40.848
bored,0.3009,0.4821,0.0288,-6.9776
bored,0.2124,0.4718,0.0377,13.5518
bored,0.1676,0.4087,0.0153,0.8201
bored,0.3501,0.4839,0.0158,-33.2817
bored,0.3515,0.4338,0.0135,-1.8761
bored,0.3259,0.5356,0.0281,3.9651
bored,0.2786,0.3941,0.0124,-59.5846
bored,0.2229,0.3039,0.1482,-3.9521
bored,0.4274,0.6386,0.0651,26.44
bored,0.3651,0.4156,0.1277,5.0436
bored,0.095,0.4433,0.5196,-7.5376
bored,0.269,0.4956,0.0375,5.6947
bored,0.4166,0.4733,0.0145,0.557
bored,0.3273,0.5091,0.1181,-9.0989
bored,0.3401,0.4828,0.0101,-1.1187
bored,0.0845,0.2892,0.0517,20.7216
bored,0.2269,0.4445,0.0671,-26.8078
bored,0.2014,0.2276,0.2272,3.5356
bored,0.0769,0.4753,0.0146,0.0277
bored,0.2362,0.4451,0.0323,1.3542
bored,0.1995,0.4248,0.1383,-3.7474
bored,0.3355,0.4485,0.2209,-3.6692
bored,0.2206,0.4513,0.0722,-8.8493
bored,0.2867,0.3538,0.1207,-10.5808
bored,0.0365,0.5059,0.0054,-19.7957
bored,0.0591,0.6096,0.0975,5.3236
bored,0.2466,0.4651,0.0652,-1.8142
bored,0.4128,0.3306,0.1898,-11.525
bored,0.2351,0.4737,0.0771,1.476
bored,0.1099,0.3737,0.8326,5.8924
bored,0.1041,0.466,0.014,-1.8339
bored,0.1518,0.4048,0.0289,-9.2261
bored,0.0718,0.4581,0.0551,-0.7553
bored,0.1164,0.3605,0.011,-18.4434
bored,0.3201,0.5403,0.0486,-2.1425
bored,0.0721,0.4467,0.0279,-11.5003
bored,0.2971,0.4498,0.3625,-3.2867
bored,0.3176,0.3415,0.189,-5.5467
bored,0.1437,0.4554,0.2102,3.7882
bored,0.316,0.5867,0.1476,-0.086
bored,0.368,0.3736,0.033,14.5959
bored,0.4015,0.4507,0.2905,-1.0594
bored,0.3571,0.4599,0.2241,-1.1721
bored,0.3056,0.4718,0.0245,-0.778
bored,0.2987,0.503,0.0221,-27.2372
bored,0.4422,0.5847,0.0966,0.6548
bored,0.4444,0.4648,0.1408,39.3148
bored,0.391,0.683,0.0635,1.1585
bored,0.3171,0.4842,0.0135,-3.5788
bored,0.0373,0.4634,0.0102,-15.3745
bored,0.0664,0.4542,0.5143,8.1596
bored,0.1776,0.4752,0.0517,-3.8735
bored,0.2936,0.3399,0.3368,0.8436
bored,0.2584,0.4503,0.0577,-2.5364
bored,0.3083,0.2992,0.2166,6.5749
bored,0.0455,0.4515,0.1726,-2.403
bored,0.369,0.4963,0.0666,-8.2103
bored,0.4622,0.3836,0.0312,-0.1067
bored,0.0969,0.4349,0.3316,-14.1523
bored,0.3273,0.4691,0.0959,6.9967
bored,0.2811,0.3902,0.1375,-0.2326
bored,0.3157,0.334,0.6477,-1.8247
bored,0.3595,0.4302,0.0304,5.8687
bored,0.3403,0.317,0.0084,5.4955
bored,0.3203,0.6408,0.0131,-2.007
bored,0.412,0.4808,0.1666,0.5213
bored,0.298,0.3854,0.0136,12.3389
bored,0.2818,0.4341,0.0369,-2.2079
bored,0.3377,0.4557,0.084,1.883
bored,0.3326,0.1975,0.5137,31.4351
bored,0.4583,0.37,0.0053,9.2643
bored,0.3959,0.4862,0.0745,-4.6076
bored,0.2389,0.3896,0.014,-3.3464
bored,0.3073,0.2634,0.1335,24.7003
bored,0.0792,0.4281,0.0052,0.1348
bored,0.1784,0.3779,0.1357,-8.7485
bored,0.2479,0.4131,0.0195,4.5285
bored,0.2442,0.2268,0.0474,14.2001
bored,0.2694,0.4921,0.0898,3.9884
bored,0.3619,0.4218,0.0297,6.3134
bored,0.3172,0.3319,0.0215,-29.3451
bored,0.3867,0.4432,0.0014,12.2164
bored,0.4842,0.4594,0.0624,5.3234
bored,0.3737,0.456,0.0122,6.3657
bored,0.3281,0.3394,0.3021,2.3716
bored,0.2886,0.4799,0.1916,-17.777
bored,0.2721,0.4149,0.0482,-4.437
bored,0.3234,0.4869,0.0746,-8.6982
bored,0.3094,0.3193,0.0424,-1.3849
bored,0.3539,0.3329,0.0171,-10.3134
bored,0.2797,0.3401,0.04,-64.096
bored,0.3303,0.3931,0.0388,5.1772
bored,0.338,0.2903,0.1301,1.57
bored,0.2194,0.3771,0.0126,27.6507
bored,0.3724,0.3969,0.3389,-2.4057
bored,0.3501,0.446,0.0164,34.1429
bored,0.2719,0.3735,0.4192,9.6096
bored,0.1837,0.4782,0.0698,-7.6767
bored,0.1725,0.4295,0.0141,-12.6064
bored,0.3085,0.5069,0.3498,0.2117
bored,0.0699,0.4968,0.0714,1.9458
bored,0.2325,0.3959,0.0086,-9.7886
bored,0.104,0.3277,0.2918,-7.0101
bored,0.1485,0.4976,0.0085,-4.9184
bored,0.305,0.5827,0.0076,-4.1368
bored,0.1611,0.3902,0.0518,-4.6422
bored,0.0827,0.5586,0.0166,1.9073
bored,0.0705,0.3486,0.4151,-7.8238
bored,0.2149,0.3706,0.4649,-7.2473
bored,0.3778,0.4523,0.0187,-2.4211
bored,0.3879,0.426,0.0086,-13.6077
bored,0.3048,0.5093,0.2274,-10.8476
bored,0.3065,0.4292,0.006,-2.2891
bored,0.3829,0.4876,0.0546,-7.1188
bored,0.3728,0.4654,0.2626,-3.5243
bored,0.1916,0.4378,0.312,4.2045
bored,0.2169,0.4316,0.0198,-14.2248
bored,0.3418,0.326,0.0551,-8.3123
bored,0.3416,0.4649,0.0516,-6.6309
bored,0.0459,0.4218,0.0674,8.2484
bored,0.3382,0.3859,0.063,-4.3916
bored,0.2517,0.4157,0.3024,-0.2055
bored,0.2062,0.4432,0.3029,8.0061
bored,0.4102,0.4606,0.0088,-2.9443
bored,0.401,0.5596,0.0272,-18.9267
bored,0.1331,0.5166,0.03,12.6615
bored,0.0275,0.3869,0.4275,5.5476
bored,0.484,0.4007,0.0195,-44.8713
bored,0.2237,0.4334,0.0154,2.4801
bored,0.3812,0.2662,0.2988,25.9889
bored,0.2996,0.4002,0.3604,-4.871
bored,0.1711,0.2907,0.1338,-13.7902
bored,0.3525,0.6048,0.0118,1.4105
bored,0.2549,0.4712,0.0073,-10.3221
bored,0.3819,0.1997,0.5364,-0.7788
bored,0.3425,0.5085,0.0031,1.9761
bored,0.2707,0.3848,0.1768,7.1376
bored,0.3348,0.4319,0.1444,-0.1791
bored,0.4583,0.4692,0.0021,34.1519
bored,0.1351,0.4127,0.0708,0.2484
bored,0.092,0.4118,0.0213,0.6648
bored,0.3261,0.3486,0.3048,2.9012
bored,0.2616,0.561,0.0812,-4.0492
bored,0.3418,0.5472,0.3823,-0.7219
bored,0.2249,0.4786,0.0892,-7.1979
bored,0.3591,0.3726,0.2512,6.8884
bored,0.305,0.3461,0.6895,16.5593
bored,0.3423,0.5611,0.076,4.6833
bored,0.2645,0.3176,0.0356,6.903
bored,0.3257,0.4622,0.0302,-1.2383
bored,0.3987,0.3356,0.0532,-17.5379
bored,0.1744,0.4411,0.2017,-0.1045
bored,0.4234,0.3443,0.0162,-16.0953
bored,0.2485,0.4819,0.0082,1.8437
bored,0.2738,0.2478,0.6749,-16.3302
bored,0.3164,0.4087,0.0081,5.3966
bored,0.4063,0.4888,0.0515,-3.1348
bored,0.4088,0.4444,0.0814,-0.3097
bored,0.032,0.4889,0.2199,-8.7523
bored,0.2215,0.5861,0.0075,-2.1866
bored,0.1941,0.6172,0.0154,-6.802
bored,0.1893,0.4318,0.1108,-4.0793
bored,0.0661,0.4463,0.0101,-12.4251
bored,0.2886,0.373,0.0205,-6.7135
bored,0.2799,0.4147,0.1297,-20.5912
bored,0.3449,0.4237,0.0221,13.9018
bored,0.1166,0.4011,0.1424,-6.0399
bored,0.0777,0.3902,0.0086,4.489
bored,0.1868,0.2802,0.2315,-0.7993
bored,0.3138,0.5258,0.0674,0.159
bored,0.3146,0.424,0.0044,6.6745
bored,0.3287,0.4493,0.0774,1.722
bored,0.1733,0.4952,0.0377,0.6596
bored,0.0701,0.3003,0.0081,-30.0758
bored,0.3606,0.4672,0.0104,16.6288
bored,0.3781,0.4815,0.128,-3.7142
bored,0.2873,0.4083,0.0477,-5.572
bored,0.3008,0.3655,0.0768,3.6512
bored,0.0834,0.5401,0.0139,2.2885
bored,0.2258,0.262,0.0146,-43.6674
bored,0.2753,0.3942,0.0263,0.1919
bored,0.3285,0.4791,0.1666,6.0667
bored,0.3511,0.5021,0.0322,5.3524
bored,0.0393,0.5146,0.2355,0.5845
bored,0.0306,0.4733,0.0669,0.0474
bored,0.3693,0.3929,0.0059,-1.311
bored,0.1735,0.2979,0.1747,12.3371
bored,0.5812,0.3966,0.1696,-5.8788
bored,0.07,0.4587,0.1941,-4.9582
bored,0.3008,0.3552,0.0097,-3.031
bored,0.1891,0.2791,0.0894,-9.0393
bored,0.2471,0.425,0.0482,-14.4315
bored,0.3854,0.4379,0.0446,8.2837
bored,0.1334,0.4052,0.0096,-0.8473
bored,0.1743,0.4674,0.0145,-5.6331
bored,0.0882,0.4365,0.0439,0.2436
bored,0.4315,0.4742,0.0533,0.0494
bored,0.1365,0.3866,0.1597,-9.6483
bored,0.3537,0.3084,0.019,9.3879
bored,0.2447,0.4099,0.2888,16.7867
bored,0.3054,0.336,0.0267,2.7934
bored,0.3669,0.4518,0.0724,-6.1932
bored,0.1805,0.4993,0.0624,13.9131
bored,0.1548,0.4462,0.0186,-6.2999
bored,0.1093,0.4688,0.1539,-0.3397
bored,0.2741,0.3937,0.0109,-33.365
bored,0.3304,0.5371,0.0021,-9.3435
bored,0.4302,0.5579,0.7353,-5.7238
bored,0.1199,0.4925,0.0212,15.7222
bored,0.0953,0.4497,0.1245,-7.9701
bored,0.0658,0.6159,0.1335,-14.7049
bored,0.3373,0.4789,0.0045,-5.0167
bored,0.1314,0.3484,0.0853,-9.9597
bored,0.3031,0.5402,0.1406,1.2492
bored,0.3034,0.3326,0.1511,-13.5648
bored,0.4308,0.5197,0.0566,29.3505
bored,0.0595,0.4813,0.0247,3.223
bored,0.3734,0.3662,0.0302,4.8995
bored,0.265,0.502,0.0291,-4.5085
bored,0.3481,0.6564,0.0045,5.2183
bored,0.1624,0.3486,0.0086,6.0802
bored,0.3369,0.4819,0.4214,-0.1879
bored,0.4196,0.3443,0.0151,-3.4725
bored,0.3117,0.3344,0.2313,-1.0148
bored,0.027,0.4344,0.0728,16.4112
bored,0.296,0.2967,0.1187,-5.8225
bored,0.4053,0.5778,0.0224,-2.7983
bored,0.106,0.3833,0.2995,6.2914
bored,0.2413,0.3982,0.0598,2.6333
bored,0.4033,0.4876,0.2844,-26.2787
bored,0.3371,0.437,0.0805,0.1117
bored,0.4173,0.5457,0.4422,4.7637
bored,0.3893,0.4164,0.0071,5.4303
bored,0.3719,0.5612,0.0231,-6.4593
bored,0.3283,0.5057,0.0063,0.5486
bored,0.2312,0.4691,0.3256,14.9392
bored,0.1489,0.3093,0.2579,-5.6922
bored,0.3287,0.4717,0.014,3.501
bored,0.2993,0.4041,0.0062,-1.3892
bored,0.3493,0.4685,0.0833,4.6235
bored,0.3672,0.4891,0.109,-2.3847
bored,0.1246,0.5171,0.0044,-1.2309
bored,0.2469,0.4377,0.0043,1.6373
bored,0.0658,0.4814,0.0024,-4.1777
bored,0.0899,0.4622,0.0097,-30.4424
bored,0.3544,0.556,0.0682,-25.3992
bored,0.048,0.4358,0.0155,4.6541
bored,0.2805,0.4138,0.2094,-0.676
bored,0.2438,0.4849,0.0079,-10.7765
bored,0.2981,0.4431,0.1071,-36.5288
bored,0.3335,0.5302,0.0216,-3.0843
bored,0.2426,0.4928,0.0817,4.193
bored,0.3442,0.4092,0.016,-16.4325
bored,0.3323,0.4382,0.0459,0.9312
bored,0.3317,0.5823,0.0056,-12.0907
bored,0.3612,0.5183,0.0103,-5.4788
bored,0.2691,0.3977,0.0139,-7.9675
bored,0.1998,0.357,0.0477,-3.4184
bored,0.3579,0.4344,0.0028,4.2193
bored,0.3283,0.5317,0.0098,-5.8929
bored,0.3524,0.4308,0.0255,9.2716
bored,0.1988,0.4925,0.0062,-4.7888
bored,0.0395,0.5758,0.0048,14.8425
bored,0.2748,0.5627,0.0161,-1.2914
bored,0.3548,0.5934,0.0116,2.6506
bored,0.292,0.4438,0.1245,-9.4049
bored,0.2929,0.5802,0.1256,-2.634
bored,0.3004,0.6321,0.0539,-8.5655
bored,0.5072,0.4386,0.3445,-31.4008
bored,0.4229,0.5501,0.0129,2.6291
bored,0.1136,0.4782,0.2911,-11.4567
bored,0.1075,0.4308,0.2989,17.4556
bored,0.3396,0.3849,0.3321,6.8432
bored,0.0422,0.4406,0.5013,-7.4029
bored,0.148,0.4203,0.1599,-0.0972
bored,0.2519,0.4231,0.4364,19.6075
bored,0.1621,0.4494,0.1532,-6.146
bored,0.3568,0.5524,0.0359,0.0405
bored,0.4056,0.4285,0.1342,-7.4287
bored,0.3216,0.5104,0.0021,2.5398
bored,0.2945,0.4479,0.2554,3.0633
bored,0.3535,0.3873,0.0126,0.3488
bored,0.2891,0.4756,0.1653,-6.4245
bored,0.3331,0.4841,0.004,-12.7977
bored,0.3815,0.5138,0.012,0.8682
bored,0.3458,0.4865,0.2966,-2.8592
bored,0.2773,0.4253,0.1855,1.9408
bored,0.0943,0.4181,0.1256,-55.1609
bored,0.3787,0.5553,0.0177,10.4908
bored,0.3581,0.3715,0.0266,-6.0861
bored,0.1206,0.3081,0.0777,-32.6835
bored,0.1886,0.465,0.0209,2.0505
bored,0.3218,0.3886,0.0317,0.1936
bored,0.3137,0.384,0.0294,-14.2475
bored,0.2497,0.3037,0.0533,3.8852
bored,0.3349,0.5386,0.0942,3.1848
bored,0.1479,0.2092,0.4157,-22.8857
bored,0.2389,0.3948,0.01,-0.3261
bored,0.3906,0.3757,0.0164,-18.9714
bored,0.4177,0.6131,0.0067,-20.5727
bored,0.2658,0.3593,0.005,-0.5966
bored,0.1344,0.3818,0.0437,0.2101
bored,0.1218,0.4692,0.0289,-14.4471
bored,0.3763,0.2763,0.1524,-4.5426
bored,0.2189,0.3126,0.0038,14.4889
bored,0.2943,0.4609,0.0147,-3.0356
bored,0.0723,0.4273,0.1048,14.2543
bored,0.4183,0.5161,0.0354,17.6503
bored,0.372,0.461,0.0246,-10.4445
bored,0.3299,0.4814,0.7164,-2.6232
bored,0.1726,0.4212,0.0202,-7.1609
bored,0.0894,0.5394,0.0091,2.9996
bored,0.1433,0.3925,0.0381,-3.8037
bored,0.0685,0.4078,0.0708,0.4186
bored,0.2488,0.5041,0.0072,-2.8603
bored,0.331,0.3801,0.0288,21.0151
bored,0.315,0.4772,0.0294,-7.1748
bored,0.3873,0.3453,0.3892,3.0731
bored,0.1925,0.4073,0.2917,44.1376
bored,0.2108,0.5631,0.006,-13.2164
bored,0.2998,0.4372,0.0065,-11.5486
bored,0.3355,0.3858,0.3019,0.1817
bored,0.3753,0.4502,0.0166,2.2341
bored,0.3657,0.3714,0.0589,5.0904
bored,0.394,0.3611,0.0889,9.141
bored,0.3084,0.3353,0.0351,33.7092
bored,0.2504,0.4096,0.0066,-3.7907
bored,0.332,0.4615,0.0145,5.6931
bored,0.268,0.6097,0.0081,4.5201
bored,0.2992,0.4131,0.0253,-9.1166
bored,0.3518,0.3985,0.0436,-0.2226
bored,0.4175,0.3572,0.3213,1.3015
bored,0.2591,0.4902,0.0205,20.0808
bored,0.3931,0.4273,0.0264,1.3655
bored,0.0618,0.6945,0.0053,-2.8795
bored,0.2112,0.4231,0.0028,5.1776
bored,0.3222,0.4417,0.0072,-11.6795
bored,0.0729,0.402,0.2176,-1.3148
bored,0.2617,0.3752,0.2164,-11.4743
bored,0.4093,0.4325,0.1003,2.9904
bored,0.2887,0.4674,0.0135,6.5923
bored,0.3512,0.2996,0.0314,55.8363
bored,0.2229,0.4504,0.0094,1.6198
bored,0.1997,0.2475,0.0488,-23.0002
bored,0.3133,0.4681,0.0416,8.8936
bored,0.2398,0.4294,0.0192,0.4437
bored,0.4066,0.3817,0.1864,7.869
bored,0.3395,0.5362,0.0467,-0.6536
bored,0.2736,0.4678,0.0818,-12.7201
bored,0.3288,0.5648,0.1592,3.0463
bored,0.1196,0.4313,0.0426,1.0122
bored,0.3279,0.412,0.0369,-3.884
bored,0.2404,0.5255,0.041,-11.9941
bored,0.3565,0.5138,0.1179,10.4349
bored,0.0869,0.2925,0.0758,-20.115
bored,0.2976,0.3373,0.0119,68.4411
bored,0.2531,0.3755,0.0181,4.0658
bored,0.3249,0.3803,0.0076,4.5512
bored,0.3012,0.4465,0.0707,7.3583
bored,0.3843,0.4195,0.0772,10.2172
bored,0.1496,0.4569,0.0207,-7.9334
bored,0.3248,0.5531,0.1586,3.1459
bored,0.2979,0.358,0.0242,-6.2295
bored,0.3074,0.2729,0.4467,-23.4431
bored,0.4375,0.2745,0.0836,-35.9919
bored,0.3455,0.4588,0.022,1.9141
bored,0.3308,0.3824,0.0213,2.758
bored,0.3577,0.4743,0.2105,-10.4886
bored,0.3664,0.4626,0.0467,-0.0161
bored,0.0585,0.4932,0.0109,8.1797
bored,0.2955,0.5696,0.1052,-8.4393
bored,0.1975,0.5009,0.009,-6.1551
bored,0.2787,0.3363,0.0423,-1.2236
bored,0.0938,0.3564,0.0148,-6.0785
bored,0.2322,0.3636,0.1369,27.9798
bored,0.0885,0.4257,0.0705,20.6151
bored,0.3823,0.6455,0.0041,28.3483
bored,0.1393,0.3318,0.3118,-25.7185
bored,0.1231,0.3045,0.3301,-4.4173
bored,0.229,0.5716,0.0063,-20.8633
bored,0.301,0.5083,0.0202,1.9927
bored,0.191,0.4294,0.0691,14.1813
bored,0.0171,0.4055,0.2014,-3.4434
bored,0.4199,0.4305,0.3905,9.0762
bored,0.1993,0.4373,0.0185,-3.4861
bored,0.3606,0.421,0.1676,-4.1774
bored,0.2435,0.3743,0.0431,-33.9858
bored,0.4231,0.3797,0.0584,-3.5053
bored,0.2342,0.2704,0.3605,-23.5371
bored,0.0587,0.3772,0.039,-19.0626
bored,0.3613,0.413,0.009,0.6547
bored,0.3926,0.4868,0.0186,-3.171
bored,0.332,0.4689,0.0539,-3.6332
bored,0.3482,0.4993,0.0198,-1.4839
bored,0.0649,0.5395,0.0205,-2.5841
bored,0.1043,0.3477,0.0049,23.6495
bored,0.3786,0.5524,0.0364,39.364
bored,0.2845,0.5257,0.0121,-5.2785
bored,0.0936,0.5059,0.007,1.5363
bored,0.1375,0.3831,0.2324,-35.7594
bored,0.0466,0.4319,0.1481,10.6668
bored,0.1641,0.4916,0.0103,9.364
bored,0.3102,0.3226,0.0273,3.8038
bored,0.2308,0.4399,0.0076,-6.1456
bored,0.3272,0.5775,0.01,-3.0712
bored,0.4457,0.5061,0.0211,-1.8652
bored,0.4653,0.4611,0.419,2.5904
bored,0.2207,0.3603,0.0699,-22.6628
bored,0.5835,0.3249,0.0144,-31.0102
bored,0.3859,0.3883,0.3327,6.458
bored,0.2184,0.3422,0.0051,0.9713
bored,0.3607,0.535,0.0709,2.1871
bored,0.2111,0.4919,0.0496,-3.3999
bored,0.3077,0.4896,0.0322,7.3759
bored,0.2976,0.498,0.0159,-1.9227
bored,0.0806,0.4887,0.0162,-0.492
bored,0.0581,0.3325,0.1694,0.6028
bored,0.2967,0.3988,0.0642,-9.5249
bored,0.3644,0.3765,0.0281,1.8514
bored,0.325,0.4447,0.1347,19.8069
bored,0.1875,0.485,0.2722,11.1231
bored,0.322,0.4127,0.03,-4.8376
bored,0.3283,0.5317,0.0098,-5.8929
bored,0.3893,0.4086,0.1075,-21.3667
bored,0.1552,0.308,0.0774,2.7359
bored,0.4115,0.5906,0.1688,5.4957
bored,0.3802,0.5212,0.0044,12.7124
bored,0.5552,0.3297,0.3417,-18.5323
bored,0.3406,0.4223,0.2714,8.6021
bored,0.3085,0.328,0.0231,1.7672
bored,0.5435,0.4461,0.0677,12.2596
bored,0.317,0.463,0.0146,-2.4038
bored,0.4253,0.4033,0.1994,-5.3256
bored,0.458,0.4117,0.0224,28.4068
bored,0.3095,0.4526,0.0119,-3.6577
bored,0.2621,0.5312,0.1629,-2.0962
bored,0.2354,0.2731,0.1748,34.173
bored,0.1615,0.4551,0.0268,6.4809
bored,0.0766,0.5134,0.0067,-4.7176
bored,0.3129,0.5776,0.176,-9.7655
bored,0.3031,0.499,0.0141,2.4597
bored,0.3166,0.4929,0.024,-2.9474
bored,0.2297,0.3452,0.0343,1.4564
bored,0.355,0.4255,0.0645,-7.7464
bored,0.3195,0.5465,0.0478,-7.8702
bored,0.3662,0.5266,0.0098,12.0897
bored,0.2872,0.4495,0.0299,-1.8199
bored,0.2743,0.5276,0.0136,-0.3811
bored,0.3289,0.3074,0.0228,-7.7944
bored,0.0792,0.4581,0.2318,0.3178
bored,0.3315,0.4101,0.3101,-1.96
bored,0.3516,0.5489,0.0081,6.8976
bored,0.4331,0.5887,0.0322,-9.0388
bored,0.2671,0.4323,0.0163,5.0152
bored,0.336,0.3448,0.0592,-0.8915
bored,0.3127,0.4637,0.0236,16.8498
bored,0.2421,0.4402,0.0408,-3.335
bored,0.3495,0.4831,0.0466,-6.078
bored,0.1492,0.4359,0.0354,9.4878
bored,0.3292,0.401,0.2042,4.6194
bored,0.3783,0.5515,0.0104,-3.6066
bored,0.2592,0.5477,0.1408,8.3064
bored,0.3081,0.3155,0.1746,0.7833
bored,0.1636,0.4032,0.361,14.4603
bored,0.3491,0.4509,0.0238,-5.3194
bored,0.1702,0.5519,0.1037,-16.5719
bored,0.3271,0.5184,0.1753,8.4307
bored,0.4033,0.3907,0.2081,13.0211
bored,0.1098,0.4537,0.0313,1.4916
bored,0.2261,0.4011,0.1126,26.5551
bored,0.1359,0.247,0.5396,-6.0111
bored,0.4833,0.4587,0.0343,-11.6376
bored,0.3634,0.4064,0.17,14.7166
bored,0.1677,0.3865,0.2598,4.1082
bored,0.1913,0.4631,0.2302,-8.3878
bored,0.4213,0.3744,0.1442,-1.5216
bored,0.0942,0.579,0.0143,-15.6348
bored,0.3662,0.5443,0.0631,-26.4758
bored,0.147,0.4783,0.4043,-3.3706
bored,0.0487,0.3782,0.2342,-20.4462
bored,0.3389,0.4272,0.067,-5.85
bored,0.3422,0.4589,0.0632,-7.1697
bored,0.2511,0.7013,0.0196,-5.6922
bored,0.1631,0.5615,0.0617,-30.7765
bored,0.299,0.5147,0.0048,0.3745
bored,0.1199,0.5714,0.0113,-14.4562
bored,0.3022,0.4373,0.0274,3.7396
bored,0.0314,0.4296,0.0095,-5.9553
bored,0.1006,0.5581,0.0825,-40.7768
bored,0.1298,0.5116,0.1642,1.5136
bored,0.4772,0.4529,0.1244,2.2125
bored,0.2149,0.4023,0.144,0.2749
bored,0.0326,0.5117,0.0148,-2.5858
bored,0.2776,0.257,0.1078,-66.7016
bored,0.346,0.5347,0.1009,-7.0742
bored,0.0518,0.3471,0.0726,5.7797
bored,0.2426,0.4325,0.4474,-1.426
bored,0.3374,0.5493,0.1616,4.233
bored,0.1014,0.5927,0.0061,-25.7639
bored,0.366,0.296,0.1879,-3.9173
bored,0.1709,0.4613,0.0083,-6.4513
bored,0.3104,0.336,0.0223,-1.1904
confused,0.4005,0.4248,0.4683,0.6265
confused,0.394,0.3147,0.6777,-11.5503
confused,0.4188,0.3778,0.4513,-15.9293
confused,0.2785,0.349,0.0652,1.2808
confused,0.3006,0.3175,0.3829,3.7565
confused,0.4337,0.45,0.2978,9.4933
confused,0.4194,0.4426,0.2616,2.3784
confused,0.3507,0.478,0.0465,7.037
confused,0.4041,0.4509,0.6816,-0.0066
confused,0.3781,0.4593,0.4089,-4.6297
confused,0.4994,0.4682,0.1972,3.4546
confused,0.4353,0.3917,0.2521,-1.6896
confused,0.4318,0.5399,0.5507,0.0199
confused,0.2725,0.3696,0.4117,1.1888
confused,0.4764,0.4909,0.7651,-0.9067
confused,0.4555,0.5281,0.0274,4.9217
confused,0.3297,0.3694,0.5791,0.0028
confused,0.4619,0.4483,0.5161,0.5985
confused,0.3343,0.4733,0.3835,0.9847
confused,0.4397,0.5081,0.6618,8.1575
confused,0.3676,0.4225,0.0358,0.2615
confused,0.4273,0.5831,0.1826,1.6701
confused,0.3953,0.5,0.2969,-2.7399
confused,0.338,0.4466,0.2914,-5.9816
confused,0.3673,0.5335,0.0794,-14.5864
confused,0.4337,0.5504,0.3516,1.5166
confused,0.4266,0.5629,0.2868,6.3131
confused,0.4299,0.545,0.2972,-4.9459
confused,0.4314,0.4601,0.8065,-0.2096
confused,0.4133,0.4603,0.395,-1.0254
confused,0.4319,0.4731,0.3929,-1.2993
confused,0.335,0.4223,0.3006,-4.855
confused,0.4297,0.4295,0.3462,1.7307
confused,0.3544,0.3826,0.8728,-1.4366
confused,0.3717,0.4315,0.0052,-7.7893
confused,0.3598,0.4238,0.5081,-4.1399
confused,0.3596,0.3889,0.6921,1.7728
confused,0.3969,0.368,0.2272,20.0107
confused,0.4082,0.5146,0.3007,-3.5383
confused,0.422,0.4016,0.5949,1.6166
confused,0.4697,0.6124,0.1751,0.2914
confused,0.4376,0.5069,0.0047,-2.58
confused,0.3785,0.525,0.0609,-0.0907
confused,0.3876,0.391,0.7684,-3.3381
confused,0.4771,0.4162,0.5808,0.0916
confused,0.2752,0.2822,0.282,2.0824
confused,0.3601,0.48,0.4641,-0.9483
confused,0.4269,0.4742,0.4352,-2.2996
confused,0.4759,0.4294,0.4734,-4.3216
confused,0.4518,0.5114,0.0232,-1.1991
confused,0.4458,0.5439,0.4469,1.2082
confused,0.3281,0.4815,0.4119,-20.8335
confused,0.4595,0.5661,0.5279,1.239
confused,0.391,0.4618,0.671,3.2505
confused,0.4229,0.4638,0.3132,1.4231
confused,0.4144,0.6618,0.1686,-10.8238
confused,0.4676,0.4226,0.7973,-3.2236
confused,0.4077,0.4859,0.5344,0.3536
confused,0.4731,0.4876,0.8326,-1.4158
confused,0.2986,0.4888,0.0354,-3.4354
confused,0.4153,0.3713,0.5737,5.1682
confused,0.342,0.5433,0.6972,-7.3356
confused,0.4302,0.5025,0.3699,0.2141
confused,0.4407,0.5164,0.4121,19.5618
confused,0.4033,0.5202,0.366,30.4147
confused,0.3716,0.4312,0.4637,-6.3883
confused,0.4224,0.6581,0.2802,13.8414
confused,0.3399,0.4453,0.49,0.2765
confused,0.3922,0.4978,0.4715,-7.9238
confused,0.3981,0.4368,0.5147,-0.6993
confused,0.5429,0.5323,0.4604,0.0298
confused,0.4233,0.4455,0.1707,5.1929
confused,0.4255,0.4352,0.9064,-6.5889
confused,0.4046,0.3978,0.4096,-2.3551
confused,0.3702,0.4479,0.2499,-5.981
confused,0.4455,0.3626,0.7336,5.9337
confused,0.4197,0.5128,0.682,2.4923
confused,0.3956,0.3513,0.5066,28.057
confused,0.4233,0.5183,0.4502,1.2701
confused,0.4294,0.5248,0.5087,4.3997
confused,0.4471,0.3922,0.902,-2.0933
confused,0.3592,0.2294,0.4982,-4.7428
confused,0.3769,0.4401,0.114,0.3381
confused,0.4089,0.3646,0.5827,0.1728
confused,0.454,0.5727,0.3952,-3.0306
confused,0.4012,0.4536,0.0186,1.856
confused,0.401,0.4218,0.3517,-1.3279
confused,0.474,0.4272,0.4181,-0.9245
confused,0.4254,0.4284,0.0851,-4.0139
confused,0.4282,0.4845,0.0389,1.0467
confused,0.3827,0.5998,0.2033,1.2154
confused,0.4171,0.6045,0.4918,5.3708
confused,0.4111,0.3965,0.6308,0.6979
confused,0.3988,0.5012,0.2879,-3.6112
confused,0.4415,0.4937,0.2799,14.9745
confused,0.3822,0.4107,0.5574,6.2753
confused,0.3923,0.4921,0.0922,-1.6509
confused,0.3425,0.4052,0.2192,4.3195
confused,0.4437,0.5164,0.0797,-2.1189
confused,0.5384,0.3929,0.3154,-6.0207
confused,0.3988,0.4339,0.0474,-1.474
confused,0.4228,0.4451,0.4246,-1.2509
confused,0.3733,0.4888,0.2343,-3.655
confused,0.4078,0.4474,0.5154,-0.576
confused,0.425,0.5027,0.0051,-16.1624
confused,0.4321,0.4898,0.1905,-0.9421
confused,0.4704,0.4553,0.5799,-3.5932
confused,0.2028,0.3698,0.099,11.9127
confused,0.4229,0.5145,0.2209,-0.5293
confused,0.3031,0.4566,0.0468,-5.8476
confused,0.4111,0.3822,0.8448,1.4048
confused,0.4652,0.4973,0.464,1.3002
confused,0.3731,0.4237,0.6728,-7.4945
confused,0.2933,0.4044,0.6137,-6.3732
confused,0.4618,0.4339,0.6576,-2.9302
confused,0.4083,0.4602,0.4102,1.1873
confused,0.373,0.4676,0.3772,-9.9062
confused,0.3781,0.459,0.0915,1.0415
confused,0.3613,0.46,0.6361,-8.6204
confused,0.2834,0.3967,0.4423,-4.0171
confused,0.4731,0.4876,0.8326,-1.4158
confused,0.3549,0.4479,0.1831,-3.2808
confused,0.4366,0.4143,0.3009,2.0223
confused,0.4127,0.4608,0.7556,-0.2381
confused,0.4081,0.5849,0.089,0.2519
confused,0.3817,0.5864,0.165,1.267
confused,0.3971,0.3107,0.9504,-10.7498
confused,0.4601,0.3461,0.3355,-16.1065
confused,0.4034,0.3717,0.5124,-1.9526
confused,0.4403,0.5478,0.2071,-0.7367
confused,0.4485,0.3506,0.3758,6.5185
confused,0.3148,0.4461,0.5575,0.6309
confused,0.3467,0.407,0.2693,-5.9273
confused,0.4018,0.3514,0.3698,-10.4045
confused,0.3442,0.4238,0.43,1.3215
confused,0.5063,0.4553,0.585,-1.9359
confused,0.4935,0.4529,0.0081,7.8464
confused,0.3508,0.4852,0.3045,3.5445
confused,0.3853,0.3681,0.0474,-4.2691
confused,0.4677,0.4997,0.0194,-1.3263
confused,0.3921,0.3973,0.3498,-0.3408
confused,0.4213,0.4718,0.2426,0.6485
confused,0.4129,0.4378,0.0763,-6.4776
confused,0.3891,0.5068,0.1376,4.7918
confused,0.4516,0.5466,0.3774,2.1318
confused,0.4038,0.4319,0.4306,-0.3386
confused,0.3732,0.4533,0.7184,-1.0383
confused,0.4964,0.4843,0.1732,-1.0482
confused,0.4512,0.508,0.2084,5.24
confused,0.3703,0.3901,0.2244,-1.3647
confused,0.3058,0.4696,0.3698,2.8157
confused,0.4445,0.4172,0.6092,6.9707
confused,0.4125,0.4809,0.4313,3.4249
confused,0.3945,0.4803,0.4171,21.5017
confused,0.4635,0.5481,0.3981,-1.81
confused,0.4177,0.4763,0.5143,-3.0821
confused,0.423,0.5221,0.0195,1.2921
confused,0.4794,0.4805,0.2206,-0.2572
confused,0.3844,0.2973,0.4257,10.8499
confused,0.4316,0.3241,0.3613,15.7602
confused,0.3581,0.3702,0.1006,-14.7765
confused,0.4616,0.5354,0.0127,14.9708
confused,0.2694,0.3604,0.1681,-5.8028
confused,0.37,0.5849,0.4583,0.4774
confused,0.4994,0.4682,0.1972,3.4546
confused,0.4355,0.4244,0.8949,1.1148
confused,0.4255,0.3786,0.2296,-6.7124
confused,0.3846,0.4584,0.4586,-0.7823
confused,0.3341,0.4373,0.3429,-5.0427
confused,0.3472,0.4027,0.6384,3.9611
confused,0.1649,0.442,0.672,-6.9765
confused,0.4229,0.6033,0.1627,0.6707
confused,0.3884,0.4204,0.3703,-1.2165
confused,0.3525,0.3987,0.196,-2.5821
confused,0.4067,0.4182,0.4425,-1.3487
confused,0.2275,0.2915,0.5275,-23.8816
confused,0.4304,0.5314,0.3198,-2.9316
confused,0.3573,0.3829,0.0167,-0.6296
confused,0.4204,0.4804,0.4342,4.1855
confused,0.4241,0.547,0.4813,-3.6044
confused,0.4145,0.4335,0.1301,-4.5441
confused,0.3871,0.4548,0.1662,-2.0015
confused,0.2999,0.395,0.1991,-1.438
confused,0.3647,0.4109,0.4101,15.6984
confused,0.4511,0.4493,0.6836,3.3484
confused,0.3978,0.4448,0.0287,1.4602
confused,0.2923,0.1925,0.0135,-4.7623
confused,0.4253,0.515,0.2771,-0.779
confused,0.2873,0.3134,0.2419,-1.6339
confused,0.425,0.4306,0.3818,-0.4876
confused,0.3882,0.4724,0.4721,-0.7333
confused,0.2842,0.3072,0.4757,-18.4327
confused,0.4295,0.4489,0.6014,-11.3463
confused,0.294,0.4685,0.468,-20.2811
confused,0.3658,0.4728,0.1473,1.7591
confused,0.3796,0.4521,0.4036,2.55
confused,0.1289,0.5629,0.0329,3.5123
confused,0.4418,0.5395,0.5639,-1.2421
confused,0.3681,0.3865,0.4017,1.9419
confused,0.4199,0.5641,0.0336,-9.2716
confused,0.4272,0.44,0.3753,-4.5894
confused,0.3934,0.4312,0.2109,-2.7487
confused,0.4886,0.5066,1.1791,-10.8558
confused,0.4192,0.4814,0.2853,0.0872
confused,0.3445,0.4244,0.0615,-1.6627
confused,0.2894,0.154,0.0168,-7.5852
confused,0.5694,0.4555,0.1982,-1.7436
confused,0.4157,0.4891,0.2983,-6.1126
confused,0.4633,0.5128,0.4175,1.9515
confused,0.3838,0.5188,0.6079,-0.0815
confused,0.4103,0.4125,0.5145,-6.303
confused,0.4213,0.5255,0.5378,-1.1641
confused,0.3974,0.3477,0.5734,0.0268
confused,0.4301,0.4221,0.4849,3.7072
confused,0.4871,0.5348,0.0287,-1.8862
confused,0.0728,0.4188,0.3843,-5.6635
confused,0.2583,0.1803,0.2666,-29.8057
confused,0.4005,0.4485,0.2308,1.96
confused,0.4052,0.5088,0.5171,28.9108
confused,0.3716,0.4312,0.4637,-6.3883
confused,0.4094,0.364,0.4669,-2.3047
confused,0.1756,0.6947,0.0515,1.3934
confused,0.3828,0.4077,0.4145,4.5689
confused,0.4858,0.4955,0.4316,-15.7504
confused,0.3923,0.4921,0.0922,-1.6509
confused,0.4389,0.5034,0.2795,0.8115
confused,0.3811,0.4965,0.0111,-1.55
confused,0.3246,0.5099,0.6668,10.8372
confused,0.4089,0.5119,0.0048,-1.1976
confused,0.4038,0.4453,0.022,-1.228
confused,0.285,0.5877,0.5507,-17.3317
confused,0.3658,0.4548,0.294,17.1695
confused,0.3387,0.4649,0.2013,1.2799
confused,0.2815,0.4161,0.7253,0.4083
confused,0.2959,0.4231,0.358,-0.6202
confused,0.3962,0.4072,0.6394,4.1187
confused,0.4208,0.4826,0.5147,5.7412
confused,0.4154,0.5034,0.4267,4.4805
confused,0.4373,0.522,0.2775,1.885
confused,0.4154,0.5034,0.4267,4.4805
confused,0.3904,0.3717,1.052,-5.4834
confused,0.4378,0.5217,0.3551,-2.1681
confused,0.4072,0.4427,0.6173,-1.5135
confused,0.4215,0.5602,0.3701,1.914
confused,0.4124,0.4757,0.0626,2.4702
confused,0.3784,0.3958,0.2418,12.8722
confused,0.4136,0.4244,0.6339,0.2112
confused,0.4904,0.3834,1.0894,-11.6481
confused,0.3961,0.3984,0.5343,-0.9916
confused,0.4227,0.3634,0.5126,7.1556
confused,0.3758,0.4588,0.0465,-0.9828
confused,0.2671,0.3983,0.516,6.2356
confused,0.3492,0.4136,0.1008,-3.3278
confused,0.3672,0.4383,0.343,1.1644
confused,0.3692,0.559,0.0396,-7.3803
confused,0.199,0.1804,0.0157,0.2314
confused,0.4472,0.5324,0.2867,1.1113
confused,0.3509,0.4576,0.6775,-0.8181
confused,0.4023,0.5725,0.3716,-0.5209
confused,0.3673,0.3072,0.7144,-10.2954
confused,0.4419,0.5236,0.9362,1.175
confused,0.6138,0.3481,0.6462,3.0057
confused,0.3927,0.4383,0.6381,-1.0653
confused,0.4055,0.5258,0.0084,8.1031
confused,0.3466,0.403,0.6862,-0.7781
confused,0.4021,0.4786,0.2518,1.3883
confused,0.2474,0.4168,0.4769,-0.9577
confused,0.35,0.2914,0.7027,-3.7606
confused,0.4353,0.4104,1.0174,-0.4583
confused,0.1577,0.4115,0.405,-3.5071
confused,0.3636,0.4514,0.17,-0.0052
confused,0.4294,0.5012,0.0231,1.1908
confused,0.3484,0.4399,0.0158,1.4822
confused,0.3659,0.4372,0.0544,-30.2445
confused,0.4253,0.4354,0.4253,1.005
confused,0.221,0.2534,0.2663,5.7881
confused,0.424,0.4412,1.0623,3.0443
confused,0.4764,0.4909,0.7651,-0.9067
confused,0.436,0.4451,0.224,-6.2915
confused,0.4724,0.4085,0.4313,3.1431
confused,0.4313,0.4565,0.6163,-1.3552
confused,0.2434,0.3494,0.0205,-1.3703
confused,0.2588,0.512,0.1206,1.5118
confused,0.3893,0.4818,0.3103,-2.4017
confused,0.4495,0.4897,0.0262,8.7564
confused,0.4153,0.4546,0.7535,-0.6101
confused,0.3729,0.4788,0.0115,0.1643
confused,0.4676,0.4904,0.5773,1.732
confused,0.3664,0.4628,0.1044,2.5001
confused,0.4528,0.4345,0.1416,2.977
confused,0.4359,0.4837,0.3462,-7.0978
confused,0.533,0.3837,0.6731,9.6344
confused,0.4714,0.3777,0.0541,11.4156
confused,0.4113,0.4788,0.2971,-9.5684
confused,0.4551,0.4759,0.0317,-3.5481
confused,0.4244,0.4864,0.0183,1.149
confused,0.4278,0.3696,0.7679,6.1798
confused,0.4283,0.44,0.4792,1.7105
confused,0.4714,0.3777,0.0541,11.4156
confused,0.3865,0.412,0.2491,-3.9894
confused,0.4018,0.4423,0.149,5.1996
confused,0.3981,0.4694,0.7527,3.8592
confused,0.3967,0.2652,0.6287,-1.2667
confused,0.4118,0.4785,0.6612,1.2871
confused,0.4126,0.5141,0.1329,-1.4452
confused,0.3289,0.4607,0.5871,2.8047
confused,0.4694,0.5465,0.6387,-2.5672
confused,0.4709,0.517,0.6949,2.7511
confused,0.3661,0.3915,0.0726,-4.7864
confused,0.3669,0.5574,0.3352,0.5248
confused,0.4802,0.5135,0.468,-0.0842
confused,0.3865,0.4195,0.7124,1.7557
confused,0.4263,0.6781,0.2865,0.9893
confused,0.4251,0.3329,0.6256,-2.8366
confused,0.4558,0.438,0.4686,-4.524
confused,0.4401,0.5203,0.3804,-5.1403
confused,0.3524,0.4296,0.5508,-8.9108
confused,0.3512,0.435,0.7731,6.2287
confused,0.4289,0.3645,0.6351,-1.072
confused,0.4464,0.4504,0.3535,0.0342
confused,0.437,0.3737,0.6047,1.5605
confused,0.4318,0.4716,0.4317,-2.97
confused,0.4589,0.4301,0.7319,-5.5862
confused,0.3654,0.4856,0.7392,5.0067
confused,0.4403,0.5478,0.2071,-0.7367
confused,0.4168,0.4564,0.394,-4.0179
confused,0.4497,0.5246,0.3722,1.1353
confused,0.3743,0.3559,0.6366,1.6399
confused,0.4974,0.6629,0.2582,-6.7438
confused,0.3669,0.4186,0.6123,-1.4506
confused,0.3677,0.543,0.7081,0.629
confused,0.4027,0.4226,0.2596,-3.5273
confused,0.3259,0.483,0.2057,0.2684
confused,0.4075,0.3681,0.7487,9.5737
confused,0.4393,0.4147,0.3377,-0.5813
confused,0.4404,0.3845,0.1876,3.5542
confused,0.2859,0.5097,0.0342,0.0677
confused,0.3605,0.7011,0.284,-0.2241
confused,0.3638,0.4591,0.4551,-1.0322
confused,0.2859,0.4686,0.2676,-2.7204
confused,0.4322,0.5219,0.0081,18.3033
confused,0.4225,0.521,0.3622,0.1669
confused,0.3442,0.4238,0.43,1.3215
confused,0.4748,0.4614,0.6007,-12.7081
confused,0.4537,0.4379,0.7868,0.7897
confused,0.5183,0.4699,0.6923,0.017
confused,0.4407,0.51,0.1463,0.7951
confused,0.4391,0.5679,0.7315,1.0519
confused,0.4182,0.5666,0.615,-1.6703
confused,0.3504,0.3448,0.3582,0.8769
confused,0.5089,0.4986,0.4709,13.3222
confused,0.2267,0.3808,0.2488,0.8328
confused,0.3321,0.549,0.3965,2.7737
confused,0.4059,0.4833,0.0307,8.7646
confused,0.4628,0.4658,0.5463,-5.2116
confused,0.4003,0.3935,0.6927,4.6261
confused,0.26,0.2755,0.8715,-13.9232
confused,0.4736,0.479,0.3094,13.2134
confused,0.4063,0.5045,0.4074,-5.0379
confused,0.3338,0.4932,0.3718,-2.7054
confused,0.3781,0.448,0.7498,0.7454
confused,0.4608,0.3825,0.4471,-7.6141
confused,0.4282,0.4082,0.4823,0.044
confused,0.3837,0.5674,0.3236,-12.4033
confused,0.4437,0.4246,0.7346,-1.6745
confused,0.4237,0.3822,0.79,-0.4563
confused,0.4156,0.3474,0.1384,1.3364
confused,0.3388,0.4511,0.5568,-5.2703
confused,0.4264,0.562,0.3984,-1.419
confused,0.3691,0.4578,0.528,-14.8001
confused,0.3758,0.4317,0.4367,2.7638
confused,0.4318,0.3671,0.7253,-12.0065
confused,0.4052,0.4123,0.3008,0.1473
confused,0.3979,0.3921,0.0373,3.3861
confused,0.385,0.3865,0.0162,2.8926
confused,0.4613,0.4999,0.0603,0.4997
confused,0.4648,0.4067,0.5984,4.7431
confused,0.4992,0.5099,0.0376,2.3994
confused,0.4663,0.5424,0.2252,-13.5945
confused,0.4175,0.4234,0.4348,-12.0003
confused,0.4526,0.541,0.0967,3.5671
confused,0.2978,0.3798,0.2219,9.6692
confused,0.4338,0.5505,0.012,-7.0043
confused,0.4137,0.5574,0.1804,-6.6148
confused,0.4642,0.5712,0.4266,3.4779
confused,0.4678,0.4301,0.5701,0.2712
confused,0.4438,0.5724,0.3561,0.0915
confused,0.3942,0.5794,0.1212,-3.6153
confused,0.4445,0.498,0.4576,2.1668
confused,0.4701,0.4731,0.6651,4.1617
confused,0.4158,0.4852,0.1294,-0.1598
confused,0.4337,0.5646,0.2605,-8.2688
confused,0.3335,0.6013,0.3528,-6.9099
confused,0.4113,0.4788,0.2971,-9.5684
confused,0.2196,0.2892,0.5439,0.8675
confused,0.428,0.4722,0.6024,-6.6427
confused,0.4011,0.3707,0.5287,4.9731
confused,0.3824,0.4346,0.7793,-15.1567
confused,0.4049,0.512,0.0393,1.6283
confused,0.4407,0.4237,0.0091,-0.5771
confused,0.3774,0.451,0.0269,16.0022
confused,0.4505,0.4737,0.4677,0.1532
confused,0.4293,0.5847,0.3254,2.7923
confused,0.3752,0.4076,0.0336,-3.1059
confused,0.2469,0.3913,0.1143,2.2373
confused,0.4866,0.5538,0.3085,3.9832
confused,0.4031,0.5243,0.1501,1.0931
confused,0.4293,0.422,0.5304,1.7613
confused,0.4102,0.4399,0.48,0.0904
confused,0.4275,0.4705,0.0111,2.4476
confused,0.444,0.4899,0.0136,-4.2913
confused,0.3663,0.4134,0.2322,1.7421
confused,0.2816,0.3954,0.6269,-2.3352
confused,0.3622,0.4013,0.2617,-8.796
confused,0.4797,0.496,0.2104,5.6756
confused,0.3645,0.4733,0.0935,-0.5344
confused,0.4174,0.4448,0.0171,-0.5435
confused,0.3628,0.4138,0.3829,2.0322
confused,0.361,0.4563,0.2852,7.6676
confused,0.4231,0.3847,0.3623,12.7381
confused,0.2355,0.262,0.3721,-3.548
confused,0.4845,0.4932,0.5562,0.4043
confused,0.3794,0.4096,0.2562,-8.0438
confused,0.4576,0.5453,0.5007,-3.3368
confused,0.4951,0.5125,0.1983,1.1035
confused,0.3341,0.4525,0.0186,1.6441
confused,0.4655,0.4734,0.2767,-9.4199
confused,0.3467,0.3824,0.0284,3.9207
confused,0.3733,0.4111,0.7478,-0.1908
confused,0.435,0.5042,0.1332,-3.7463
confused,0.2644,0.4281,0.3556,-0.6029
confused,0.3047,0.3865,0.0122,17.9656
confused,0.4168,0.4003,0.7522,7.8852
confused,0.3948,0.4657,0.0029,3.1897
confused,0.4659,0.4576,0.5495,-1.4572
confused,0.3626,0.3762,0.8051,9.191
confused,0.4228,0.5326,0.4879,1.088
confused,0.3073,0.38,0.3312,0.5284
confused,0.3568,0.4684,0.0174,-0.0253
confused,0.4726,0.4987,0.0376,-2.7684
confused,0.3435,0.3851,0.6906,0.5812
confused,0.4028,0.4825,0.4165,-1.9359
confused,0.3312,0.4394,0.3357,-11.5837
confused,0.3831,0.5534,0.563,-3.0285
confused,0.374,0.3986,0.456,-4.7044
confused,0.3538,0.3707,0.3987,-5.7696
confused,0.3789,0.3789,0.3806,-14.3256
confused,0.4064,0.5296,0.1062,-9.8262
confused,0.3431,0.4114,0.2797,-0.2361
confused,0.3173,0.4186,0.7141,0.9639
confused,0.4764,0.466,0.257,-3.5934
confused,0.0537,0.4717,0.1296,3.5231
confused,0.3732,0.5223,0.6881,-0.1379
confused,0.4071,0.3688,0.7022,4.7406
confused,0.1186,0.4487,0.6817,-4.326
confused,0.4282,0.4567,0.3226,-8.4971
confused,0.4079,0.4426,0.0206,2.3403
confused,0.3364,0.4187,0.0437,-1.1305
confused,0.3819,0.4591,0.7519,0.8496
confused,0.3927,0.4972,0.3047,-0.5988
confused,0.3587,0.4514,0.795,4.5374
confused,0.313,0.4713,0.3294,-4.8117
confused,0.3887,0.4527,0.4839,6.8472
confused,0.4118,0.6,0.1191,-2.4776
confused,0.3574,0.3848,0.3054,-7.0991
confused,0.4594,0.4472,0.7055,0.1693
confused,0.4056,0.4468,0.4498,-5.4441
confused,0.3411,0.4634,0.3887,-1.9155
confused,0.5133,0.4263,0.998,-10.9173
confused,0.3032,0.441,0.2165,4.0758
confused,0.4317,0.5994,0.4512,-0.5016
confused,0.4202,0.4059,0.3726,-8.5025
confused,0.3547,0.4233,0.4981,-7.55
confused,0.3351,0.4946,0.6226,6.662
confused,0.4866,0.4169,0.3888,2.9255
confused,0.2754,0.5467,0.1983,10.842
confused,0.4373,0.5239,0.0758,2.449
confused,0.4679,0.501,0.2392,4.1006
confused,0.3341,0.4525,0.0186,1.6441
confused,0.3614,0.4758,0.3873,-8.047
confused,0.4621,0.5324,0.2028,8.3892
confused,0.3953,0.4021,0.6805,0.1224
confused,0.3615,0.3995,0.0881,17.157
confused,0.4008,0.5008,0.2973,-1.6532
confused,0.4134,0.5338,0.476,-4.0715
confused,0.3649,0.4499,0.0172,-9.1808
confused,0.3516,0.4425,0.0279,-3.3525
confused,0.3944,0.3847,0.5125,14.7548
confused,0.4126,0.5698,0.2493,-7.7405
confused,0.2916,0.4196,0.3576,3.6151
confused,0.3353,0.3151,0.2983,2.8714
confused,0.3841,0.4392,0.3309,-0.4757
confused,0.2944,0.4193,0.0219,0.192
confused,0.3947,0.3837,1.2205,-3.0979
confused,0.3281,0.4376,0.0546,-5.2201
confused,0.4107,0.4247,0.219,-4.5836
confused,0.3266,0.4045,0.5097,5.4897
confused,0.4151,0.4252,0.2136,-4.1116
confused,0.4308,0.4278,0.3112,-0.4568
confused,0.449,0.4342,0.965,1.2575
confused,0.35,0.4165,0.2273,-7.9611
confused,0.4029,0.4625,0.3891,0.7985
confused,0.4253,0.421,0.2161,-4.9419
confused,0.4439,0.575,0.5082,6.0721
confused,0.4147,0.5132,0.3227,-0.559
confused,0.2887,0.3775,0.5076,-4.1348
confused,0.3296,0.305,0.4424,0.0638
confused,0.4439,0.49,0.5076,-0.1573
confused,0.363,0.4331,0.2239,-9.148
confused,0.4357,0.4859,0.4733,-0.3449
confused,0.4346,0.4626,0.551,-1.9313
confused,0.4361,0.4838,0.7986,3.9514
confused,0.403,0.6497,0.3713,2.4953
confused,0.3624,0.4912,0.2458,-1.8277
confused,0.4611,0.5497,0.6914,-0.0527
confused,0.1881,0.4301,0.2735,-2.5446
confused,0.4093,0.4333,0.533,-15.8604
confused,0.48,0.5113,0.2885,-2.3717
confused,0.3784,0.4954,0.6866,0.7214
confused,0.3129,0.3075,0.5926,30.1382
confused,0.3897,0.4589,0.38,-15.3755
confused,0.4443,0.4166,0.6745,1.8524
confused,0.4586,0.467,0.0181,-2.8381
confused,0.3134,0.4785,0.4962,2.7927
confused,0.4497,0.475,0.2149,-0.0616
confused,0.4025,0.5166,0.0517,-3.3785
confused,0.4368,0.5354,0.3055,-5.1179
confused,0.3575,0.3862,0.4104,2.5569
confused,0.3943,0.5325,0.4678,1.4018
confused,0.4024,0.4596,0.5906,15.8054
confused,0.4358,0.5195,0.1571,2.396
confused,0.428,0.4736,0.4332,-10.6458
confused,0.387,0.46,0.0188,16.3292
confused,0.3565,0.4294,0.328,-0.3146
confused,0.4417,0.4427,0.4597,2.6785
confused,0.4216,0.4175,0.2906,0.4969
confused,0.2035,0.3992,0.322,4.4071
confused,0.4182,0.4158,0.1965,-6.6921
confused,0.4073,0.3695,0.2472,26.1831
confused,0.3939,0.4355,0.5163,10.1667
confused,0.3477,0.396,0.2835,-5.006
confused,0.3388,0.4166,0.0118,-1.6111
confused,0.3732,0.4305,0.007,2.9033
confused,0.3995,0.4304,0.3426,-8.3984
confused,0.3953,0.5287,0.8296,-11.7225
confused,0.4377,0.4436,0.2238,-3.5648
confused,0.4332,0.4676,0.1523,-4.4935
confused,0.3476,0.3734,0.0722,-1.4971
confused,0.224,0.3331,0.4078,7.0287
confused,0.4797,0.4869,0.768,-1.6411
confused,0.4566,0.5105,0.0856,-2.1439
confused,0.4598,0.5104,0.0132,-2.7721
confused,0.3668,0.5438,0.0073,9.2113
confused,0.357,0.3696,0.4022,7.1756
confused,0.425,0.4306,0.3818,-0.4876
confused,0.3646,0.395,0.0898,-3.4611
confused,0.34,0.4287,0.5113,2.0441
confused,0.4153,0.559,0.4577,1.3097
confused,0.357,0.4697,0.1784,-6.9781
confused,0.4071,0.5354,0.6322,-8.4775
confused,0.403,0.5211,0.0313,-6.7975
confused,0.4186,0.4058,0.6951,16.281
confused,0.3486,0.4049,0.6728,-1.8022
confused,0.2825,0.2108,0.614,-5.9156
confused,0.4351,0.6101,0.5315,-1.2121
confused,0.4353,0.4903,0.4978,-2.3216
confused,0.3623,0.5104,0.6849,-0.0145
confused,0.3548,0.3868,0.4494,-2.0164
confused,0.3747,0.6165,0.016,4.3368
confused,0.4708,0.5228,0.3745,0.0956
confused,0.3209,0.4807,0.4691,3.1636
confused,0.3922,0.4978,0.4715,-7.9238
confused,0.3946,0.4026,0.5201,2.4676
confused,0.4561,0.4061,0.5529,-4.435
confused,0.424,0.4214,0.4042,-6.9752
confused,0.3977,0.5258,0.7261,-12.5516
confused,0.3237,0.4627,0.0115,-13.9273
confused,0.3713,0.4077,0.7086,-9.4655
confused,0.3015,0.391,0.4322,4.0143
confused,0.4753,0.5919,0.1945,-0.2626
confused,0.3895,0.4868,0.3003,1.9893
confused,0.3852,0.491,0.2218,-1.1029
confused,0.3221,0.5353,0.7198,0.5662
confused,0.4242,0.3938,0.6443,-4.7843
confused,0.4787,0.4041,0.8975,-8.9857
confused,0.4378,0.4376,0.1605,-2.9786
confused,0.3073,0.38,0.3312,0.5284
confused,0.3826,0.4649,0.576,-0.0686
confused,0.4128,0.5586,0.5034,-9.0694
confused,0.4658,0.5866,0.6254,-14.4094
confused,0.3963,0.5317,0.6589,23.8718
confused,0.3717,0.3862,0.379,1.9079
confused,0.4243,0.5458,0.1855,6.0418
confused,0.2815,0.4161,0.7253,0.4083
confused,0.2709,0.4279,0.4223,-2.7442
confused,0.3647,0.4683,0.2318,-1.7346
confused,0.2782,0.331,0.1839,12.6243
confused,0.4392,0.5559,0.1489,0.7091
confused,0.3164,0.3467,0.5642,0.5575
confused,0.3311,0.4108,0.6595,-5.3613
confused,0.4765,0.4782,0.3178,8.9576
confused,0.4448,0.6786,0.2961,-0.6107
confused,0.5143,0.5741,0.0267,1.7312
confused,0.3681,0.3865,0.4017,1.9419
confused,0.3046,0.3055,0.7245,0.4571
confused,0.2706,0.3392,0.2217,-13.8813
confused,0.4152,0.4344,0.7701,5.0009
confused,0.493,0.4721,0.2264,4.9398
confused,0.4496,0.6199,0.5623,-3.682
confused,0.3435,0.4334,0.3533,-0.8839
confused,0.3717,0.427,0.4237,2.0785
confused,0.3993,0.6388,0.2112,0.6268
confused,0.3203,0.5347,0.3579,3.1912
confused,0.4009,0.5053,0.3355,3.6931
confused,0.4182,0.4158,0.1965,-6.6921
confused,0.4288,0.4656,0.2294,-5.1063
confused,0.401,0.5603,0.7557,0.117
confused,0.4426,0.4882,0.1582,-1.0757
confused,0.4242,0.3676,0.5575,24.7532
confused,0.5094,0.4498,0.693,-1.2029
confused,0.3762,0.3991,0.4142,7.819
confused,0.387,0.3699,0.1985,-4.243
confused,0.4185,0.5196,0.0099,0.026
confused,0.4256,0.5129,0.4007,-3.0539
confused,0.4429,0.5004,0.3556,-2.5312
confused,0.3706,0.4392,0.1389,-1.6234
confused,0.3933,0.4833,0.2025,-6.3658
confused,0.4604,0.3858,0.5672,1.6289
confused,0.4451,0.4524,0.6017,1.86
confused,0.3981,0.466,0.3994,4.9939
confused,0.447,0.4612,0.5402,-0.2946
confused,0.3892,0.4832,0.3419,-9.2466
confused,0.3558,0.4456,0.4879,3.5867
confused,0.3675,0.3477,0.8072,0.6129
confused,0.4295,0.4144,0.2818,2.1923
confused,0.4109,0.4665,0.0261,1.8778
confused,0.3644,0.432,0.328,-2.1319
confused,0.3873,0.4307,0.2718,-0.8888
confused,0.3373,0.3579,0.1816,0.4033
confused,0.3511,0.3175,0.8288,11.0887
confused,0.4021,0.4786,0.2518,1.3883
confused,0.3271,0.4265,0.234,-8.8273
confused,0.4056,0.4638,0.1852,9.8418
confused,0.4172,0.465,0.3937,0.9113
confused,0.399,0.5452,0.1899,10.5769
confused,0.3943,0.4145,0.2357,4.6744
confused,0.4145,0.5299,0.605,4.4409
confused,0.4942,0.5381,0.0964,2.192
confused,0.3661,0.429,0.3752,4.3781
confused,0.4159,0.4475,0.5295,-1.0561
confused,0.4684,0.5025,0.43,2.101
confused,0.4206,0.5691,0.4883,0.2553
confused,0.429,0.5027,0.0116,-1.2842
confused,0.3775,0.3931,0.8257,3.7167
confused,0.3915,0.4359,0.7692,-0.0828
confused,0.4494,0.548,0.384,2.4916
confused,0.4069,0.4382,0.8036,0.4444
confused,0.4266,0.5629,0.2868,6.3131
confused,0.2413,0.5034,0.047,1.0024
confused,0.3987,0.3896,0.2479,2.8254
confused,0.4327,0.4271,0.0146,-7.9556
confused,0.4368,0.5354,0.3055,-5.1179
confused,0.393,0.4158,0.559,-15.4175
confused,0.1823,0.3317,0.3438,6.5029
confused,0.3927,0.4383,0.6381,-1.0653
confused,0.4348,0.4611,0.0022,-0.0456
confused,0.4258,0.4552,0.3659,-0.2739
confused,0.38,0.4736,0.3744,1.0453
confused,0.4241,0.4671,0.8106,0.0539
confused,0.0628,0.4468,0.4508,-5.367
confused,0.4493,0.4427,0.0207,-2.8138
confused,0.446,0.4258,0.2647,16.7876
confused,0.4454,0.4886,0.3363,-8.885
confused,0.2922,0.4802,0.2933,17.049
confused,0.4354,0.4557,0.9462,2.3473
confused,0.4121,0.4345,0.0536,-12.4818
confused,0.3927,0.4202,0.5759,-2.0583
confused,0.4756,0.3876,0.5439,1.0975
confused,0.2252,0.4479,0.2763,5.4124
confused,0.4167,0.5185,0.3234,-5.425
confused,0.426,0.4086,0.0099,-0.8451
confused,0.4332,0.4879,0.0199,-2.6382
confused,0.2293,0.2411,0.7669,-5.1602
confused,0.4193,0.5578,0.2191,1.3874
confused,0.3768,0.4462,0.3928,11.6011
confused,0.339,0.4316,0.0082,0.1147
confused,0.4837,0.4742,0.344,2.2074
confused,0.4005,0.472,0.0852,2.5244
confused,0.3528,0.4206,0.6979,-2.1235
confused,0.2809,0.4007,0.8779,-0.1581
confused,0.4453,0.4073,0.6229,1.355
confused,0.3931,0.4825,0.0313,2.4205
confused,0.5023,0.486,1.2194,-11.0302
confused,0.3728,0.4706,0.206,0.6865
confused,0.3975,0.5021,0.3991,0.8772
confused,0.4828,0.3991,0.6269,-0.0435
confused,0.4586,0.467,0.0181,-2.8381
confused,0.3646,0.2772,0.3881,-0.2538
confused,0.4297,0.4295,0.3462,1.7307
confused,0.4911,0.5555,0.0159,-1.5086
confused,0.3632,0.3963,0.4029,-11.6606
confused,0.4809,0.514,0.5228,12.2515
confused,0.4028,0.3822,0.4941,6.0627
confused,0.3355,0.4256,0.0578,1.5549
confused,0.4259,0.4378,0.1203,0.5037
confused,0.4204,0.5087,0.4607,-7.2825
confused,0.3517,0.3586,0.4251,1.9024
confused,0.3985,0.3967,0.4237,5.0014
confused,0.4288,0.5036,0.0971,0.5992
confused,0.4367,0.511,0.529,-2.1734
confused,0.4109,0.527,0.3045,-6.2374
confused,0.4399,0.3839,0.5636,-1.1555
confused,0.4055,0.4842,0.6193,-0.6265
confused,0.2302,0.3301,0.3456,-4.2641
confused,0.3298,0.3332,0.4681,0.9301
confused,0.4161,0.5405,0.0131,-0.4477
confused,0.5207,0.4723,0.4576,-3.7092
confused,0.4878,0.4907,0.0217,2.5934
confused,0.497,0.4149,1.0853,-11.5243
confused,0.2792,0.2844,0.0703,-4.2296
confused,0.4093,0.3651,0.0119,-1.4616
confused,0.2328,0.24,0.2322,-19.7395
confused,0.4185,0.5945,0.0233,0.9547
confused,0.3531,0.4426,0.4064,3.5018
confused,0.5183,0.4699,0.6923,0.017
confused,0.4512,0.4852,0.722,7.0423
confused,0.3361,0.3778,0.0145,2.2705
confused,0.3762,0.4083,0.0865,-1.5953
confused,0.2932,0.4286,0.4231,16.0128
confused,0.4478,0.4156,0.5753,-2.5675
confused,0.4241,0.4671,0.8106,0.0539
confused,0.3927,0.4202,0.5759,-2.0583
confused,0.4316,0.4683,0.2774,-5.2658
confused,0.392,0.4351,0.4651,0.165
confused,0.3908,0.4529,0.5896,-11.4664
confused,0.4171,0.4428,0.0127,-0.6642
confused,0.3784,0.4618,0.1818,11.9014
confused,0.3954,0.5207,0.6987,0.0977
confused,0.2933,0.4044,0.6137,-6.3732
confused,0.4558,0.5523,0.4095,-0.8941
confused,0.4414,0.5655,0.1086,0.5191
confused,0.3825,0.4482,0.1483,-1.2026
confused,0.4423,0.3463,0.1911,-6.2127
confused,0.3464,0.4669,0.1015,-9.5193
confused,0.5273,0.3417,0.8677,-19.0435
confused,0.4274,0.3882,0.3724,1.5194
confused,0.4218,0.4756,0.1687,-4.3244
confused,0.3858,0.4088,0.8359,1.0825
confused,0.4243,0.3712,0.1762,4.0237
confused,0.2956,0.3652,0.5798,0.2511
confused,0.4568,0.5147,0.1852,8.5639
confused,0.3861,0.445,0.1299,-6.6784
confused,0.41,0.3937,1.0953,-2.5244
confused,0.4283,0.5009,0.4556,9.3675
confused,0.4105,0.3706,0.5925,1.7289
confused,0.4002,0.4864,0.0251,1.582
confused,0.4651,0.4266,0.5141,-7.1167
confused,0.4669,0.4523,0.4663,6.5916
confused,0.417,0.3351,0.7171,-7.1951
confused,0.3503,0.5011,0.3837,0.0987
confused,0.2864,0.5628,0.1696,-5.0566
confused,0.3647,0.444,0.1567,-1.192
confused,0.4335,0.4233,0.4021,-6.6376
confused,0.4264,0.4647,0.2896,-1.6028
confused,0.5013,0.4187,0.8893,-10.5079
confused,0.4134,0.6028,0.047,-14.5468
confused,0.4415,0.4905,0.3163,-1.5739
confused,0.3693,0.4134,0.2918,0.3957
confused,0.3649,0.4953,0.2991,-0.6204
confused,0.4617,0.4558,0.6633,18.8937
confused,0.3147,0.4064,0.4766,-4.5598
confused,0.3841,0.5041,0.4504,-22.1485
confused,0.3687,0.2683,0.3227,-0.6778
confused,0.3235,0.4057,0.3969,3.4668
confused,0.3857,0.3353,0.176,-12.3236
confused,0.1756,0.6947,0.0515,1.3934
confused,0.4315,0.5258,0.1192,4.9587
confused,0.3855,0.4149,0.0163,2.9551
confused,0.4535,0.5025,0.5515,1.8003
confused,0.4452,0.548,0.255,-4.7456
confused,0.3451,0.3856,0.3226,2.7423
confused,0.5415,0.5164,0.6542,0.459
confused,0.4175,0.6266,0.1402,7.0746
confused,0.4091,0.3807,0.8972,-7.5946
confused,0.4497,0.4907,0.686,-2.8807
confused,0.3996,0.4069,0.2778,0.8665
confused,0.3562,0.4695,0.583,0.442
confused,0.323,0.276,0.3053,-3.1283
confused,0.389,0.4067,0.1457,-25.9374
confused,0.4249,0.5124,0.5524,-26.3329
confused,0.373,0.5172,0.5906,-3.9273
confused,0.4031,0.4462,0.0217,-1.6125
confused,0.4466,0.3909,0.4799,-2.7855
confused,0.4667,0.6068,0.2682,8.9898
confused,0.3847,0.4714,0.2903,-1.8713
confused,0.2514,0.3181,0.2393,7.0471
confused,0.4481,0.4699,0.3617,1.9486
confused,0.3684,0.4446,0.1271,-7.3005
confused,0.4191,0.4615,0.6325,3.853
confused,0.2993,0.415,0.1969,-8.9649
confused,0.3023,0.6206,0.4563,-2.9843
confused,0.4598,0.5104,0.0132,-2.7721
confused,0.4198,0.4402,0.4752,0.5647
confused,0.4425,0.3685,0.5302,0.326
confused,0.3904,0.5146,0.0022,-1.9273
confused,0.4357,0.4227,0.3646,-2.1201
confused,0.4069,0.4068,0.9277,-0.6439
confused,0.4297,0.4295,0.3462,1.7307
confused,0.3716,0.4265,0.0521,1.6589
confused,0.3662,0.5273,0.5849,0.4975
confused,0.4136,0.4244,0.6339,0.2112
confused,0.3786,0.4831,0.0356,-0.4242
confused,0.4553,0.4678,0.2546,-5.8002
confused,0.4083,0.4602,0.4102,1.1873
confused,0.4308,0.405,0.7469,-1.3305
confused,0.4611,0.4149,0.6447,2.3032
confused,0.4063,0.6036,0.2549,-1.3588
confused,0.2477,0.4212,0.3942,-9.4053
confused,0.1284,0.518,0.5276,-1.514
confused,0.3277,0.5377,0.5319,-3.0067
confused,0.4182,0.5283,0.1498,-0.3693
confused,0.4883,0.4227,0.388,-2.6908
confused,0.4512,0.4544,0.6097,-7.4036
confused,0.3952,0.3892,0.4314,-17.5927
confused,0.4444,0.3938,0.2626,-2.7572
confused,0.3561,0.4586,0.1532,-41.872
confused,0.37,0.4873,0.1555,-3.4512
confused,0.3324,0.4216,0.088,-0.5901
confused,0.3949,0.4314,0.4753,3.6509
confused,0.4843,0.5125,0.1841,-20.7998
confused,0.2514,0.4004,0.2643,-6.4236
confused,0.2634,0.311,0.3012,20.5801
confused,0.4321,0.4307,0.0077,-4.5501
confused,0.4229,0.4638,0.3132,1.4231
confused,0.365,0.476,0.7243,0.8472
confused,0.4347,0.3643,0.2725,-3.0921
confused,0.4708,0.5228,0.3745,0.0956
confused,0.3817,0.3909,0.5908,-5.5549
confused,0.4347,0.5089,0.3861,0.6744
confused,0.3768,0.4517,0.0198,2.5387
confused,0.4143,0.7211,0.1257,0.3603
confused,0.4147,0.4096,0.7162,-0.5012
confused,0.3807,0.3822,0.6338,-1.3269
confused,0.3399,0.4453,0.49,0.2765
confused,0.385,0.3865,0.0162,2.8926
confused,0.1438,0.3876,0.4158,-3.5445
confused,0.429,0.5281,0.0339,1.0548
confused,0.3935,0.5616,0.0793,-0.9775
confused,0.475,0.4538,0.0212,-0.3436
confused,0.36,0.5574,0.3117,-1.2575
confused,0.2937,0.3832,0.3878,4.5989
confused,0.454,0.5597,0.4783,-0.5196
confused,0.3573,0.4607,0.5396,-6.5246
confused,0.2234,0.2944,0.2211,6.1966
confused,0.4337,0.5588,0.6527,8.5495
confused,0.3867,0.43,0.1169,-24.0989
confused,0.376,0.5726,0.278,0.5057
confused,0.3142,0.3862,0.364,-2.5245
confused,0.4734,0.4737,0.2785,-3.5531
confused,0.3864,0.449,0.0079,-3.2347
confused,0.4239,0.4583,0.2561,0.0629
confused,0.4719,0.4607,0.21,4.8708
confused,0.4106,0.4546,0.7369,15.401
confused,0.4067,0.4182,0.4425,-1.3487
confused,0.4387,0.4849,0.2738,16.3524
confused,0.3826,0.4649,0.576,-0.0686
confused,0.3804,0.3988,0.2312,-3.6655
confused,0.4789,0.4694,0.615,1.0758
confused,0.4032,0.4319,0.5228,-0.5005
confused,0.3775,0.4403,0.0573,-2.0931
confused,0.4378,0.3588,0.6165,-0.2168
confused,0.4092,0.4085,0.5723,4.2484
confused,0.4186,0.481,0.4215,-0.6174
confused,0.3786,0.4005,0.062,-12.1535
confused,0.4448,0.4491,0.9531,-6.6925
confused,0.4448,0.5227,0.547,-0.4112
confused,0.4746,0.6269,0.2776,2.7774
confused,0.4634,0.5125,0.1272,1.1642
confused,0.3891,0.5399,0.2109,-4.7682
confused,0.3182,0.4084,0.5144,-1.0538
confused,0.3419,0.4257,0.2593,-2.1398
confused,0.3561,0.4391,0.3984,0.7161
confused,0.3934,0.4312,0.2109,-2.7487
confused,0.4193,0.4798,0.529,3.8748
confused,0.4234,0.4079,0.634,-5.98
confused,0.4517,0.4829,0.3971,-1.1177
confused,0.392,0.379,0.0388,-3.5311
confused,0.4534,0.5284,0.016,3.5634
confused,0.3871,0.4829,0.605,0.9664
confused,0.4486,0.5371,0.3165,1.4259
confused,0.4126,0.4973,0.3514,-11.5714
confused,0.4321,0.4326,0.5376,0.8
confused,0.4067,0.4182,0.4425,-1.3487
confused,0.3272,0.4361,0.3266,-1.6678
confused,0.4463,0.4559,0.3983,-0.8862
confused,0.3881,0.5776,0.1775,-24.6073
confused,0.4679,0.501,0.2392,4.1006
confused,0.4596,0.3982,0.5807,0.181
confused,0.4185,0.4092,0.3628,-2.3387
confused,0.5131,0.3618,0.0568,33.8095
confused,0.4499,0.3949,0.604,-4.9072
confused,0.4463,0.4961,0.4161,-13.6746
confused,0.3741,0.5534,0.0223,-5.9649
confused,0.4541,0.5131,0.7351,-0.088
confused,0.3536,0.5595,0.6159,-0.7497
confused,0.4378,0.3849,0.6734,3.1126
confused,0.3372,0.4657,0.399,2.0078
confused,0.4185,0.4959,0.1627,0.3567
confused,0.4122,0.5545,0.1794,7.378
confused,0.3086,0.3463,0.6116,-0.7175
confused,0.4503,0.47,0.0727,-2.6343
confused,0.4447,0.4308,0.5232,3.6768
confused,0.3654,0.4155,0.6174,-9.8671
confused,0.3757,0.4345,0.1016,2.3394
confused,0.4254,0.3719,0.3918,4.9694
confused,0.3932,0.5195,0.4473,-23.6286
confused,0.4399,0.4911,0.0332,2.9546
confused,0.447,0.4612,0.5402,-0.2946
confused,0.4072,0.4474,0.3468,-16.1923
confused,0.4546,0.5635,0.7784,-1.933
confused,0.3827,0.4336,0.7349,-5.6762
confused,0.2504,0.4746,0.2872,-2.6372
confused,0.4321,0.6223,0.0418,7.1647
confused,0.3753,0.464,0.4002,0.4115
confused,0.499,0.5007,0.5496,4.1526
confused,0.4342,0.3989,0.4926,-0.8672
confused,0.3941,0.4142,0.6789,1.7957
confused,0.4821,0.4931,0.2006,-2.8106
confused,0.3772,0.4979,0.0183,12.9945
confused,0.3172,0.4502,0.24,5.1274
confused,0.3974,0.4951,0.3871,4.0657
confused,0.4126,0.4973,0.3514,-11.5714
confused,0.359,0.688,0.4734,-7.9508
confused,0.3926,0.5127,0.0271,-12.6076
confused,0.4202,0.4681,0.5913,-0.5247
confused,0.4841,0.4898,0.554,-10.6648
confused,0.0791,0.3028,0.1159,-21.4294
confused,0.4439,0.575,0.5082,6.0721
confused,0.4214,0.4161,0.9307,-3.1531
confused,0.3664,0.3454,0.6916,-15.7441
confused,0.4084,0.4389,0.982,2.3248
confused,0.3515,0.4617,0.1282,-4.0294
confused,0.368,0.5044,0.3414,-5.7107
confused,0.3965,0.5676,0.01,3.6088
confused,0.4031,0.4399,0.5004,-10.1887
confused,0.413,0.4374,0.6273,7.3928
confused,0.4056,0.4638,0.1852,9.8418
confused,0.3813,0.2982,0.1904,-3.7594
confused,0.4781,0.4662,0.5629,-5.2182
confused,0.4121,0.4345,0.0536,-12.4818
confused,0.3591,0.3491,0.6361,-2.2266
confused,0.4206,0.5691,0.4883,0.2553
confused,0.4292,0.4582,0.8246,4.6674
confused,0.3775,0.4727,0.0468,-1.215
confused,0.513,0.4469,0.5838,3.4866
confused,0.4364,0.5158,0.0131,-3.6327
confused,0.4514,0.5337,0.5827,-4.116
confused,0.3991,0.557,0.785,-5.8957
confused,0.5061,0.4082,0.671,3.6606
confused,0.394,0.4899,0.3526,-16.2405
confused,0.3538,0.3707,0.3987,-5.7696
confused,0.3868,0.3798,0.0527,0.5223
confused,0.3952,0.4767,0.3383,1.4228
confused,0.4314,0.4482,0.6157,-0.2232
confused,0.4308,0.405,0.7469,-1.3305
confused,0.3919,0.4088,0.1986,2.8884
confused,0.4129,0.3923,0.0566,1.1398
confused,0.4342,0.4839,0.3397,-3.6898
confused,0.4568,0.5147,0.1852,8.5639
confused,0.3616,0.3976,0.3163,-0.3389
confused,0.433,0.4588,0.0278,1.7177
confused,0.38,0.4896,0.0362,-7.0094
confused,0.3629,0.3765,0.8004,1.5685
confused,0.3389,0.4327,0.3675,-7.8732
confused,0.4111,0.3965,0.6308,0.6979
confused,0.323,0.276,0.3053,-3.1283
confused,0.3644,0.4711,0.3259,3.2843
confused,0.3202,0.3983,0.0084,-7.3629
confused,0.4299,0.4015,0.647,0.233
confused,0.329,0.4344,0.3293,-2.9846
confused,0.4503,0.4162,0.6133,-5.2384
confused,0.4026,0.4428,0.4971,-0.9446
confused,0.4387,0.4528,0.6556,0.91
confused,0.3551,0.3661,0.4078,0.4768
confused,0.3541,0.5098,0.2256,-6.7041
confused,0.4357,0.4249,0.6524,6.0335
confused,0.314,0.444,0.5265,1.4723
confused,0.3502,0.4427,0.1671,-2.3071
confused,0.4634,0.5125,0.1272,1.1642
confused,0.3479,0.5474,0.0136,-6.7042
confused,0.4297,0.6112,0.009,11.9671
confused,0.4014,0.5841,0.5042,2.3772
confused,0.3532,0.5106,0.2172,4.6071
confused,0.3854,0.4013,0.4725,6.2911
confused,0.406,0.4255,0.1871,14.4446
confused,0.3589,0.4477,0.4402,-1.7261
confused,0.3912,0.4473,0.5772,-0.2488
confused,0.3649,0.4254,0.2515,-6.0877
confused,0.3631,0.4399,0.018,10.8875
confused,0.5181,0.6376,0.0308,-1.6588
frustrated,0.1824,0.4245,0.5623,16.0425
frustrated,0.4248,0.4525,0.0656,0.4682
frustrated,0.2373,0.2446,0.629,-7.4392
frustrated,0.2859,0.3752,0.1615,-30.5074
frustrated,0.2783,0.3712,0.6899,9.2222
frustrated,0.0495,0.5345,0.3893,-2.6575
frustrated,0.3881,0.4217,0.0431,-4.2278
frustrated,0.386,0.3792,0.1129,-10.8704
frustrated,0.183,0.4851,0.2137,0.923
frustrated,0.321,0.4751,0.1283,0.9327
frustrated,0.4207,0.4657,0.3785,-2.934
frustrated,0.1789,0.2749,0.9455,-16.6137
frustrated,0.1212,0.3052,0.7163,-4.7745
frustrated,0.1457,0.2509,0.3781,-11.3586
frustrated,0.2178,0.4191,0.3363,5.8868
frustrated,0.2435,0.3634,0.2945,-6.0059
frustrated,0.0486,0.4729,0.0098,-0.2317
frustrated,0.2623,0.2692,0.884,-4.4734
frustrated,0.3188,0.5069,0.0186,-7.106
frustrated,0.294,0.316,0.7683,-10.8949
frustrated,0.2929,0.387,0.242,2.3158
frustrated,0.2669,0.4683,0.1704,3.0446
frustrated,0.3261,0.5277,0.0362,4.3549
frustrated,0.2766,0.4239,0.144,7.8861
frustrated,0.2358,0.3576,0.0175,-3.8767
frustrated,0.3562,0.4303,0.1506,-6.2227
frustrated,0.3414,0.441,0.0402,-14.0031
frustrated,0.3035,0.55,0.1151,-3.215
frustrated,0.0636,0.364,0.508,11.9713
frustrated,0.2337,0.5692,0.0118,-4.2274
frustrated,0.3403,0.3419,0.0026,10.3072
frustrated,0.2321,0.3511,0.0664,-5.7626
frustrated,0.3103,0.4011,0.4314,-6.4316
frustrated,0.382,0.5311,0.5307,6.4126
frustrated,0.347,0.445,0.588,19.0725
frustrated,0.0773,0.3137,0.0197,-2.5933
frustrated,0.2318,0.3858,0.0238,-12.7566
frustrated,0.3682,0.3645,0.215,1.8725
frustrated,0.3989,0.599,0.0096,8.2005
frustrated,0.4321,0.4864,0.427,-3.7588
frustrated,0.3469,0.4543,0.5679,-5.9646
frustrated,0.2663,0.3553,0.6351,2.1078
frustrated,0.3925,0.5104,0.8065,-7.5244
frustrated,0.3,0.4052,0.7303,-23.0965
frustrated,0.2189,0.4687,0.5861,-0.3505
frustrated,0.3944,0.4559,0.028,16.3189
frustrated,0.1784,0.3797,0.028,0.5448
frustrated,0.0384,0.5171,0.0663,-1.3587
frustrated,0.4266,0.4953,0.6503,0.4766
frustrated,0.3759,0.6026,0.0582,-19.9091
frustrated,0.2479,0.4047,0.7528,2.3319
frustrated,0.2258,0.286,0.1559,-3.7069
frustrated,0.1306,0.4538,0.4416,9.206
frustrated,0.3736,0.4715,0.1574,21.7346
frustrated,0.2947,0.0882,0.01,-56.0086
frustrated,0.0461,0.4347,0.4521,0.0566
frustrated,0.328,0.3874,0.1762,-6.6276
frustrated,0.2819,0.3962,0.6015,0.6899
frustrated,0.2204,0.5155,0.0031,2.6733
frustrated,0.2024,0.4784,0.0059,-0.4664
frustrated,0.1524,0.3332,0.7045,-1.6631
frustrated,0.3528,0.6189,0.3415,-6.4946
frustrated,0.3105,0.4869,0.0121,7.1779
frustrated,0.2312,0.3463,0.1407,2.4848
frustrated,0.1187,0.3839,0.4011,-2.0591
frustrated,0.3183,0.4769,0.0007,1.3988
frustrated,0.2615,0.3913,0.5663,-1.8435
frustrated,0.1969,0.3992,0.0081,0.9441
frustrated,0.1472,0.3114,0.3092,-6.411
frustrated,0.0286,0.4227,0.4714,1.3838
frustrated,0.277,0.3611,0.0334,-7.317
frustrated,0.223,0.4042,0.3024,-18.0506
frustrated,0.3489,0.4666,0.6185,18.8353
frustrated,0.4443,0.4015,0.1981,-2.2451
frustrated,0.3803,0.4547,0.0084,-1.5384
frustrated,0.3041,0.3478,0.0265,-13.4033
frustrated,0.2711,0.3085,0.1335,-17.2355
frustrated,0.3604,0.6028,0.2587,-7.651
frustrated,0.5069,0.4817,0.1687,-3.9335
frustrated,0.2219,0.5131,0.0603,-0.1752
frustrated,0.3357,0.4362,0.7458,5.0287
frustrated,0.1292,0.4101,0.4713,-9.6973
frustrated,0.4049,0.5153,0.0437,2.2237
frustrated,0.4508,0.5804,0.4582,-5.6829
frustrated,0.1558,0.3605,0.7552,-6.6569
frustrated,0.2959,0.4324,0.0017,-2.7954
frustrated,0.3171,0.3737,0.0116,-7.2394
frustrated,0.26,0.3663,0.0124,-2.0786
frustrated,0.3615,0.4999,0.5577,0.5598
frustrated,0.1303,0.394,0.6495,-0.4982
frustrated,0.2626,0.3703,0.4654,-2.1313
frustrated,0.2369,0.3415,0.8008,5.0751
frustrated,0.0475,0.4155,0.303,-2.9012
frustrated,0.3808,0.4007,0.2906,1.6224
frustrated,0.2665,0.5042,0.0055,-2.7562
frustrated,0.3117,0.4374,0.026,-6.8011
frustrated,0.1417,0.5555,0.3817,-5.5149
frustrated,0.2994,0.3738,0.0651,-1.2929
frustrated,0.3403,0.4274,0.1431,-5.7008
frustrated,0.234,0.3485,0.9907,-12.2455
frustrated,0.2499,0.5455,0.003,-3.0825
frustrated,0.043,0.4669,0.2257,-0.7082
frustrated,0.2465,0.4582,0.0077,-3.7476
frustrated,0.3427,0.4656,0.0277,-0.3144
frustrated,0.2931,0.4907,0.3643,-1.8159
frustrated,0.3277,0.47,0.0269,1.5592
frustrated,0.3911,0.4271,0.57,4.7774
frustrated,0.2623,0.3417,1.0897,13.9372
frustrated,0.2993,0.4996,0.0723,3.325
frustrated,0.4045,0.483,0.2782,-14.6788
frustrated,0.2597,0.4488,0.184,-8.5697
frustrated,0.1596,0.4313,0.4877,-13.0532
frustrated,0.3304,0.4282,0.0342,-7.0317
frustrated,0.3939,0.458,0.3403,-0.72
frustrated,0.3156,0.4997,0.349,-3.4235
frustrated,0.1823,0.4812,0.028,-3.0514
frustrated,0.441,0.5209,0.0287,6.5065
frustrated,0.319,0.2824,0.1316,4.3336
frustrated,0.1381,0.3823,0.2565,-3.2661
frustrated,0.3581,0.327,0.0026,6.5539
frustrated,0.3955,0.4663,0.3626,34.0219
frustrated,0.2401,0.4287,0.0386,3.8024
frustrated,0.2687,0.3694,0.0908,-5.1585
frustrated,0.2656,0.4143,0.0062,0.3251
frustrated,0.2775,0.5191,0.3861,2.194
frustrated,0.3079,0.5561,0.0197,-3.2454
frustrated,0.2296,0.3634,0.2877,-11.5722
frustrated,0.216,0.3969,0.091,-13.4288
frustrated,0.0837,0.3868,0.596,-5.8977
frustrated,0.1352,0.5022,0.159,-6.9024
frustrated,0.3241,0.4658,0.3487,-1.3704
frustrated,0.1316,0.297,0.7064,-27.6245
frustrated,0.3869,0.4772,0.0253,-4.6608
frustrated,0.2476,0.4609,0.0279,13.0116
frustrated,0.3541,0.3616,0.0294,-1.3835
frustrated,0.2331,0.2979,0.3755,-6.0994
frustrated,0.2321,0.4241,0.0439,3.095
frustrated,0.4384,0.4739,0.0106,-12.9796
frustrated,0.309,0.4688,0.2403,7.1914
frustrated,0.349,0.5665,0.0134,-0.8428
frustrated,0.2607,0.4817,0.646,0.1328
frustrated,0.1185,0.3839,0.6059,4.6135
frustrated,0.0479,0.3504,0.8804,-4.2467
frustrated,0.3633,0.4366,0.5288,-0.2356
frustrated,0.1578,0.3092,0.6992,1.2038
frustrated,0.3128,0.4364,0.0199,5.0769
frustrated,0.3307,0.5537,0.1356,2.3332
frustrated,0.382,0.4826,0.1942,-7.905
frustrated,0.023,0.2868,0.0402,-11.1526
frustrated,0.2953,0.2875,0.2139,15.9802
frustrated,0.2656,0.4645,0.0299,15.0037
frustrated,0.2639,0.481,0.0065,3.5555
frustrated,0.3305,0.4022,0.0061,-8.7105
frustrated,0.3337,0.5309,0.1364,8.2016
frustrated,0.3326,0.3526,0.3597,-4.2116
frustrated,0.2273,0.3899,0.0289,4.8727
frustrated,0.3278,0.3462,0.5307,-1.7704
frustrated,0.3701,0.3978,0.2298,0.2607
frustrated,0.3035,0.4326,0.1127,-4.9397
frustrated,0.3623,0.5156,0.3957,-4.3269
frustrated,0.2243,0.4146,0.2182,0.5494
frustrated,0.2856,0.4533,0.0643,2.356
frustrated,0.397,0.5371,0.0842,26.3045
frustrated,0.3689,0.3946,0.4203,-3.2895
frustrated,0.1858,0.3387,0.5724,-5.6913
frustrated,0.3303,0.3909,0.2844,-1.1123
frustrated,0.3026,0.4749,0.0724,-2.8635
frustrated,0.2852,0.413,0.5375,6.0705
frustrated,0.2268,0.3375,0.0323,-1.0866
frustrated,0.3295,0.4667,0.0157,-1.82
frustrated,0.3755,0.4217,0.0988,-2.2112
frustrated,0.3598,0.3454,0.002,-13.3703
frustrated,0.3645,0.3543,0.1073,-2.1072
frustrated,0.1795,0.2351,0.4555,14.6029
frustrated,0.1418,0.3458,0.8027,5.4429
frustrated,0.294,0.4394,0.2906,-6.1685
frustrated,0.2999,0.4598,0.1,-18.3588
frustrated,0.3481,0.5894,0.0118,5.4046
frustrated,0.2331,0.4313,0.4799,-6.9231
frustrated,0.3784,0.4736,0.2538,-13.2545
frustrated,0.3061,0.3356,0.752,-0.2921
frustrated,0.3865,0.4739,0.1758,-7.8599
frustrated,0.3681,0.4041,0.1151,-4.0232
frustrated,0.297,0.3134,0.0548,-5.0417
frustrated,0.1885,0.2232,0.2673,36.4595
frustrated,0.3344,0.4433,0.1779,4.1958
frustrated,0.3916,0.5491,0.2607,-7.4307
frustrated,0.083,0.4188,0.3034,-10.9467
frustrated,0.1165,0.3946,0.0105,-15.5765
frustrated,0.278,0.4706,0.0594,-1.3087
frustrated,0.3694,0.5131,0.3874,-2.1947
frustrated,0.39,0.4673,0.2312,-6.3994
frustrated,0.3416,0.4519,0.015,8.4516
frustrated,0.1557,0.4167,0.4903,-3.0405
frustrated,0.3419,0.4671,0.0746,3.1371
frustrated,0.0316,0.3955,0.091,-4.3882
frustrated,0.376,0.4752,0.1015,0.8165
frustrated,0.0501,0.328,0.0226,2.6002
frustrated,0.3285,0.5075,0.2492,3.942
frustrated,0.2116,0.3477,0.0839,-2.3102
frustrated,0.422,0.4224,0.1134,1.1535
frustrated,0.3984,0.3684,0.5584,11.9863
frustrated,0.3195,0.4357,0.327,-22.4019
frustrated,0.3997,0.491,0.0123,-4.4477
frustrated,0.3264,0.3727,0.0978,-6.3915
frustrated,0.2594,0.4525,0.345,-0.2609
frustrated,0.385,0.5046,0.0057,-4.4561
frustrated,0.3222,0.5054,0.7626,4.0249
frustrated,0.3435,0.6016,0.0301,-15.3616
frustrated,0.2488,0.3636,0.1553,0.7807
frustrated,0.3313,0.3903,0.0102,2.4575
frustrated,0.2164,0.5163,0.5194,9.1656
frustrated,0.1122,0.3206,0.6531,-7.6126
frustrated,0.3727,0.5232,0.1065,-16.9978
frustrated,0.2795,0.4263,0.0337,7.9663
frustrated,0.2624,0.4005,0.0222,3.6206
frustrated,0.1523,0.4155,0.4177,-3.3658
frustrated,0.3362,0.3509,0.2643,18.1082
frustrated,0.2822,0.4606,0.0335,1.5399
frustrated,0.3704,0.4109,0.052,-1.8369
frustrated,0.2789,0.5058,0.558,25.4115
frustrated,0.287,0.4407,0.4842,8.0841
frustrated,0.0317,0.4348,0.2601,7.4013
frustrated,0.313,0.6582,0.0649,-27.7494
frustrated,0.0949,0.4348,0.8045,1.9141
frustrated,0.266,0.3606,0.3312,-1.3539
frustrated,0.2361,0.4309,0.7221,22.773
frustrated,0.1026,0.4529,0.3583,-3.0407
frustrated,0.1113,0.4489,0.0375,-2.4805
frustrated,0.2678,0.3293,0.2512,12.8025
frustrated,0.4364,0.4582,0.0135,-2.6216
frustrated,0.174,0.3871,0.2803,8.7681
frustrated,0.4502,0.0835,0.0681,-20.7002
frustrated,0.4113,0.4841,0.1847,6.3209
frustrated,0.432,0.3953,0.1977,-7.649
frustrated,0.258,0.4643,0.5842,-11.6012
frustrated,0.1279,0.3554,0.9637,-3.486
frustrated,0.3723,0.3189,0.6269,-3.2828
frustrated,0.1748,0.4392,0.115,-1.5724
frustrated,0.2962,0.4518,0.2698,6.7599
frustrated,0.264,0.4259,0.0346,-9.4245
frustrated,0.2696,0.3958,0.0089,-0.5471
frustrated,0.1783,0.4655,0.0058,-3.1787
frustrated,0.3476,0.4535,0.0146,10.4947
frustrated,0.4085,0.3393,0.6141,-14.7731
frustrated,0.2226,0.4241,0.6237,2.0907
frustrated,0.05,0.524,0.0249,-1.4872
frustrated,0.2838,0.3969,0.1317,4.9129
frustrated,0.3855,0.4252,0.6021,4.4447
frustrated,0.2993,0.4387,0.0564,-15.0436
frustrated,0.3054,0.4668,0.167,2.0305
frustrated,0.2822,0.3205,0.7503,-6.1391
frustrated,0.2686,0.463,0.2574,-2.5491
frustrated,0.3233,0.4618,0.0239,6.4976
frustrated,0.1535,0.2843,0.5334,-22.7594
frustrated,0.2782,0.3704,0.6618,11.348
frustrated,0.3666,0.3992,0.2203,5.1146
frustrated,0.2656,0.4143,0.0062,0.3251
frustrated,0.4256,0.3643,0.0134,-9.1572
frustrated,0.3531,0.3749,0.4099,-4.7194
frustrated,0.2845,0.344,0.1625,22.1939
frustrated,0.4174,0.4699,0.0818,1.2674
frustrated,0.2527,0.4502,0.0107,0.6014
frustrated,0.1984,0.3543,0.4241,-4.5107
frustrated,0.3412,0.5596,0.0177,0.4268
frustrated,0.3366,0.4598,0.0274,-4.8552
frustrated,0.2164,0.3072,0.4341,-5.8836
frustrated,0.4318,0.4195,0.2853,-13.0311
frustrated,0.3023,0.3858,0.1657,6.0735
frustrated,0.3495,0.3448,0.2502,14.3078
frustrated,0.2251,0.4583,0.661,1.7804
frustrated,0.2183,0.4419,0.0078,-12.0835
frustrated,0.4472,0.295,0.4963,-10.3211
frustrated,0.4077,0.4656,0.2015,-7.5371
frustrated,0.2349,0.3492,0.0816,-18.351
frustrated,0.341,0.4751,0.0095,-1.8584
frustrated,0.2937,0.3958,0.4883,-1.6478
frustrated,0.3605,0.4779,0.0316,8.3003
frustrated,0.4282,0.5362,0.406,-4.7244
frustrated,0.2057,0.2964,0.1413,-0.7534
frustrated,0.2513,0.4035,0.1327,2.8145
frustrated,0.2811,0.4996,0.1642,1.5697
frustrated,0.3287,0.4665,0.6101,-13.2126
frustrated,0.2846,0.2,0.2413,59.7201
frustrated,0.3245,0.3467,0.1827,-8.323
frustrated,0.3938,0.4912,0.0038,1.8293
frustrated,0.4232,0.4674,0.0257,4.4592
frustrated,0.2417,0.3268,0.0137,-29.6365
frustrated,0.2918,0.3715,0.2842,2.8659
frustrated,0.2407,0.4989,0.0128,5.8942
frustrated,0.3327,0.4586,0.4048,-15.647
frustrated,0.3472,0.4302,0.0038,-1.0551
frustrated,0.392,0.4952,0.271,4.8162
frustrated,0.2747,0.4794,0.0349,2.3117
frustrated,0.2984,0.4278,0.8803,2.3687
frustrated,0.2808,0.3761,0.0347,-1.4889
frustrated,0.4022,0.4349,0.0507,2.8708
frustrated,0.2085,0.4065,0.5698,20.8586
frustrated,0.4261,0.406,0.147,8.5027
frustrated,0.1809,0.4944,0.0141,-8.3197
frustrated,0.2637,0.3085,0.0218,-0.9312
frustrated,0.2886,0.4427,0.7398,3.0712
frustrated,0.3426,0.4332,0.1294,-1.0926
frustrated,0.2476,0.471,0.6024,-0.0142
frustrated,0.4078,0.4409,0.1731,-2.8434
frustrated,0.4054,0.4442,0.5598,-3.1218
frustrated,0.1479,0.377,0.0031,-2.3008
frustrated,0.3244,0.4125,0.1632,1.2666
frustrated,0.3895,0.4142,0.2608,15.088
frustrated,0.3691,0.3887,0.0128,-3.9767
frustrated,0.1111,0.4272,0.0196,1.5793
frustrated,0.4131,0.3065,0.0281,4.0756
frustrated,0.275,0.4769,0.6337,8.6715
frustrated,0.2317,0.2828,0.825,-15.8771
frustrated,0.2656,0.4143,0.0062,0.3251
frustrated,0.3646,0.5322,0.484,-19.2216
frustrated,0.4009,0.4303,0.0103,5.5223
frustrated,0.3204,0.4056,0.2545,2.202
frustrated,0.3303,0.3609,0.069,-0.1736
frustrated,0.3596,0.4488,0.0128,6.3241
frustrated,0.1135,0.3816,0.171,2.29
frustrated,0.1914,0.5341,0.0033,4.5081
frustrated,0.1132,0.3357,0.1964,-13.8517
frustrated,0.3178,0.4988,0.1993,0.6707
frustrated,0.3489,0.4202,0.1011,-20.7187
frustrated,0.3719,0.3369,0.0501,18.2253
frustrated,0.1849,0.4339,0.3292,-11.8946
frustrated,0.3319,0.5158,0.0097,2.9745
frustrated,0.341,0.3988,0.759,4.2446
frustrated,0.2274,0.3765,0.1011,3.0475
frustrated,0.4171,0.2698,0.1373,-31.6243
frustrated,0.3335,0.5233,0.4135,-14.0037
frustrated,0.3344,0.4362,0.0281,-5.2473
frustrated,0.2942,0.4362,0.0451,-3.862
frustrated,0.3175,0.3746,0.4078,-3.5672
frustrated,0.1953,0.4773,0.1561,11.0714
frustrated,0.2719,0.4645,0.0399,-6.881
frustrated,0.2099,0.3721,0.7959,-1.2795
frustrated,0.2748,0.62,0.059,0.7583
frustrated,0.3432,0.523,0.0395,0.5058
frustrated,0.2831,0.3132,0.0282,-11.8144
frustrated,0.2627,0.4047,0.0151,1.0519
frustrated,0.1771,0.4344,0.0236,-3.3916
frustrated,0.4383,0.4969,0.0263,3.1742
frustrated,0.152,0.3485,0.1941,-4.4561
frustrated,0.1055,0.3995,0.0263,-3.3927
frustrated,0.3382,0.3359,0.0117,5.3452
frustrated,0.3939,0.458,0.3403,-0.72
frustrated,0.1669,0.3621,0.3844,-4.8985
frustrated,0.4515,0.3116,0.8797,-3.6329
frustrated,0.3426,0.5198,0.0054,0.3112
frustrated,0.3046,0.4139,0.0305,-2.615
frustrated,0.1041,0.4054,0.3765,7.2953
frustrated,0.4257,0.501,0.737,12.2735
frustrated,0.3843,0.4993,0.4951,-14.7617
frustrated,0.3519,0.5903,0.0261,5.8381
frustrated,0.1416,0.4792,0.5334,-1.8414
frustrated,0.3185,0.5172,0.0083,-5.5538
frustrated,0.3118,0.3972,0.1007,-2.8685
frustrated,0.3106,0.4502,0.3494,0.4362
frustrated,0.2865,0.4704,0.0154,-11.9169
frustrated,0.3537,0.3818,0.0138,0.8566
frustrated,0.1735,0.373,0.6417,-1.7929
frustrated,0.2662,0.4489,0.2608,9.4596
frustrated,0.3029,0.5587,0.1836,-3.8157
frustrated,0.4058,0.4923,0.0164,-7.5809
frustrated,0.283,0.4397,0.0509,-16.1029
frustrated,0.3166,0.3019,0.0179,5.4663
frustrated,0.3683,0.4627,0.2645,-2.6429
frustrated,0.2913,0.5035,0.2353,3.2305
frustrated,0.3033,0.4802,0.0113,-0.9063
frustrated,0.371,0.4872,0.2851,-1.2418
frustrated,0.3258,0.4263,0.0112,-6.2596
frustrated,0.3822,0.3765,0.1727,0.8975
frustrated,0.356,0.4449,0.2056,15.0074
frustrated,0.2951,0.2649,0.0486,-4.4588
frustrated,0.1451,0.4547,0.0104,9.2047
frustrated,0.304,0.4849,0.0204,2.7067
frustrated,0.3606,0.3496,1.0928,-0.0587
frustrated,0.0654,0.3649,0.0913,11.087
frustrated,0.3986,0.3082,0.2105,-15.3206
frustrated,0.5091,0.5098,0.126,-14.4437
frustrated,0.3222,0.3783,0.5135,-0.8484
frustrated,0.2435,0.313,0.0184,-9.4353
frustrated,0.1179,0.4403,0.4785,-1.1009
frustrated,0.2935,0.4588,0.0016,2.7537
frustrated,0.3747,0.4251,0.0006,-4.3046
frustrated,0.3159,0.3858,0.8038,15.3368
frustrated,0.2927,0.322,0.6045,-8.5637
frustrated,0.2577,0.4672,0.3706,11.1726
frustrated,0.3386,0.5094,0.4192,5.6331
frustrated,0.3122,0.4295,0.3028,-4.1092
frustrated,0.2927,0.5064,0.5083,-2.3127
frustrated,0.0531,0.3839,0.4188,6.0385
frustrated,0.2699,0.5209,0.4621,2.8836
frustrated,0.3239,0.3289,0.488,1.0189
frustrated,0.4244,0.4359,0.0077,-3.3499
frustrated,0.3426,0.4332,0.1294,-1.0926
frustrated,0.385,0.5427,0.1852,-16.092
frustrated,0.2481,0.4396,0.0311,-4.9701
frustrated,0.0921,0.3652,0.1038,7.873
frustrated,0.3131,0.3634,0.1781,16.5167
frustrated,0.0218,0.3739,0.5939,-1.6127
frustrated,0.3698,0.5167,0.3127,0.8833
frustrated,0.0309,0.4898,0.2632,-0.6485
frustrated,0.2348,0.4204,0.043,0.3514
frustrated,0.3131,0.6153,0.0204,-10.2758
frustrated,0.2428,0.358,0.029,2.5496
frustrated,0.2443,0.4118,0.5436,5.1446
frustrated,0.239,0.3119,0.6279,5.6772
frustrated,0.2677,0.4277,0.1928,1.3304
frustrated,0.3481,0.471,0.0111,-1.0684
frustrated,0.1804,0.4609,0.3808,-3.3834
frustrated,0.1912,0.416,0.4278,0.293
frustrated,0.176,0.2624,0.4243,-22.0554
frustrated,0.2624,0.3275,0.7817,-15.401
frustrated,0.175,0.4064,0.0054,-4.7305
frustrated,0.2558,0.5098,0.6679,3.8822
frustrated,0.2436,0.1991,1.3025,-3.0744
frustrated,0.3746,0.5199,0.1393,-21.9632
frustrated,0.4077,0.4765,0.2059,1.215
frustrated,0.4515,0.4194,0.2232,-3.3939
frustrated,0.5297,0.2654,0.6305,-0.2933
frustrated,0.3175,0.4642,0.0158,-19.6478
frustrated,0.0347,0.4169,0.4673,-0.2683
frustrated,0.3145,0.4478,0.1937,3.1589
frustrated,0.3706,0.4675,0.7656,-2.5843
frustrated,0.3684,0.4402,0.0163,-1.4245
frustrated,0.3422,0.3901,0.2335,-1.4993
frustrated,0.2754,0.4556,0.1231,2.3302
frustrated,0.1952,0.4318,0.5311,-4.2627
frustrated,0.2284,0.4633,0.2359,2.3342
frustrated,0.3436,0.4014,0.0531,9.113
frustrated,0.3888,0.4672,0.0132,4.1621
frustrated,0.3246,0.5078,0.0322,-2.6076
frustrated,0.3261,0.4926,0.372,-2.3929
frustrated,0.3342,0.3124,0.7889,-7.5312
frustrated,0.3483,0.4705,0.0092,8.6649
frustrated,0.1748,0.2467,0.2315,-19.1546
frustrated,0.3193,0.4516,0.2777,-11.3362
frustrated,0.3311,0.4703,0.0195,6.6056
frustrated,0.3651,0.4997,0.0096,-2.461
frustrated,0.4712,0.4414,0.0119,9.3191
frustrated,0.2785,0.3917,0.2837,18.2583
frustrated,0.2355,0.4761,0.0061,-3.1159
frustrated,0.2067,0.3883,0.5851,-5.9939
frustrated,0.2614,0.3971,0.4143,2.8527
frustrated,0.4092,0.4214,0.0119,3.6931
frustrated,0.3615,0.3934,0.0563,-21.7371
frustrated,0.1825,0.3154,0.3828,-0.5849
frustrated,0.3048,0.5561,0.29,17.6762
frustrated,0.3075,0.4403,0.5477,1.1004
frustrated,0.3319,0.4615,0.0274,-1.2271
frustrated,0.2803,0.3812,0.1317,-0.5332
frustrated,0.386,0.3684,0.7462,-7.118
frustrated,0.1107,0.429,0.0936,2.7214
frustrated,0.3741,0.371,0.1191,-0.8604
frustrated,0.1952,0.4012,0.7308,21.4503
frustrated,0.2793,0.5218,0.4125,-0.1059
frustrated,0.0781,0.4687,0.1783,21.6091
frustrated,0.3114,0.4284,0.4619,-2.6636
frustrated,0.3507,0.4416,0.0681,-15.7003
frustrated,0.0925,0.4702,0.3161,-4.0064
frustrated,0.3465,0.4697,0.0027,-0.4395
frustrated,0.2594,0.4505,0.6597,-14.6915
frustrated,0.2875,0.4047,0.8073,10.9561
frustrated,0.3193,0.4244,0.5879,4.5755
frustrated,0.2323,0.2777,0.0543,1.9812
frustrated,0.3917,0.582,0.3257,-5.7359
frustrated,0.3715,0.419,0.0413,-2.0588
frustrated,0.1559,0.3947,0.065,4.1131
frustrated,0.0495,0.4425,0.0973,2.588
frustrated,0.2827,0.3554,0.8594,-3.1118
frustrated,0.079,0.3648,0.2804,0.6021
frustrated,0.3493,0.3106,0.0943,5.2902
frustrated,0.3052,0.4337,0.02,-10.2983
frustrated,0.4036,0.5522,0.078,1.5058
frustrated,0.4054,0.4023,0.2869,-9.439
frustrated,0.247,0.529,0.3051,0.5953
frustrated,0.2904,0.4249,0.1447,2.5123
frustrated,0.4032,0.3315,0.7956,13.8528
frustrated,0.2935,0.4028,0.1086,0.6795
frustrated,0.3802,0.4989,0.3609,-0.6183
frustrated,0.303,0.4006,0.0788,-2.3694
frustrated,0.3486,0.4081,0.0104,-0.2082
frustrated,0.5137,0.4423,0.0424,3.9053
frustrated,0.3304,0.3011,0.0218,10.9592
frustrated,0.1735,0.373,0.6417,-1.7929
frustrated,0.2425,0.394,0.4546,2.7064
frustrated,0.2277,0.4038,0.5094,-5.8196
frustrated,0.3632,0.5256,0.434,-0.8022
frustrated,0.3331,0.5039,0.0553,-2.5089
frustrated,0.2223,0.3275,0.2454,1.1426
frustrated,0.2837,0.4249,0.2737,-12.7721
frustrated,0.4917,0.4481,0.2531,-14.4874
frustrated,0.3435,0.4063,0.2553,-0.8735
frustrated,0.3133,0.5053,0.0081,5.119
frustrated,0.3968,0.5192,0.2841,17.8075
frustrated,0.3261,0.4368,0.0208,-4.5309
frustrated,0.1125,0.3092,0.8605,-6.2159
frustrated,0.1129,0.2869,0.5898,4.4931
frustrated,0.0771,0.3156,0.9716,-4.4357
frustrated,0.3145,0.4686,0.133,7.3343
frustrated,0.3467,0.4636,0.1691,5.9074
frustrated,0.4491,0.4796,0.3953,-1.2276
frustrated,0.45,0.4084,0.5941,-1.0692
frustrated,0.0913,0.3746,0.7616,16.0896
frustrated,0.4033,0.5347,0.0093,-4.0388
frustrated,0.2532,0.3824,0.2902,-10.2984
frustrated,0.2878,0.4332,0.007,-13.3009
frustrated,0.3128,0.38,0.4879,-0.6863
frustrated,0.3775,0.437,0.022,-3.3055
frustrated,0.4143,0.5709,0.0866,-1.3072
frustrated,0.34,0.4601,0.0154,0.699
frustrated,0.2316,0.3923,0.448,-18.1847
frustrated,0.3452,0.57,0.0085,-4.3115
frustrated,0.293,0.3159,0.7185,-17.7606
frustrated,0.3401,0.484,0.0153,-18.2723
frustrated,0.4552,0.4074,0.367,-22.9207
frustrated,0.3177,0.4986,0.6721,0.2522
frustrated,0.4431,0.4613,0.166,-6.4068
frustrated,0.2503,0.3897,0.038,2.9694
frustrated,0.2563,0.4444,0.5242,2.1958
frustrated,0.3561,0.4491,0.0775,5.6862
frustrated,0.3563,0.4351,0.4797,-19.6176
frustrated,0.3748,0.517,0.0027,1.0215
frustrated,0.2263,0.2669,0.0174,-13.0972
frustrated,0.1233,0.3197,0.4573,5.9578
frustrated,0.2813,0.4487,0.8555,-12.6893
frustrated,0.3068,0.4329,0.1377,-1.3633
frustrated,0.3513,0.5616,0.0045,2.4238
frustrated,0.336,0.4545,0.046,-0.4188
frustrated,0.2824,0.4916,0.318,-1.7935
frustrated,0.0986,0.4407,0.0911,11.2178
frustrated,0.4569,0.5171,0.0408,10.4838
frustrated,0.2867,0.2847,0.3207,-1.9724
frustrated,0.2981,0.5343,0.022,1.7358
frustrated,0.3353,0.3346,0.202,-6.2198
frustrated,0.3422,0.4706,0.2715,-3.2184
frustrated,0.3554,0.4738,0.1736,9.9122
frustrated,0.2955,0.4717,0.3564,24.7212
frustrated,0.2393,0.3296,0.1231,12.4137
frustrated,0.1486,0.4988,0.0187,6.88
frustrated,0.2845,0.3706,0.0068,3.0283
frustrated,0.2397,0.4146,0.3891,-2.9464
frustrated,0.3037,0.399,0.0137,-3.3239
frustrated,0.1122,0.423,0.384,-0.823
frustrated,0.1671,0.4712,0.2001,-22.9006
frustrated,0.2459,0.4474,0.2977,-1.4584
frustrated,0.3804,0.4194,0.4519,-0.7134
frustrated,0.3127,0.4316,0.3711,-1.4069
frustrated,0.3422,0.5235,0.0102,0.0232
frustrated,0.2668,0.3623,0.6686,-17.8243
frustrated,0.3259,0.3457,0.1824,-14.9161
frustrated,0.4136,0.4999,0.0239,-2.2025
frustrated,0.3403,0.414,0.0796,-4.5725
frustrated,0.3166,0.4233,0.0301,2.8144
frustrated,0.3422,0.5235,0.0102,0.0232
frustrated,0.2435,0.3056,0.5473,-0.0848
frustrated,0.193,0.4487,0.8726,2.8531
frustrated,0.3757,0.5443,0.5624,-2.7433
frustrated,0.2766,0.5429,0.2203,-13.2786
frustrated,0.3709,0.3627,0.0766,-11.7298
frustrated,0.2947,0.4227,0.4173,-4.9901
frustrated,0.2716,0.3588,0.006,2.1226
frustrated,0.2927,0.3809,0.002,-1.3042
frustrated,0.2696,0.4615,0.0041,7.928
frustrated,0.3181,0.2995,0.0102,4.973
frustrated,0.3329,0.3627,0.0119,-21.1884
frustrated,0.3485,0.2812,0.8685,-1.8632
frustrated,0.3606,0.435,0.0236,4.2845
frustrated,0.3604,0.4128,0.6435,-5.9027
frustrated,0.4123,0.477,0.0161,3.0831
frustrated,0.5095,0.4676,0.3182,2.9136
frustrated,0.0609,0.4308,0.4909,-3.1017
frustrated,0.1989,0.4055,0.1333,-2.603
frustrated,0.2621,0.3943,0.2299,-3.2015
frustrated,0.4483,0.4451,0.022,2.0747
frustrated,0.368,0.4122,0.5154,6.438
frustrated,0.2058,0.3567,0.6343,-21.1012
frustrated,0.3503,0.3347,0.1331,19.6511
frustrated,0.3898,0.4315,0.6584,3.1086
frustrated,0.3815,0.406,0.421,-10.2814
frustrated,0.3101,0.5359,0.0073,-0.306
frustrated,0.3031,0.4532,0.1154,-0.9844
frustrated,0.329,0.3607,0.6619,-17.8534
frustrated,0.2381,0.4697,0.0373,-1.7407
frustrated,0.2534,0.291,0.0138,24.1127
frustrated,0.1353,0.5513,0.0347,5.3797
frustrated,0.277,0.441,0.1172,5.6076
frustrated,0.3721,0.4325,0.1686,-4.5926
frustrated,0.1608,0.4537,0.5756,-7.9697
frustrated,0.261,0.5706,0.2614,-9.0018
frustrated,0.3898,0.4872,0.5438,10.4254
frustrated,0.271,0.4483,0.258,-12.4682
frustrated,0.1111,0.398,0.4295,-0.6558
frustrated,0.3152,0.5817,0.0739,-2.7025
frustrated,0.1937,0.3079,0.0126,3.6656
frustrated,0.1884,0.5091,0.2168,7.5378
frustrated,0.0533,0.4774,0.0831,0.2052
frustrated,0.4073,0.4351,0.2935,7.4576
frustrated,0.4045,0.3891,0.4589,-5.521
frustrated,0.3309,0.3935,0.421,-1.4613
frustrated,0.1835,0.5352,0.0219,-7.3526
frustrated,0.3974,0.4828,0.1252,-8.6868
frustrated,0.1007,0.4493,0.7546,-1.655
frustrated,0.4044,0.4493,0.6709,0.6591
frustrated,0.3071,0.3448,0.0896,-4.6452
frustrated,0.3428,0.3627,0.4803,-1.3018
frustrated,0.3114,0.3763,0.978,2.7891
frustrated,0.3235,0.5413,0.1073,4.6342
frustrated,0.2889,0.5547,0.4348,3.0237
frustrated,0.3656,0.464,0.6156,0.9196
frustrated,0.3497,0.5418,0.01,6.1993
frustrated,0.3794,0.4049,0.3757,-8.3891
frustrated,0.2686,0.334,0.0554,-4.0648
frustrated,0.1523,0.4155,0.4177,-3.3658
frustrated,0.285,0.3813,0.0509,1.854
frustrated,0.4138,0.4888,0.0494,7.3417
frustrated,0.3799,0.4719,0.4463,2.0987
frustrated,0.1754,0.436,0.0088,3.8809
frustrated,0.3816,0.449,0.0561,-15.2968
frustrated,0.0738,0.4433,0.0098,-1.0139
frustrated,0.2721,0.4002,0.7015,12.6682
frustrated,0.031,0.448,0.3978,0.3641
frustrated,0.2725,0.4494,0.2527,10.9412
frustrated,0.3417,0.3606,0.1508,-10.3359
frustrated,0.2241,0.5389,0.0675,2.6879
frustrated,0.0317,0.4348,0.2601,7.4013
frustrated,0.3277,0.4887,0.1469,-0.5106
frustrated,0.1159,0.3496,0.7846,1.3475
frustrated,0.3316,0.4967,0.3709,2.2989
frustrated,0.3454,0.4772,0.2378,5.1906
frustrated,0.1355,0.5274,0.788,14.1397
frustrated,0.3034,0.4513,0.4466,-2.2031
frustrated,0.266,0.3606,0.3312,-1.3539
frustrated,0.1404,0.3584,0.5119,-26.8125
frustrated,0.381,0.324,0.3523,-4.9557
frustrated,0.1122,0.381,0.0047,10.2086
frustrated,0.312,0.4638,0.6436,-20.2284
frustrated,0.2282,0.3193,0.0027,-5.2707
frustrated,0.2984,0.4574,0.027,-4.9343
frustrated,0.362,0.5141,0.0102,-1.587
frustrated,0.3101,0.4668,0.206,0.7588
frustrated,0.3762,0.5273,0.0217,-11.1889
frustrated,0.1283,0.4017,0.3573,-7.7631
frustrated,0.2808,0.4477,0.57,-17.2623
frustrated,0.5214,0.3757,0.2561,8.9399
frustrated,0.3902,0.416,0.9695,3.0661
frustrated,0.2949,0.4485,0.0457,-19.9914
frustrated,0.3715,0.3239,0.2883,4.0194
frustrated,0.2699,0.5554,0.0065,-8.7079
frustrated,0.2718,0.4062,0.0087,-1.2937
frustrated,0.4507,0.5203,0.2355,19.9779
frustrated,0.0987,0.3545,0.3132,10.7607
frustrated,0.2984,0.4766,0.0044,-10.9958
frustrated,0.3309,0.3928,0.6814,-1.3566
frustrated,0.1888,0.4366,0.687,2.7904
frustrated,0.1276,0.3588,0.3882,-8.6049
frustrated,0.3381,0.5929,0.0194,-3.8567
frustrated,0.3571,0.5079,0.1202,-0.1673
frustrated,0.3614,0.4591,0.6178,-17.9937
frustrated,0.3452,0.4164,0.0532,-9.8673
frustrated,0.37,0.4329,0.0299,4.2031
frustrated,0.3277,0.4424,0.5629,-28.9015
frustrated,0.2688,0.4635,0.0136,3.8383
frustrated,0.0522,0.432,0.0039,-1.9151
frustrated,0.2199,0.5586,0.2435,13.5492
frustrated,0.2067,0.4229,0.0723,-6.7385
frustrated,0.2907,0.3311,0.0003,14.8251
frustrated,0.3599,0.6299,0.0281,6.9186
frustrated,0.4373,0.5114,0.1321,6.8585
frustrated,0.2312,0.4372,0.0125,12.5623
frustrated,0.514,0.513,0.3381,0.3785
frustrated,0.2995,0.4694,0.8295,-14.0568
frustrated,0.1575,0.5329,0.025,7.0222
frustrated,0.2415,0.4883,0.6048,3.0153
frustrated,0.3512,0.4709,0.0178,-4.9953
frustrated,0.2353,0.4853,0.0954,0.8209
frustrated,0.2334,0.3918,0.3299,-20.4659
frustrated,0.3082,0.5205,0.7861,1.7076
frustrated,0.2532,0.4656,0.4869,-0.0204
frustrated,0.3482,0.5671,0.0058,-6.0937
frustrated,0.2872,0.3926,0.0211,6.1528
frustrated,0.3566,0.641,0.3107,0.9313
frustrated,0.2892,0.4437,0.4075,-2.3172
frustrated,0.0538,0.5281,0.1043,-0.9837
frustrated,0.2764,0.4874,0.1048,-12.1253
frustrated,0.3342,0.5049,0.1444,-5.5609
frustrated,0.4715,0.4766,0.1272,31.6954
frustrated,0.3978,0.5851,0.3834,-7.5737
frustrated,0.3368,0.4305,0.4463,29.331
frustrated,0.01,0.4619,0.4314,0.7424
frustrated,0.3457,0.3331,0.7361,15.6144
frustrated,0.3348,0.4276,0.0147,0.2473
frustrated,0.1183,0.4117,0.0219,10.1725
frustrated,0.2422,0.4285,0.1203,-5.9742
frustrated,0.2668,0.4519,0.1484,-14.0295
frustrated,0.207,0.5216,0.0117,-11.2997
frustrated,0.3773,0.3176,0.5681,1.1716
frustrated,0.2642,0.3631,0.0348,0.9092
frustrated,0.3342,0.3204,0.4912,-10.5265
frustrated,0.2757,0.2818,0.0756,-1.9423
frustrated,0.3504,0.3604,0.0165,-12.8155
frustrated,0.1832,0.3611,0.7022,3.9114
frustrated,0.198,0.5498,0.227,-2.7673
frustrated,0.2742,0.5093,0.2415,3.3863
frustrated,0.4008,0.4359,0.0268,6.4885
frustrated,0.3511,0.5101,0.0076,-3.9309
frustrated,0.1351,0.5219,0.0426,11.1294
frustrated,0.1523,0.4343,0.443,2.3778
frustrated,0.3486,0.3957,0.0558,3.6103
frustrated,0.3816,0.2813,0.5875,2.4269
frustrated,0.4211,0.4332,0.6182,-3.0921
frustrated,0.3212,0.2536,0.4508,3.1981
frustrated,0.3513,0.3874,0.6646,-15.5709
frustrated,0.3764,0.5671,0.3067,-3.2766
frustrated,0.1523,0.4155,0.4177,-3.3658
frustrated,0.398,0.4143,0.7918,3.7874
frustrated,0.4151,0.4737,0.5042,3.1629
frustrated,0.3355,0.3821,0.0319,0.3091
frustrated,0.2597,0.324,0.9168,-12.404
frustrated,0.3055,0.4471,0.2307,0.3906
frustrated,0.3434,0.4338,0.4082,1.082
frustrated,0.3901,0.414,0.6574,-17.3134
frustrated,0.3804,0.5753,0.235,-7.5057
frustrated,0.4203,0.4629,0.4637,3.5158
frustrated,0.2971,0.4419,0.0078,2.8674
frustrated,0.2897,0.4378,0.4564,-3.1122
frustrated,0.3032,0.4518,0.01,2.9328
frustrated,0.1566,0.4833,0.5719,1.663
frustrated,0.0772,0.434,0.1117,-35.8242
frustrated,0.2141,0.4668,0.0107,-0.2506
frustrated,0.3168,0.5125,0.1762,-5.4841
frustrated,0.2598,0.4067,0.0588,-1.0292
frustrated,0.2279,0.3566,0.0271,0.3849
frustrated,0.1327,0.436,0.2802,-2.2666
frustrated,0.1123,0.3688,0.3422,4.5957
frustrated,0.372,0.4481,0.5074,-14.4032
frustrated,0.2727,0.5175,0.0387,7.7038
frustrated,0.292,0.4128,0.2131,-18.7305
frustrated,0.3286,0.3711,0.6041,-9.6494
frustrated,0.2517,0.3893,0.3846,5.5298
frustrated,0.4556,0.4766,0.044,1.0893
frustrated,0.1552,0.4468,0.0108,-26.8611
frustrated,0.3249,0.466,0.0032,6.7953
frustrated,0.28,0.4282,0.0327,-11.2124
frustrated,0.4722,0.6627,0.0114,1.1793
frustrated,0.3178,0.3208,0.3186,10.9482
frustrated,0.0741,0.5202,0.0176,-1.3438
frustrated,0.3399,0.5403,0.0052,11.9975
frustrated,0.4435,0.4174,0.2129,6.0136
frustrated,0.335,0.4515,0.0405,-21.5357
frustrated,0.3199,0.5474,0.0659,-5.5379
frustrated,0.2552,0.398,0.1505,-3.5988
frustrated,0.4325,0.3466,0.8451,4.7116
frustrated,0.2371,0.3641,0.6191,0.5823
frustrated,0.475,0.2501,0.6609,0.0436
frustrated,0.2749,0.3423,0.8275,-5.8656
frustrated,0.2151,0.4411,0.6934,4.21
frustrated,0.3398,0.5613,0.0133,-10.6096
frustrated,0.1852,0.4784,0.1256,-3.7642
frustrated,0.4198,0.5558,0.0037,9.8049
frustrated,0.1176,0.4234,0.0051,-9.3498
frustrated,0.2425,0.3726,0.4206,3.4464
frustrated,0.116,0.4216,0.4071,-19.3804
frustrated,0.3917,0.445,0.0448,-2.1453
frustrated,0.1303,0.394,0.6495,-0.4982
frustrated,0.4522,0.4484,0.0367,-34.2013
frustrated,0.2095,0.4901,0.2127,2.1226
frustrated,0.2912,0.4224,0.0804,7.173
frustrated,0.2282,0.2635,0.5971,53.6255
frustrated,0.3101,0.5359,0.0073,-0.306
frustrated,0.3276,0.418,0.0117,2.9402
frustrated,0.3566,0.542,0.0209,3.3799
frustrated,0.3522,0.4246,0.1008,-3.5939
frustrated,0.2954,0.3599,0.7883,9.8486
frustrated,0.3117,0.3997,0.1786,10.6637
frustrated,0.1657,0.4666,0.477,13.7585
frustrated,0.2162,0.441,0.3029,-4.97
frustrated,0.4191,0.4815,0.0224,-7.7691
frustrated,0.3723,0.3318,0.0112,2.4426
frustrated,0.2372,0.3708,0.381,6.1015
frustrated,0.4385,0.4446,0.5406,6.7441
frustrated,0.3123,0.404,0.0426,11.0501
frustrated,0.3015,0.3792,0.5465,0.1455
frustrated,0.2862,0.5545,0.0078,0.1782
frustrated,0.3679,0.4838,0.0098,-18.0667
frustrated,0.5094,0.3102,0.6832,-3.8512
frustrated,0.3463,0.4322,0.2224,-6.5819
frustrated,0.3299,0.326,0.0404,-1.6893
frustrated,0.2958,0.4654,0.0012,-1.4649
frustrated,0.3207,0.4471,0.0286,13.3048
frustrated,0.3903,0.5901,0.0869,-0.68
frustrated,0.1874,0.4461,0.426,0.5357
frustrated,0.3492,0.4968,0.0799,2.9144
frustrated,0.2153,0.4222,0.0635,0.9529
frustrated,0.0687,0.5717,0.1143,0.3862
frustrated,0.1822,0.469,0.078,-3.7512
frustrated,0.0206,0.4554,0.3525,6.8408
frustrated,0.1961,0.5226,0.2933,-16.3382
frustrated,0.0381,0.3991,0.2345,-0.0518
frustrated,0.3195,0.5214,0.0223,-8.9996
frustrated,0.1959,0.4035,0.533,5.6119
frustrated,0.2871,0.4416,0.0211,-0.4618
frustrated,0.1891,0.4694,0.2752,-0.1398
frustrated,0.3592,0.439,0.013,-0.9505
frustrated,0.1112,0.4253,0.1037,0.6176
frustrated,0.1629,0.4554,0.0098,0.1616
frustrated,0.272,0.4276,0.2046,-5.0732
frustrated,0.0861,0.4275,0.1604,-4.4084
frustrated,0.3204,0.5008,0.1585,-13.105
frustrated,0.2941,0.4219,0.2127,0.8603
frustrated,0.1318,0.4179,0.3416,4.103
frustrated,0.2084,0.4028,0.3674,-2.7311
frustrated,0.1605,0.468,0.0029,8.5018
frustrated,0.1561,0.4678,0.1023,-0.9192
frustrated,0.144,0.4085,0.4855,-3.2408
frustrated,0.1966,0.5244,0.0044,-4.4708
frustrated,0.3612,0.5234,0.1671,-9.4761
frustrated,0.1042,0.51,0.0115,-1.3363
frustrated,0.0787,0.4599,0.367,0.5675
frustrated,0.0995,0.4256,0.331,-1.0772
frustrated,0.0791,0.5795,0.2993,-0.8166
frustrated,0.1263,0.4683,0.2413,-5.2009
frustrated,0.157,0.4001,0.1179,5.8011
frustrated,0.2252,0.445,0.0311,-4.5154
frustrated,0.2466,0.4259,0.1552,0.9222
frustrated,0.476,0.4219,0.0931,3.2996
frustrated,0.2038,0.4171,0.3033,-2.888
frustrated,0.3719,0.4588,0.2011,0.5144
frustrated,0.1024,0.5325,0.2367,-2.7279
frustrated,0.067,0.4399,0.1378,2.5136
frustrated,0.2614,0.5274,0.1901,-19.0979
frustrated,0.1151,0.3798,0.267,-3.0065
frustrated,0.0507,0.467,0.0214,-0.1106
frustrated,0.0937,0.4736,0.0317,-4.2168
frustrated,0.157,0.4001,0.1179,5.8011
frustrated,0.1991,0.4646,0.0149,3.7977
frustrated,0.474,0.3451,0.5759,-3.5409
frustrated,0.2601,0.407,0.0203,7.3792
frustrated,0.1171,0.4662,0.006,-4.7977
frustrated,0.3108,0.5228,0.0344,-0.161
frustrated,0.0702,0.4899,0.0275,-0.4833
frustrated,0.1074,0.4156,0.1127,1.1083
frustrated,0.2814,0.4336,0.4318,-4.1265
frustrated,0.3697,0.4099,0.0888,6.7533
frustrated,0.2243,0.4152,0.0924,-3.82
frustrated,0.1654,0.5168,0.4607,2.9187
frustrated,0.2754,0.642,0.3434,-5.4355
frustrated,0.2524,0.4515,0.0132,-0.3649
frustrated,0.2297,0.48,0.1794,0.6646
frustrated,0.3014,0.4792,0.3384,8.8065
frustrated,0.2297,0.48,0.1794,0.6646
frustrated,0.2612,0.4497,0.0182,-3.479
frustrated,0.0529,0.2898,0.004,9.8383
frustrated,0.3082,0.4763,0.4572,-3.6242
frustrated,0.2576,0.5297,0.0573,-2.9073
frustrated,0.1373,0.4297,0.5565,-3.9424
frustrated,0.0821,0.4758,0.2171,12.7585
frustrated,0.0785,0.362,0.1481,0.5999
frustrated,0.1562,0.4096,0.3687,-3.2652
frustrated,0.3438,0.4231,0.0688,-5.6839
frustrated,0.2359,0.4484,0.2897,-5.6579
frustrated,0.3276,0.4935,0.0384,-1.3671
frustrated,0.2288,0.4037,0.1328,-2.7894
frustrated,0.2827,0.5773,0.36,1.2931
frustrated,0.0339,0.4505,0.4168,5.5315
frustrated,0.0575,0.5059,0.0169,1.8623
frustrated,0.3027,0.4252,0.0991,-5.1587
frustrated,0.2124,0.4957,0.1226,-15.3859
frustrated,0.4335,0.4873,0.2201,-12.0276
frustrated,0.288,0.4533,0.1327,1.4816
frustrated,0.1634,0.5815,0.0132,-0.4879
frustrated,0.2277,0.3665,0.3464,16.7769
frustrated,0.3401,0.5446,0.1466,-18.8605
frustrated,0.2823,0.5085,0.4514,-9.5249
frustrated,0.1727,0.4503,0.0014,-11.6505
frustrated,0.1886,0.5205,0.1207,1.9957
frustrated,0.0821,0.4442,0.1105,-4.5659
frustrated,0.3429,0.4273,0.4021,-5.0867
confused,0.3042,0.3091,0.5016,-17.665
confused,0.3221,0.5395,0.0819,1.0383
confused,0.1064,0.4425,0.5313,1.2209
confused,0.4327,0.3864,0.6105,-4.0017
confused,0.2103,0.6209,0.0652,-0.3573
confused,0.2889,0.3698,0.0149,-28.3543
confused,0.3732,0.419,0.2547,3.3168
confused,0.2952,0.4406,0.1619,-0.561
confused,0.4401,0.4368,0.2441,-4.6288
confused,0.2519,0.4035,0.3571,-28.2097
confused,0.3225,0.4739,0.0012,-7.7743
confused,0.3629,0.5003,0.0334,-6.0165
confused,0.4213,0.5166,0.1453,2.6024
confused,0.3228,0.4708,0.2576,-2.1241
confused,0.3919,0.4357,0.0296,-4.9202
confused,0.4005,0.4877,0.2106,-2.385
confused,0.1442,0.4559,0.3621,22.4476
confused,0.2825,0.3799,0.2818,-2.6214
confused,0.3679,0.6717,0.0132,2.9277
confused,0.414,0.3828,0.2626,7.03
confused,0.3395,0.6036,0.1065,2.8018
confused,0.1003,0.4932,0.1499,0.864
confused,0.3652,0.4083,0.5689,0.3782
confused,0.3005,0.4404,0.1107,-0.9133
confused,0.355,0.4688,0.0683,2.1985
confused,0.4549,0.4331,0.01,-39.7554
confused,0.2225,0.5175,0.0092,4.7555
confused,0.4457,0.4355,0.1998,1.4855
confused,0.2305,0.4538,0.0078,-2.439
confused,0.3816,0.5461,0.0601,-0.8841
confused,0.3321,0.5276,0.0087,-17.8131
confused,0.1631,0.4453,0.2173,2.2428
confused,0.3492,0.4785,0.0322,-6.2359
confused,0.3742,0.4249,0.1066,1.1914
confused,0.0549,0.4173,0.4668,-5.6963
confused,0.3036,0.4884,0.0008,11.4404
confused,0.2375,0.3277,0.8325,-15.9993
confused,0.3338,0.5883,0.3158,6.8277
confused,0.0582,0.5607,0.0164,2.5517
confused,0.3661,0.4063,0.2288,-14.4713
confused,0.3397,0.3841,0.2403,-0.6114
confused,0.25,0.5285,0.009,2.7975
confused,0.2335,0.4991,0.0073,-1.3151
confused,0.254,0.4268,0.7497,-16.8456
confused,0.4133,0.4576,0.5491,0.0817
confused,0.1134,0.321,0.5916,5.5799
confused,0.4246,0.7674,0.0099,0.5269
confused,0.0919,0.2752,0.8537,13.6109
confused,0.0683,0.4729,0.0422,1.6538
confused,0.3596,0.5348,0.0084,0.4422
confused,0.3973,0.3602,0.0357,12.2711
confused,0.3717,0.4298,0.0767,-0.097
confused,0.4188,0.4176,0.4102,-0.8913
confused,0.4777,0.3675,0.2592,-2.0016
confused,0.4346,0.4771,0.304,0.4732
confused,0.3933,0.433,0.0242,2.8043
confused,0.3262,0.3529,0.0133,-36.8024
confused,0.4183,0.3792,0.4845,3.0731
confused,0.3571,0.3818,0.6424,3.2735
confused,0.3366,0.7234,0.0129,4.1316
confused,0.4084,0.5628,0.2459,6.6217
confused,0.3667,0.4382,0.0263,2.7392
confused,0.3341,0.6707,0.0196,-1.719
confused,0.3313,0.4949,0.0788,9.6106
confused,0.1356,0.4622,0.0965,-21.9359
confused,0.2992,0.4579,0.0064,-1.2173
confused,0.4459,0.6208,0.5946,-3.2884
confused,0.3162,0.446,0.0986,8.349
confused,0.4106,0.535,0.021,-0.5883
confused,0.2928,0.4369,0.4453,3.7371
confused,0.367,0.4193,0.1345,-22.8972
confused,0.3786,0.4265,0.2982,9.5702
confused,0.3585,0.5141,0.2309,-1.4652
confused,0.4319,0.3179,0.1395,9.9791
confused,0.3976,0.3759,0.6167,9.499
confused,0.3744,0.6118,0.32,-7.6467
confused,0.3701,0.3973,0.297,-3.4377
confused,0.3842,0.4244,0.0125,-5.3376
confused,0.1488,0.4693,0.1601,1.5609
confused,0.3789,0.4527,0.0664,1.9294
confused,0.0327,0.3893,0.0446,19.2177
confused,0.3666,0.4099,0.0518,2.1336
confused,0.221,0.435,0.45,0.2511
confused,0.3264,0.3927,0.0264,-3.6389
confused,0.3711,0.4679,0.1981,-1.3624
confused,0.3496,0.4203,0.8035,-19.8831
confused,0.3627,0.4186,0.6633,-1.7981
confused,0.2092,0.4385,0.0129,-10.7829
confused,0.2303,0.5371,0.0146,-5.9889
confused,0.2716,0.4206,0.0789,-11.9997
confused,0.3731,0.4934,0.5222,-3.3763
confused,0.394,0.3419,0.1235,2.701
confused,0.282,0.4487,0.4972,-2.7921
confused,0.3396,0.4776,0.0122,-4.3571
confused,0.4459,0.6208,0.5946,-3.2884
confused,0.3384,0.4265,0.0368,0.5807
confused,0.3793,0.492,0.1682,2.596
confused,0.2385,0.439,0.3105,-2.1254
confused,0.3971,0.4907,0.2546,-9.117
confused,0.3415,0.5267,0.0827,4.3157
confused,0.1501,0.4826,0.3221,-5.3687
confused,0.4135,0.4794,0.195,5.1057
confused,0.4267,0.425,0.0668,-0.1019
confused,0.3483,0.485,0.0146,-0.2385
confused,0.3217,0.4977,0.0111,-1.0361
confused,0.3083,0.4113,0.0168,-1.5555
confused,0.3027,0.3364,0.1761,0.0435
confused,0.41,0.4262,0.6597,-0.6909
confused,0.4537,0.4245,0.073,-0.6519
confused,0.3427,0.51,0.166,4.1032
confused,0.3114,0.3518,0.0105,10.4591
confused,0.3855,0.5596,0.0223,0.7746
confused,0.4165,0.4712,0.2,-7.7288
confused,0.388,0.5085,0.1724,1.0063
confused,0.0612,0.4911,0.0047,-31.1768
confused,0.3863,0.5044,0.067,-3.7298
confused,0.291,0.5272,0.1138,0.6958
confused,0.0397,0.4984,0.3476,-5.5445
confused,0.3315,0.4735,0.4132,-15.9826
confused,0.3802,0.5488,0.028,-8.4498
confused,0.3658,0.45,0.2515,4.5904
confused,0.3587,0.4019,0.0071,16.483
confused,0.1688,0.4866,0.2124,8.2628
confused,0.3636,0.58,0.1117,0.1072
confused,0.1044,0.412,0.2295,0.5459
confused,0.266,0.6172,0.1312,-22.6427
confused,0.2897,0.3487,0.1695,-18.3693
confused,0.466,0.3536,0.4181,0.2423
confused,0.0827,0.554,0.0116,3.8192
confused,0.4032,0.479,0.0047,-1.0066
confused,0.3246,0.5338,0.3985,-21.0214
confused,0.3498,0.5155,0.0769,-4.9826
confused,0.313,0.5324,0.0433,11.1587
confused,0.4203,0.4051,0.3281,9.0285
confused,0.4699,0.4858,0.0115,-1.7256
confused,0.3699,0.3661,0.3386,3.8998
confused,0.1222,0.295,0.0928,3.3246
confused,0.4148,0.6064,0.2246,-5.1808
confused,0.3394,0.5828,0.032,-0.0913
confused,0.0905,0.4636,0.0014,13.9083
confused,0.3439,0.4161,0.5011,-20.3448
confused,0.4226,0.518,0.2894,-5.0374
confused,0.1924,0.5875,0.008,-10.4533
confused,0.4707,0.4068,0.0796,-9.3463
confused,0.4337,0.4198,0.4901,0.7892
confused,0.2635,0.3839,0.0434,-11.0309
confused,0.2543,0.4892,0.289,-27.7214
confused,0.2897,0.3861,0.6647,-0.0434
confused,0.368,0.4416,0.5908,10.0358
confused,0.1608,0.4632,0.1451,-12.6731
confused,0.0447,0.4428,0.0187,-0.9158
confused,0.2935,0.3326,0.0215,-22.3973
confused,0.2241,0.4511,0.6009,-19.6454
confused,0.4421,0.4265,0.0997,0.4885
confused,0.3535,0.3377,0.0456,-33.8122
confused,0.3835,0.3551,0.7426,-4.1816
confused,0.4275,0.5548,0.1959,-4.8694
confused,0.0489,0.5645,0.0697,3.9919
confused,0.2547,0.4936,0.0313,-32.6512
confused,0.3902,0.4466,0.3557,0.1176
confused,0.2943,0.5166,0.0155,0.9749
confused,0.2934,0.6046,0.0389,-5.3075
confused,0.3039,0.5417,0.0451,3.3457
confused,0.4557,0.4058,0.2992,-2.2834
confused,0.4767,0.4112,0.3508,-0.3699
confused,0.2617,0.3665,0.0829,-3.4586
confused,0.2603,0.3299,0.1565,-18.5932
confused,0.3465,0.5163,0.0586,-1.2282
confused,0.4229,0.3833,0.6449,3.5554
confused,0.4153,0.4251,0.0132,-10.7373
confused,0.2705,0.4193,0.368,4.9311
confused,0.4016,0.4522,0.1058,-6.7577
confused,0.3974,0.4058,0.0386,-6.4348
confused,0.1387,0.3783,0.4782,-6.3104
confused,0.4154,0.5841,0.1648,-8.7764
confused,0.1133,0.5317,0.3075,-0.2026
confused,0.3144,0.4523,0.0171,9.9311
confused,0.2403,0.4164,0.0065,7.9948
confused,0.4273,0.4814,0.0346,1.8998
confused,0.4008,0.4936,0.2749,0.0474
confused,0.3441,0.4753,0.0069,2.5979
confused,0.4825,0.4452,0.8672,0.254
confused,0.188,0.4042,0.0267,2.3416
confused,0.1279,0.4019,0.3456,-20.7937
confused,0.4084,0.5628,0.2459,6.6217
confused,0.0212,0.4302,0.4478,1.6306
confused,0.3529,0.332,0.482,0.367
confused,0.3294,0.5127,0.0342,-33.4964
confused,0.5904,0.3827,0.46,0.6257
confused,0.3793,0.5437,0.0188,-19.7897
confused,0.181,0.5735,0.4261,-5.7842
confused,0.4922,0.4074,0.3578,1.4083
confused,0.2752,0.4198,0.0071,4.4585
confused,0.4161,0.4235,0.2064,1.9229
confused,0.4652,0.4794,0.2842,-2.6571
confused,0.49,0.3862,0.0206,-0.0854
confused,0.0498,0.4068,0.4244,9.3563
confused,0.2773,0.4293,0.5464,-0.1681
confused,0.1604,0.4285,0.2972,-2.215
confused,0.4717,0.4331,0.0094,-9.5153
confused,0.3184,0.4859,0.0041,23.1534
confused,0.0262,0.5693,0.0005,-2.5038
confused,0.3959,0.5383,0.5237,5.3374
confused,0.3817,0.544,0.0319,-2.2592
confused,0.3982,0.4132,0.0569,41.2845
confused,0.4675,0.4382,0.441,-0.1447
confused,0.3081,0.4142,0.0097,2.8433
confused,0.356,0.3429,0.104,8.3176
confused,0.4122,0.4838,0.1404,13.5699
confused,0.3309,0.3438,0.0316,9.964
confused,0.3083,0.5003,0.0157,-21.3522
confused,0.0607,0.4978,0.0021,-4.0396
confused,0.3004,0.4169,0.0049,6.884
confused,0.2059,0.3544,0.5646,-3.8055
confused,0.3741,0.3697,0.0445,-1.975
confused,0.3507,0.4293,0.5046,-0.7018
confused,0.074,0.4935,0.0659,-16.6306
confused,0.423,0.3543,0.2212,-1.1341
confused,0.4127,0.4834,0.1819,-1.4549
confused,0.3466,0.572,0.0301,28.9736
confused,0.0514,0.4861,0.1107,6.0203
confused,0.3324,0.4872,0.0108,-0.1935
confused,0.3197,0.4967,0.3097,16.3076
confused,0.2966,0.338,0.0171,4.3162
confused,0.4309,0.3912,0.1447,-2.3591
confused,0.3584,0.4162,0.034,-2.6083
confused,0.3943,0.4478,0.0505,-6.718
confused,0.0539,0.4312,0.0106,3.5564
confused,0.4213,0.5535,0.0075,-1.3252
confused,0.0709,0.4235,0.4773,0.5031
confused,0.2725,0.4052,0.2387,-4.7008
confused,0.0275,0.5099,0.0799,-5.1022
confused,0.4528,0.3982,0.0556,-23.8209
confused,0.3497,0.3428,0.751,5.4343
confused,0.4018,0.2516,0.4147,3.2995
confused,0.0556,0.4563,0.063,1.9296
confused,0.0652,0.5043,0.0213,-2.2285
confused,0.1064,0.414,0.4853,-0.9031
confused,0.4144,0.4567,0.4463,-5.0117
confused,0.2951,0.3199,0.1984,-13.7583
confused,0.3027,0.4235,0.1176,-7.2696
confused,0.4364,0.4398,0.2241,5.3137
confused,0.3607,0.3996,0.0122,-0.5757
confused,0.4627,0.4188,0.4354,0.6883
confused,0.4442,0.46,0.0307,-0.1114
confused,0.0173,0.4496,0.0126,-1.9167
confused,0.1824,0.4936,0.3002,-1.7142
confused,0.4108,0.3867,0.695,7.9808
confused,0.3877,0.4966,0.2614,-1.644
confused,0.2892,0.1705,0.3721,-15.2843
confused,0.2611,0.4299,0.0798,-2.2917
confused,0.2327,0.254,0.1235,5.5523
confused,0.076,0.6313,0.0071,-3.5185
confused,0.2489,0.4446,0.2512,1.9638
confused,0.3847,0.396,0.0557,1.0127
confused,0.2303,0.2946,0.0265,4.6839
confused,0.336,0.5473,0.0184,0.0685
confused,0.3296,0.4522,0.0232,2.7598
confused,0.3677,0.4231,0.1066,-3.5737
confused,0.3131,0.4249,0.1467,0.0886
confused,0.3653,0.3223,0.6736,-6.3881
confused,0.0819,0.3536,0.7468,-4.1684
confused,0.3071,0.4235,0.1321,3.8134
confused,0.35,0.3176,0.2361,-0.9961
confused,0.3761,0.4176,0.1877,0.7497
confused,0.3762,0.5109,0.0743,15.8767
confused,0.2675,0.3787,0.3083,4.8797
confused,0.3423,0.4518,0.1525,1.5678
confused,0.3274,0.5983,0.3132,5.6976
confused,0.1277,0.3934,0.5914,-6.4372
confused,0.5198,0.2898,0.0284,30.0892
confused,0.3789,0.426,0.6703,-25.8806
confused,0.2198,0.5802,0.0043,-10.4004
confused,0.3202,0.5202,0.026,-3.1059
confused,0.4231,0.4661,0.164,5.4011
confused,0.349,0.4716,0.1784,-2.9066
confused,0.3436,0.5046,0.0229,-1.96
confused,0.3371,0.4097,0.1169,-1.82
confused,0.3515,0.4811,0.2739,-0.1823
confused,0.341,0.4127,0.0452,-3.264
confused,0.1893,0.5211,0.3074,-3.4128
confused,0.2955,0.5281,0.1527,-4.9601
confused,0.403,0.4503,0.0073,0.4747
confused,0.2731,0.4264,0.0525,-3.9491
confused,0.0403,0.4907,0.1561,19.8653
confused,0.3615,0.4083,0.0504,10.1285
confused,0.34,0.4542,0.0352,1.6204
confused,0.197,0.4311,0.0037,-10.4914
confused,0.1855,0.3111,0.3687,7.4341
confused,0.2654,0.4105,0.0185,-12.9423
confused,0.4091,0.4851,0.3672,-7.9956
confused,0.3924,0.3859,0.3126,0.1679
confused,0.0435,0.4288,0.5034,4.0588
confused,0.3821,0.4784,0.3093,-8.7932
confused,0.4576,0.4454,0.4385,2.4233
confused,0.4158,0.4877,0.4131,-1.3332
confused,0.1957,0.428,0.3737,-4.2561
confused,0.4385,0.4217,0.1587,8.1415
confused,0.3845,0.4429,0.0064,0.2896
confused,0.4249,0.4986,0.0086,-11.8309
confused,0.3259,0.3614,0.0956,-7.6201
confused,0.2178,0.3739,0.0225,28.769
confused,0.0625,0.5512,0.0172,-3.4462
confused,0.3878,0.3853,0.1352,4.9039
confused,0.1624,0.4121,0.0682,-8.0472
confused,0.4116,0.4737,0.0188,2.2843
confused,0.4575,0.5099,0.2074,-5.4643
confused,0.3614,0.3477,0.1954,2.808
confused,0.3752,0.5008,0.0064,-6.0819
confused,0.3493,0.4538,0.5743,-12.8192
confused,0.2338,0.5848,0.4807,-2.6441
confused,0.4131,0.5183,0.0074,0.2603
confused,0.3856,0.4314,0.1133,12.86
confused,0.4316,0.4589,0.1907,2.2715
confused,0.0442,0.4338,0.4118,0.2362
confused,0.4284,0.3849,1.1405,-1.715
confused,0.2847,0.4157,0.2894,-8.514
confused,0.4219,0.2488,0.2404,6.1679
confused,0.3156,0.38,0.033,14.6736
confused,0.2977,0.4904,0.0433,-1.8472
confused,0.3028,0.4387,0.0402,-3.068
confused,0.2511,0.4321,0.0388,-2.2505
confused,0.2566,0.1643,0.0116,-33.6591
confused,0.3408,0.4387,0.1606,11.144
confused,0.3618,0.6166,0.0134,3.8009
confused,0.1742,0.3853,0.1522,-3.087
confused,0.2538,0.5685,0.384,4.9106
confused,0.3614,0.4635,0.3063,0.3252
confused,0.422,0.5001,0.655,-1.7318
confused,0.4058,0.4672,0.217,2.7116
confused,0.2009,0.4715,0.0326,-5.6585
confused,0.1941,0.2879,0.0212,31.5574
confused,0.3552,0.2865,0.2068,-4.6239
confused,0.3168,0.4225,0.3957,3.2606
confused,0.0677,0.5216,0.0167,-2.343
confused,0.2601,0.3463,0.9824,-3.8997
confused,0.3204,0.5118,0.2164,3.6512
confused,0.2992,0.2999,0.2062,-2.848
confused,0.1266,0.5399,0.0636,10.6993
confused,0.3116,0.3524,0.6024,-15.8218
confused,0.1003,0.5691,0.0043,6.277
confused,0.3786,0.4947,0.3668,4.2093
confused,0.1478,0.4755,0.4551,1.0963
confused,0.2972,0.3905,0.2637,0.1818
confused,0.4042,0.566,0.2802,-1.302
confused,0.3255,0.5754,0.0342,5.4676
confused,0.2347,0.4991,0.5656,-19.3977
confused,0.2863,0.3829,0.0271,26.3108
confused,0.387,0.5561,0.6997,21.1422
confused,0.2587,0.4523,0.6119,-3.1839
confused,0.0266,0.4677,0.0162,1.2257
confused,0.21,0.4971,0.2757,6.9393
confused,0.4114,0.3589,0.0211,-2.1115
confused,0.32,0.4192,0.2692,-2.8736
confused,0.3855,0.4905,0.1174,-2.6419
confused,0.3561,0.4646,0.4641,-3.373
confused,0.0798,0.5497,0.0048,1.3939
confused,0.2601,0.4988,0.0204,0.7898
confused,0.1172,0.4187,0.1886,1.0285
confused,0.2891,0.4557,0.281,-3.7805
confused,0.3084,0.3977,0.4065,28.2294
confused,0.4101,0.5024,0.021,2.192
confused,0.3833,0.43,0.1314,5.875
confused,0.4622,0.5086,0.0121,-2.972
confused,0.3941,0.4498,0.1124,0.7482
confused,0.3297,0.526,0.0046,-0.7839
confused,0.4529,0.6236,0.6358,-3.1804
confused,0.3317,0.503,0.0325,-1.421
confused,0.3333,0.3932,0.1562,-15.2865
confused,0.3569,0.4612,0.6129,1.1021
confused,0.4242,0.4854,0.0252,-1.1127
confused,0.4497,0.4231,0.4359,2.3374
confused,0.4885,0.4684,0.3441,-2.13
confused,0.4283,0.4583,0.3154,2.3674
confused,0.3097,0.3754,0.5845,-2.3972
confused,0.0753,0.4444,0.0139,-3.3325
confused,0.3842,0.4237,0.4809,0.5883
confused,0.3447,0.3044,0.0773,-61.2716
confused,0.3959,0.3638,0.2032,3.3499
confused,0.3874,0.5615,0.4863,-6.3895
confused,0.3342,0.4949,0.0201,-5.3426
confused,0.3523,0.4622,0.6188,-0.8411
confused,0.4536,0.4298,0.0248,17.3934
confused,0.1452,0.362,0.3882,-7.9636
confused,0.4127,0.4516,0.1948,1.0359
confused,0.3139,0.4532,0.1446,5.1171
confused,0.0776,0.3285,0.2303,-1.5908
confused,0.3473,0.3895,0.1673,4.7988
confused,0.2066,0.417,0.0791,23.7007
confused,0.2546,0.5803,0.0163,3.6877
confused,0.5198,0.3143,0.0146,-21.71
confused,0.4529,0.6236,0.6358,-3.1804
confused,0.4335,0.4778,0.7382,-24.9584
confused,0.4038,0.5524,0.0033,5.6663
confused,0.378,0.3864,0.5571,4.5479
confused,0.4206,0.4688,0.0272,5.9182
confused,0.4202,0.4254,0.1698,-1.7241
confused,0.0352,0.4952,0.0821,-6.342
confused,0.3412,0.4103,0.5724,-0.0947
confused,0.3149,0.4449,0.2091,1.4061
confused,0.0532,0.4874,0.3128,1.4517
confused,0.3975,0.5124,0.0018,-7.8518
confused,0.2554,0.4212,0.1277,2.73
confused,0.0605,0.4072,0.0062,-25.3032
confused,0.4014,0.6835,0.0642,-6.4491
confused,0.2648,0.4329,0.1405,0.1386
confused,0.0338,0.477,0.5954,-1.8114
confused,0.4553,0.3827,0.4481,9.5708
confused,0.1272,0.4053,0.1732,-0.0825
confused,0.0436,0.4769,0.1959,-1.7106
confused,0.4345,0.5332,0.3429,6.1148
confused,0.3784,0.5276,0.0073,-2.9675
confused,0.3532,0.2496,0.0854,38.0551
confused,0.3575,0.4152,0.067,18.7775
confused,0.3234,0.485,0.0958,-1.862
confused,0.2349,0.4507,0.4086,-0.7816
confused,0.2294,0.3002,0.2746,-1.7044
confused,0.2448,0.3226,0.1367,7.6654
confused,0.3379,0.5286,0.029,3.6357
confused,0.0686,0.5284,0.01,11.9602
confused,0.3215,0.4648,0.4193,-7.557
confused,0.0219,0.3519,0.2238,-17.0272
confused,0.3268,0.4162,0.3725,-11.4756
confused,0.0793,0.3927,0.3471,5.2981
confused,0.275,0.4099,0.0069,1.267
confused,0.3483,0.4357,0.1892,-7.4338
confused,0.3355,0.4266,0.2174,-9.2604
confused,0.2659,0.4537,0.4154,-4.6015
confused,0.2481,0.4211,0.0641,3.7893
confused,0.3864,0.4647,0.1015,-14.0917
confused,0.4178,0.4642,0.3299,8.6284
confused,0.3836,0.4307,0.2517,-1.6185
confused,0.1952,0.4812,0.0104,-4.3164
confused,0.374,0.4346,0.2443,3.1832
confused,0.355,0.452,0.0027,0.1797
confused,0.2493,0.4228,0.1162,-17.5388
confused,0.0611,0.6059,0.0154,-3.8051
confused,0.391,0.4371,0.2827,-2.4236
confused,0.3194,0.3679,0.598,7.1841
confused,0.0339,0.4602,0.4977,0.4642
confused,0.3716,0.4705,0.0259,-0.1219
confused,0.3396,0.502,0.0149,-3.8228
confused,0.3803,0.4407,0.2794,0.6711
confused,0.397,0.4266,0.6441,-2.4372
confused,0.0322,0.4269,0.5288,0.3655
confused,0.3505,0.3917,0.0748,-0.5916
confused,0.01,0.4619,0.4314,0.7424
confused,0.1012,0.355,0.2778,-23.9179
confused,0.2642,0.6336,0.0515,-9.9379
confused,0.2832,0.5127,0.1225,0.0969
confused,0.3649,0.3174,0.1329,-2.4326
confused,0.3271,0.35,0.7032,-2.054
confused,0.3347,0.4137,0.129,1.1851
confused,0.3186,0.4251,0.2125,6.0549
confused,0.3412,0.5003,0.1239,0.9201
confused,0.4274,0.4626,0.0632,2.5472
confused,0.3076,0.5142,0.4524,6.8442
confused,0.4579,0.5738,0.0037,-1.5293
confused,0.3604,0.4552,0.5029,4.2787
confused,0.3725,0.4611,0.3011,-1.8434
confused,0.3451,0.4365,0.5195,0.1203
confused,0.398,0.4905,0.2525,-0.5727
confused,0.3514,0.5217,0.0282,1.5804
confused,0.2884,0.5592,0.8294,0.2438
confused,0.3411,0.3869,0.0243,12.6608
confused,0.376,0.5102,0.0595,18.3084
confused,0.2813,0.4127,0.0083,20.1944
confused,0.37,0.4636,0.0203,-2.278
confused,0.3394,0.3633,0.1514,8.8747
confused,0.3505,0.4396,0.0365,-3.7699
confused,0.3675,0.3964,0.4161,-0.1399
confused,0.3303,0.4243,0.0048,-3.8379
confused,0.4468,0.4331,0.0244,-3.7972
confused,0.3759,0.5015,0.1263,13.0177
confused,0.0763,0.4772,0.036,-21.5209
confused,0.1099,0.4334,0.185,-3.6133
confused,0.3434,0.4716,0.2832,1.5244
confused,0.3483,0.4002,0.0178,-3.1597
confused,0.3437,0.4856,0.2406,-0.8305
confused,0.3413,0.4438,0.2361,-1.0399
confused,0.1056,0.3735,0.0043,-6.1248
confused,0.1238,0.4406,0.3989,4.8948
confused,0.2849,0.352,0.1584,24.524
confused,0.3676,0.443,0.0329,-1.6402
confused,0.4392,0.4434,0.3064,1.4859
confused,0.4468,0.5006,0.1901,-4.1583
confused,0.4577,0.4074,0.0823,2.8883
confused,0.3832,0.4517,0.2786,-3.4033
confused,0.2357,0.5365,0.1441,39.0914
confused,0.4409,0.3971,0.5165,-2.4572
confused,0.2262,0.5415,0.126,5.3524
confused,0.4985,0.3834,0.3263,1.6772
confused,0.341,0.3368,0.317,-0.1205
confused,0.0651,0.4203,0.3436,-0.7534
confused,0.2879,0.4757,0.1067,-4.6247
confused,0.3584,0.4735,0.0282,1.5652
confused,0.2662,0.5187,0.5067,1.0975
confused,0.1739,0.2749,0.5718,4.2959
confused,0.409,0.3996,0.2559,-0.3745
confused,0.4108,0.387,0.2047,0.996
confused,0.3923,0.4921,0.0922,-1.6509
confused,0.0451,0.4624,0.5389,1.7688
confused,0.0644,0.7035,0.0149,1.0216
confused,0.1212,0.463,0.7062,-0.9643
confused,0.342,0.4446,0.0103,-8.6427
confused,0.386,0.4714,0.0572,-0.943
confused,0.3783,0.5778,0.0108,3.4594
confused,0.0411,0.5299,0.0083,-0.8143
confused,0.0938,0.5398,0.0519,-1.4237
confused,0.2664,0.3164,0.6387,24.2608
confused,0.2849,0.3719,0.0699,3.493
confused,0.4765,0.4697,0.0038,0.7186
confused,0.2831,0.4728,0.1659,1.3483
confused,0.3356,0.5172,0.0119,-0.6098
confused,0.452,0.5348,0.2044,-0.9935
confused,0.3479,0.4541,0.1312,-25.266
confused,0.0346,0.4208,0.0108,0.6118
confused,0.2481,0.3968,0.0866,-28.4335
confused,0.4165,0.5139,0.0232,-1.1686
confused,0.1259,0.3901,0.0141,-1.6252
confused,0.2639,0.4574,0.0095,-1.8584
confused,0.0692,0.4559,0.1946,-8.049
confused,0.3293,0.4454,0.0331,-0.4612
confused,0.2715,0.3827,0.7651,-6.6669
confused,0.3185,0.3851,0.2514,-2.4678
confused,0.1288,0.3921,0.1079,-26.5089
confused,0.3202,0.4427,0.6679,-14.812
confused,0.2068,0.4103,0.088,-2.7472
confused,0.4949,0.3371,0.1135,0.6946
confused,0.2977,0.3536,0.0846,-27.6233
confused,0.3622,0.508,0.2449,-9.6363
confused,0.3311,0.414,0.3166,-16.9071
confused,0.3384,0.3536,0.6059,0.86
confused,0.3482,0.4235,0.0702,-11.8454
confused,0.2541,0.3104,0.4596,-6.2988
confused,0.0143,0.3685,0.4612,-8.6783
confused,0.3762,0.6221,0.3526,0.4924
confused,0.3912,0.4766,0.3919,-2.4332
confused,0.2308,0.3682,0.0401,-8.7529
confused,0.2038,0.3935,0.13,-7.5988
confused,0.2651,0.4691,0.0039,-10.4974
confused,0.3005,0.3661,0.1294,-9.1058
confused,0.3311,0.4797,0.073,1.218
confused,0.3726,0.3751,0.2932,0.2823
confused,0.427,0.4401,0.3235,-7.4889
confused,0.4901,0.4955,0.0226,-3.494
confused,0.411,0.5679,0.0574,-2.2257
confused,0.3523,0.4167,0.2115,-15.6742
confused,0.0399,0.524,0.157,-3.2303
confused,0.3884,0.3287,0.6294,2.3582
confused,0.3578,0.3534,0.1402,2.3133
confused,0.3658,0.4472,0.3111,10.7258
confused,0.2035,0.3697,0.4119,-4.8243
confused,0.4639,0.5106,0.2977,-2.4279
confused,0.2422,0.4409,0.0301,32.7015
confused,0.4137,0.3469,0.401,-3.8452
confused,0.4252,0.445,0.2795,-8.2616
confused,0.0371,0.4769,0.0894,-22.7396
confused,0.2868,0.5045,0.0222,-8.8409
confused,0.0537,0.4258,0.3988,-0.4823
confused,0.331,0.3639,0.4829,-1.2448
confused,0.2437,0.3767,0.0369,26.4314
confused,0.0484,0.4212,0.0153,0.6631
confused,0.3588,0.5944,0.5293,-4.6663
confused,0.2214,0.4038,0.033,-5.2258
confused,0.3304,0.478,0.0165,-2.4367
confused,0.4595,0.4706,0.3237,-4.4564
confused,0.3561,0.4067,0.023,-0.9694
confused,0.3992,0.4408,0.0236,-2.7877
confused,0.3224,0.509,0.1633,8.072
confused,0.1069,0.4491,0.0422,-0.9362
confused,0.384,0.4904,0.013,3.9107
confused,0.3356,0.342,0.0052,-18.0711
confused,0.3704,0.3693,0.1006,-3.7587
confused,0.378,0.5386,0.2094,-2.9002
confused,0.4433,0.4862,0.02,0.176
confused,0.2467,0.4867,0.0128,-0.5168
confused,0.4454,0.408,0.0285,-9.9636
confused,0.4148,0.5936,0.0476,-15.3549
confused,0.3751,0.5668,0.0587,-3.3179
confused,0.4049,0.4255,0.2066,0.3368
confused,0.3279,0.4296,0.0863,0.1542
confused,0.3847,0.4927,0.1204,-1.6227
confused,0.3686,0.5004,0.4972,-0.8607
confused,0.0566,0.3284,0.7443,13.2941
confused,0.0263,0.4513,0.0406,-1.5608
confused,0.2576,0.4352,0.0043,-1.8177
confused,0.1836,0.2557,0.52,-4.5519
confused,0.3627,0.439,0.6669,-1.2476
confused,0.244,0.3792,0.0256,12.4992
confused,0.3832,0.6042,0.05,-1.5903
confused,0.3025,0.2858,0.7647,9.7912
confused,0.1603,0.3855,0.045,-8.3665
confused,0.0721,0.5902,0.0155,5.4456
confused,0.1202,0.5669,0.1851,2.356
confused,0.4741,0.6039,0.0375,-0.3924
confused,0.2986,0.4757,0.0128,0.6441
confused,0.2655,0.5561,0.0253,-0.676
confused,0.2322,0.3214,0.1357,-5.1719
confused,0.3715,0.5204,0.126,8.0787
confused,0.1208,0.4362,0.0557,3.2286
confused,0.0597,0.4445,0.0554,4.3432
confused,0.4905,0.372,0.9442,-3.8705
confused,0.2367,0.4607,0.1554,-1.5541
confused,0.2925,0.5326,0.1511,1.3964
confused,0.191,0.4688,0.026,-1.304
confused,0.4115,0.4854,0.0647,-1.5884
confused,0.289,0.412,0.0476,-1.2243
confused,0.0638,0.4026,0.0057,3.2497
confused,0.4417,0.4367,0.3629,-1.1308
confused,0.0878,0.3858,0.1198,-9.9098
confused,0.1076,0.5955,0.0463,-12.9307
confused,0.397,0.4462,0.4587,-1.0383
confused,0.0382,0.4435,0.0676,2.4779
confused,0.3988,0.4409,0.0472,13.4143
confused,0.2913,0.3065,0.5653,-15.5746
confused,0.4001,0.5255,0.1004,-13.3515
confused,0.0638,0.5209,0.0223,-2.0812
confused,0.3648,0.5147,0.0062,-13.8366
confused,0.4537,0.4245,0.073,-0.6519
confused,0.1078,0.4348,0.0288,-11.4411
confused,0.2751,0.4233,0.0689,0.6767
confused,0.4218,0.4659,0.7716,-27.6962
confused,0.4427,0.3425,0.7599,-49.0618
confused,0.3983,0.6244,0.0642,1.6561
confused,0.1355,0.4354,0.0194,6.052
confused,0.0578,0.4493,0.0108,0.194
confused,0.4145,0.5102,0.0038,-1.0582
confused,0.3521,0.4049,0.3411,-0.6265
confused,0.1581,0.4549,0.5703,-3.2593
confused,0.2308,0.3939,0.1598,-1.6886
confused,0.3523,0.3831,0.01,17.0252
confused,0.445,0.5161,0.2488,3.4823
confused,0.4174,0.4809,0.0447,0.3307
confused,0.3623,0.5162,0.4686,-5.7642
confused,0.4187,0.4127,0.4055,1.3878
confused,0.1585,0.3421,0.0416,0.7114
confused,0.3057,0.4286,0.3198,6.7024
confused,0.3542,0.4055,0.3987,-0.6708
confused,0.4202,0.4373,0.1795,-15.3121
confused,0.2402,0.4338,0.0612,-15.1516
confused,0.3946,0.4984,0.3464,-0.3067
confused,0.2708,0.4608,0.0098,7.8067
confused,0.1069,0.3502,0.2809,-10.9474
confused,0.2106,0.3803,0.0482,-10.3163
confused,0.268,0.3577,0.9461,-7.557
confused,0.1294,0.4777,0.1326,2.8975
confused,0.2949,0.4311,0.2154,7.9369
confused,0.3964,0.4491,0.5782,2.2516
confused,0.4017,0.355,0.2571,3.9087
confused,0.455,0.4953,0.541,-2.1551
confused,0.3049,0.4956,0.0629,1.1572
confused,0.1186,0.4346,0.2638,-3.3434
confused,0.2334,0.4004,0.0251,4.0574
confused,0.3587,0.4364,0.0231,12.6513
confused,0.3221,0.47,0.4011,3.308
confused,0.1561,0.4208,0.3398,1.9938
confused,0.4931,0.3666,0.0153,-10.6998
confused,0.3092,0.3881,0.0122,-13.9241
confused,0.3463,0.6234,0.269,-0.4589
confused,0.2843,0.4238,0.0362,8.8651
confused,0.3687,0.4064,0.5523,3.9338
confused,0.3669,0.4726,0.1666,-0.5596
confused,0.318,0.4035,0.3597,1.4987
confused,0.2699,0.0965,0.0539,43.3318
confused,0.4142,0.4144,0.0861,1.1263
confused,0.3879,0.5095,0.0138,8.9317
confused,0.3501,0.4384,0.0244,-2.0991
confused,0.3138,0.4192,0.0125,-1.2505
confused,0.3622,0.5474,0.0385,3.1453
confused,0.3283,0.4342,0.026,1.5116
confused,0.3734,0.3109,0.029,31.871
confused,0.3596,0.4109,0.0662,38.9475
confused,0.4428,0.4495,0.2217,0.4961
confused,0.2765,0.4217,1.0561,-23.3701
confused,0.1858,0.3068,0.0027,-6.8166
confused,0.3298,0.4292,0.1067,-2.1998
confused,0.3235,0.3511,0.691,18.1533
confused,0.3993,0.574,0.0191,-5.1639
confused,0.238,0.4562,0.0326,-1.1673
confused,0.1608,0.4175,0.021,-8.8899
confused,0.3428,0.4317,0.2464,1.0657
confused,0.4888,0.435,1.0096,-11.2632
confused,0.2104,0.2755,0.0221,26.7089
confused,0.155,0.4915,0.0054,-11.0782
confused,0.3793,0.492,0.1682,2.596
confused,0.3906,0.3041,0.1388,24.1256
confused,0.3147,0.4333,0.2004,-7.1047
confused,0.3077,0.3809,0.1816,-1.7078
confused,0.3937,0.5088,0.0247,-29.2973
confused,0.0779,0.3745,0.051,2.323
confused,0.3905,0.4232,0.5683,9.9819
confused,0.3734,0.4172,0.2455,7.9708
confused,0.3949,0.5085,0.0515,-5.5867
confused,0.3856,0.4933,0.0417,-0.446
confused,0.4007,0.4385,0.0242,2.7319
confused,0.3287,0.4173,0.2358,-3.927
confused,0.3476,0.3302,0.1263,5.1158
confused,0.4307,0.5428,0.016,0.3818
confused,0.2018,0.3933,0.0461,-32.9648
confused,0.0707,0.4686,0.0145,13.6532
confused,0.2969,0.3872,0.1349,5.086
confused,0.3839,0.5032,0.0784,-5.1565
confused,0.3588,0.6148,0.2321,-0.1006
confused,0.1582,0.4682,0.3992,0.2847
confused,0.408,0.4116,0.036,-1.8392
confused,0.3995,0.5257,0.3619,-3.6639
confused,0.3092,0.4055,0.0407,-1.58
confused,0.1081,0.4598,0.0114,-1.852
confused,0.3037,0.5414,0.2912,-10.6327
confused,0.176,0.6551,0.0075,1.6792
confused,0.3651,0.5338,0.2353,-11.4778
confused,0.3594,0.3219,0.0974,-37.6059
confused,0.3558,0.3546,0.4318,-31.0681
confused,0.4272,0.4217,0.0288,0.0189
confused,0.2813,0.5064,0.3338,0.2933
confused,0.3952,0.3957,0.4721,2.62
confused,0.2778,0.5549,0.0236,13.2296
confused,0.4781,0.2913,1.1648,1.3747
confused,0.0405,0.5878,0.011,-30.0605
confused,0.3831,0.5165,0.2296,-0.4787
confused,0.3295,0.4034,0.537,1.5287
confused,0.3278,0.3107,0.0095,-7.9774
confused,0.0885,0.5355,0.1211,-0.9328
confused,0.4063,0.4834,0.2013,-14.1754
confused,0.3542,0.2901,0.036,41.1042
confused,0.3863,0.4988,0.0471,-0.338
confused,0.2102,0.4947,0.0061,-0.4231
confused,0.4441,0.4636,0.0982,-1.8049
confused,0.2585,0.3085,0.3819,-5.2797
confused,0.0645,0.4413,0.0098,-13.425
confused,0.1278,0.46,0.0848,-2.3031
confused,0.0363,0.5152,0.0115,3.2344
confused,0.1347,0.4616,0.0391,-30.3636
confused,0.3807,0.5435,0.0116,1.8363
confused,0.3799,0.5208,0.4939,0.3217
confused,0.3153,0.4233,0.4481,-4.6364
confused,0.2646,0.4251,0.2506,5.7951
confused,0.2799,0.3998,0.0023,11.0113
confused,0.3453,0.3809,0.7119,-28.3097
confused,0.3742,0.4348,0.0172,3.2845
confused,0.336,0.312,0.0119,-1.0668
confused,0.3934,0.4854,0.4684,0.163
confused,0.3839,0.498,0.1055,3.1118
confused,0.1496,0.4438,0.0884,11.1834
confused,0.3593,0.4302,0.0309,-1.4312
confused,0.3011,0.4559,0.1121,-7.7475
confused,0.3344,0.4414,0.0656,-7.7592
confused,0.0544,0.4686,0.0051,-3.9716
confused,0.3706,0.3835,0.0521,12.1654
confused,0.3007,0.4218,0.1636,6.7113
confused,0.2021,0.5759,0.0034,0.9495
confused,0.0853,0.362,0.0083,9.0687
confused,0.396,0.458,0.4136,-6.8922
confused,0.2259,0.4132,0.5203,3.2818
confused,0.2709,0.423,0.2844,2.6596
confused,0.2408,0.4302,0.1518,0.7901
confused,0.2558,0.4168,0.0158,-19.8037
confused,0.3495,0.4437,0.0094,12.5486
confused,0.3389,0.4948,0.3061,3.1259
confused,0.1981,0.4487,0.2481,2.8744
confused,0.3725,0.4709,0.123,-3.392
confused,0.3961,0.4199,0.3461,1.7468
confused,0.3494,0.4312,0.1169,17.3012
confused,0.4144,0.5907,0.0081,3.8602
confused,0.3413,0.3974,0.2127,2.1252
confused,0.3841,0.401,0.0302,0.8655
confused,0.1438,0.5321,0.0217,13.118
confused,0.361,0.4025,0.015,-7.9429
confused,0.2691,0.4628,0.1431,-0.2844
confused,0.4212,0.51,0.2136,-11.4208
confused,0.0681,0.4982,0.0298,-1.5706
confused,0.3289,0.3576,0.028,3.1592
confused,0.4118,0.6812,0.1814,0.8489
confused,0.112,0.5151,0.0034,3.4037
confused,0.1932,0.5035,0.2246,-29.4035
confused,0.5059,0.4513,0.1312,-12.9035
confused,0.1897,0.418,0.0099,1.7234
confused,0.4042,0.3437,0.4933,4.1219
confused,0.3858,0.4787,0.5191,-2.5225
confused,0.4061,0.5307,0.0343,3.3312
confused,0.0644,0.4638,0.008,10.7634
confused,0.4512,0.3655,0.2401,-16.2742
confused,0.0238,0.4105,0.3462,-0.0091
confused,0.3598,0.4584,0.2881,0.4403
confused,0.4651,0.4406,0.187,-1.1142
confused,0.3448,0.3985,0.6635,-5.7152
confused,0.351,0.3791,0.1042,-3.0243
confused,0.1294,0.41,0.0377,-5.0303
confused,0.3747,0.3657,0.7187,-1.888
confused,0.4075,0.358,0.7973,6.6928
confused,0.3429,0.3991,0.1616,14.5012
confused,0.3672,0.3954,0.007,5.422
confused,0.423,0.4532,0.0345,-8.0217
confused,0.3999,0.4184,0.2866,-0.9911
confused,0.3952,0.5905,0.0175,-15.4773
confused,0.4409,0.3971,0.5165,-2.4572
confused,0.5107,0.2961,0.1162,29.1455
confused,0.3523,0.3831,0.01,17.0252
confused,0.1066,0.5782,0.0014,-9.576
confused,0.3456,0.502,0.2739,3.8806
confused,0.3884,0.5456,0.3899,0.2456
confused,0.3578,0.3426,0.2867,8.943
confused,0.3844,0.5214,0.0075,14.0797
confused,0.3733,0.5814,0.1559,-3.3674
confused,0.3218,0.5701,0.0607,1.2154
confused,0.4431,0.2869,0.072,-35.5467
confused,0.4652,0.5225,0.0059,-1.7743
confused,0.3339,0.3972,0.026,35.1399
confused,0.3123,0.3794,0.5866,14.2164
confused,0.4039,0.5123,0.1288,-8.5894
confused,0.2287,0.4855,0.3409,0.2135
confused,0.3817,0.4142,0.1837,-13.523
confused,0.2194,0.5237,0.3546,-3.2151
confused,0.3995,0.3997,0.0018,-7.563
confused,0.1179,0.4945,0.5131,2.552
confused,0.4445,0.5071,0.3258,8.9339
confused,0.4483,0.3635,0.0811,-8.6733
confused,0.3855,0.4207,0.3944,0.4053
confused,0.3575,0.4647,0.1127,1.9271
confused,0.202,0.3544,0.1621,4.88
confused,0.0866,0.4968,0.053,-6.1613
confused,0.2636,0.5589,0.1612,4.1325
confused,0.2624,0.577,0.0209,-4.5586
confused,0.408,0.5456,0.1071,-0.3522
confused,0.3012,0.3651,0.1433,5.6826
confused,0.3312,0.5914,0.1472,-9.0392
confused,0.2792,0.4442,0.0125,-1.3809
confused,0.3481,0.4933,0.0052,-3.1022
confused,0.2897,0.4717,0.172,-4.3121
confused,0.3603,0.4531,0.3729,0.25
confused,0.3002,0.5302,0.033,-8.4308
confused,0.368,0.4319,0.0087,-0.2968
confused,0.0523,0.443,0.2352,-9.7683
confused,0.3598,0.4584,0.2881,0.4403
confused,0.1412,0.397,0.102,-21.7136
confused,0.4461,0.4255,0.1166,13.1833
confused,0.3807,0.4762,0.0243,6.8555
confused,0.4375,0.5401,0.0695,-2.5478
confused,0.1126,0.44,0.005,1.4514
confused,0.3776,0.4941,0.0972,1.2477
confused,0.3584,0.4627,0.3489,0.0631
confused,0.3324,0.4779,0.6265,-1.6179
confused,0.3153,0.4233,0.4481,-4.6364
confused,0.3385,0.4479,0.4076,3.0319
confused,0.0547,0.5264,0.0096,2.8726
confused,0.3429,0.3991,0.1616,14.5012
confused,0.0333,0.6561,0.0097,1.4028
confused,0.3414,0.4998,0.0192,3.4498
confused,0.2229,0.4303,0.0054,-13.8388
confused,0.0992,0.4237,0.0235,-2.2464
confused,0.3157,0.4067,0.2754,1.6021
confused,0.426,0.495,0.156,21.5448
confused,0.3851,0.4743,0.1746,-7.8431
confused,0.3448,0.6276,0.0518,2.415
confused,0.3442,0.414,0.0848,5.2203
confused,0.022,0.4414,0.066,3.4516
confused,0.1456,0.3701,0.1543,-1.1187
confused,0.4683,0.4675,0.4485,-0.6173
confused,0.1608,0.3747,0.0409,0.689
confused,0.0316,0.5844,0.0143,3.4586
confused,0.2922,0.4577,0.0216,-3.0548
confused,0.4226,0.4077,0.1943,8.5891
confused,0.2903,0.3751,0.1188,2.6077
confused,0.2923,0.528,0.0122,1.4978
focused,0.2742,0.4694,0.0589,-5.2181
focused,0.1651,0.3156,0.1318,9.6726
focused,0.3472,0.4645,0.455,-2.1392
focused,0.1718,0.4346,0.3205,-10.5487
focused,0.3067,0.4188,0.2404,-12.4572
focused,0.1984,0.5154,0.2302,-5.9259
focused,0.0625,0.5262,0.3235,-28.863
focused,0.1688,0.3541,0.1318,-40.39
focused,0.2495,0.338,0.2227,5.0429
focused,0.4877,0.4033,0.1543,-0.282
focused,0.2236,0.4624,0.1827,6.9698
focused,0.2608,0.4347,0.1495,-1.8836
focused,0.3396,0.4753,0.1252,23.0691
focused,0.2636,0.3054,0.3002,21.6047
focused,0.3052,0.4197,0.1875,9.076
focused,0.2015,0.4811,0.1346,-1.3852
focused,0.2454,0.2892,0.1933,11.1926
focused,0.2511,0.4111,0.1328,-6.081
focused,0.3562,0.4667,0.0287,-2.4744
focused,0.3383,0.4988,0.1839,11.4753
focused,0.2125,0.3983,0.1457,-5.0581
focused,0.1432,0.3575,0.0211,4.0576
focused,0.3164,0.5403,0.0248,-21.3268
focused,0.2499,0.4186,0.2996,-2.5742
focused,0.2813,0.4384,0.1927,-6.8151
focused,0.155,0.4056,0.0725,4.6111
focused,0.3214,0.3028,0.1787,-19.2401
focused,0.0753,0.4369,0.274,-7.2703
focused,0.2689,0.5948,0.1141,20.3744
focused,0.2981,0.434,0.1289,-6.7778
focused,0.2027,0.3807,0.5048,-0.2736
focused,0.2166,0.462,0.1701,2.8209
focused,0.3726,0.5391,0.1667,-1.575
focused,0.3173,0.4307,0.179,0.0412
focused,0.2641,0.4119,0.1389,-1.0656
focused,0.2637,0.4367,0.2888,13.4729
focused,0.1865,0.3332,0.188,-6.7069
focused,0.294,0.4126,0.2837,-6.1547
focused,0.2828,0.4344,0.325,5.789
focused,0.2129,0.3417,0.2835,-18.3064
focused,0.3677,0.5177,0.2093,6.1141
focused,0.2922,0.4692,0.1403,0.827
focused,0.1309,0.4673,0.2612,1.3918
focused,0.2621,0.4498,0.2436,3.5759
focused,0.266,0.492,0.2558,-0.4956
focused,0.163,0.4289,0.1301,3.9949
focused,0.4479,0.6045,0.2472,-7.0937
focused,0.3497,0.5268,0.2093,-46.4112
focused,0.3372,0.3798,0.1216,3.1915
focused,0.2807,0.2728,0.2048,-11.3746
focused,0.2503,0.4302,0.1794,4.703
focused,0.2593,0.4811,0.253,4.6772
focused,0.345,0.4388,0.3129,9.2546
focused,0.2456,0.4025,0.3148,0.9095
focused,0.3345,0.4542,0.2684,-4.2945
focused,0.3654,0.4176,0.2285,-20.9463
focused,0.3979,0.3838,0.0123,1.6473
focused,0.2772,0.3663,0.3161,9.3069
focused,0.2457,0.4237,0.1603,-10.3779
focused,0.3632,0.3956,0.3129,-1.6425
focused,0.275,0.4865,0.2013,19.3356
focused,0.3022,0.3705,0.02,1.4149
focused,0.2848,0.3556,0.1557,8.1771
focused,0.2628,0.4384,0.1843,-12.4499
focused,0.2908,0.4754,0.255,4.607
focused,0.359,0.4272,0.0632,18.4384
focused,0.3658,0.4814,0.0801,5.845
focused,0.2733,0.379,0.1632,4.8186
focused,0.2587,0.4349,0.1348,13.1646
focused,0.3132,0.362,0.0088,1.5154
focused,0.4038,0.3395,0.0841,-0.9192
focused,0.2595,0.5148,0.0971,-0.4255
focused,0.3961,0.4482,0.0946,-6.4983
focused,0.3489,0.4345,0.2239,-7.8036
focused,0.2281,0.4918,0.2175,6.8217
focused,0.3633,0.5266,0.1993,-2.3982
focused,0.1157,0.4802,0.524,0.1396
focused,0.2875,0.3885,0.1094,1.1699
focused,0.2971,0.3452,0.0726,5.0767
focused,0.3795,0.5839,0.1336,-24.251
focused,0.1729,0.4757,0.2538,-6.0946
focused,0.3275,0.462,0.0295,-10.7864
focused,0.2149,0.3908,0.1711,1.5669
focused,0.2659,0.3777,0.1086,-5.5259
focused,0.186,0.3652,0.2578,4.343
focused,0.2901,0.316,0.0244,2.0523
focused,0.0717,0.3647,0.1535,-4.2327
focused,0.4263,0.4326,0.2788,11.679
focused,0.2274,0.472,0.3317,-10.9614
focused,0.3714,0.4616,0.2296,7.7726
focused,0.218,0.3653,0.183,-11.4615
focused,0.2441,0.3507,0.1072,4.8145
focused,0.3226,0.4478,0.3807,30.3707
focused,0.342,0.5203,0.0134,-12.5395
focused,0.2596,0.4419,0.2959,11.8607
focused,0.1914,0.3584,0.4351,0.1617
focused,0.1126,0.2626,0.0336,-12.112
focused,0.312,0.4553,0.3909,-49.751
focused,0.2528,0.4518,0.0776,-8.4288
focused,0.3089,0.3956,0.1209,-9.6011
focused,0.2973,0.4606,0.1403,0.3094
focused,0.0613,0.4447,0.2473,1.6824
focused,0.2755,0.4728,0.2693,4.0612
focused,0.1175,0.3783,0.0562,5.5285
focused,0.4319,0.5096,0.0138,3.03
focused,0.1463,0.45,0.2782,-11.5521
focused,0.2519,0.412,0.121,2.6344
focused,0.3336,0.3545,0.005,-16.5076
focused,0.1644,0.6014,0.008,5.6341
focused,0.2561,0.419,0.2214,8.2851
focused,0.2516,0.3253,0.2029,3.0785
focused,0.2517,0.2778,0.3906,4.7762
focused,0.3493,0.3848,0.1964,-13.1977
focused,0.3952,0.4876,0.2788,-2.2856
focused,0.4077,0.4,0.2657,34.4283
focused,0.3643,0.4878,0.2006,-9.1881
focused,0.2008,0.4769,0.0385,7.5449
focused,0.321,0.3394,0.1464,14.3886
focused,0.3666,0.6813,0.006,4.705
focused,0.2058,0.3981,0.1784,-5.7082
focused,0.4,0.5157,0.0212,-6.4193
focused,0.2814,0.4555,0.2143,7.4397
focused,0.2371,0.3561,0.1199,3.8604
focused,0.321,0.5441,0.206,7.2242
focused,0.3257,0.5045,0.0206,0.8273
focused,0.2419,0.4313,0.1973,-12.3143
focused,0.0698,0.4651,0.3276,1.7262
focused,0.2928,0.6602,0.2506,4.3543
focused,0.394,0.4391,0.2176,-11.5264
focused,0.3178,0.4775,0.3227,0.8574
focused,0.0663,0.388,0.3168,-4.3076
focused,0.2334,0.4195,0.1094,-23.3497
focused,0.3181,0.3797,0.2763,-9.751
focused,0.2869,0.3938,0.2552,16.5789
focused,0.4036,0.4793,0.6178,-2.6596
focused,0.3822,0.3815,0.0133,13.4797
focused,0.2835,0.4686,0.0609,-1.5405
focused,0.1378,0.3585,0.3747,-0.0233
focused,0.3639,0.4344,0.2323,3.9756
focused,0.3117,0.4613,0.1075,-1.6093
focused,0.2866,0.461,0.0891,1.0322
focused,0.1651,0.4127,0.2614,-5.3735
focused,0.1843,0.418,0.3561,18.4798
focused,0.2999,0.4122,0.1032,-1.4485
focused,0.3278,0.5048,0.0024,3.0636
focused,0.2212,0.4129,0.145,0.4129
focused,0.362,0.4824,0.0116,-8.5058
focused,0.3788,0.4624,0.1234,-0.7611
focused,0.3058,0.4955,0.1819,-2.9986
focused,0.3241,0.3869,0.1733,-0.3218
focused,0.1008,0.4669,0.223,0.9213
focused,0.2786,0.519,0.1014,3.412
focused,0.3419,0.485,0.4908,-1.794
focused,0.3129,0.4738,0.3607,-0.0415
focused,0.3597,0.4244,0.1151,3.3746
focused,0.309,0.4993,0.1622,-7.6219
focused,0.3456,0.4549,0.3656,0.6052
focused,0.3784,0.4502,0.3137,-4.6309
focused,0.341,0.4366,0.1556,-2.1529
focused,0.3303,0.5097,0.251,-42.9875
focused,0.1417,0.576,0.1974,-3.906
focused,0.3344,0.4624,0.1629,3.1707
focused,0.2735,0.5029,0.1703,1.3108
focused,0.2863,0.5078,0.1485,-16.0537
focused,0.2471,0.4881,0.1681,5.0494
focused,0.2236,0.4979,0.0268,4.0509
focused,0.3564,0.5257,0.0364,-3.9441
focused,0.1133,0.3753,0.1513,2.3767
focused,0.4124,0.4378,0.0228,-20.6563
focused,0.3058,0.4291,0.4044,-5.4513
focused,0.308,0.5697,0.573,2.3946
focused,0.3602,0.5455,0.1277,0.0144
focused,0.1616,0.2706,0.5895,-6.0079
focused,0.3587,0.474,0.0353,42.801
focused,0.3891,0.5054,0.1148,-5.3834
focused,0.3888,0.4987,0.1992,0.1491
focused,0.3064,0.2707,0.4208,37.8276
focused,0.2534,0.2872,0.1847,0.353
focused,0.2659,0.3448,0.2932,-14.8795
focused,0.3664,0.4387,0.1696,-3.5615
focused,0.1322,0.335,0.4968,-6.1388
focused,0.3826,0.5902,0.1182,-23.2263
focused,0.3928,0.4292,0.3737,-4.667
focused,0.1214,0.4079,0.0214,4.6104
focused,0.2718,0.3737,0.0948,20.3561
focused,0.3304,0.3739,0.4036,-1.4964
focused,0.2012,0.4243,0.0466,6.8549
focused,0.3681,0.4768,0.211,-19.387
focused,0.2641,0.4295,0.2189,1.458
focused,0.3553,0.4641,0.1641,2.153
focused,0.3345,0.3508,0.745,-8.201
focused,0.291,0.4757,0.2099,5.1087
focused,0.4021,0.3514,0.3083,1.4031
focused,0.2635,0.3999,0.2693,0.6402
focused,0.2834,0.3718,0.0153,1.6391
focused,0.3669,0.477,0.0332,18.4406
focused,0.205,0.4541,0.1647,-0.5932
focused,0.3775,0.3337,0.0424,-54.1831
focused,0.3857,0.5065,0.0427,2.934
focused,0.2052,0.4353,0.1987,-8.5195
focused,0.353,0.3896,0.0156,31.2076
focused,0.3737,0.5065,0.0958,-2.9144
focused,0.2284,0.3511,0.4419,4.7017
focused,0.2115,0.4013,0.3908,0.0397
focused,0.2401,0.3563,0.3099,12.7291
focused,0.412,0.5168,0.4619,5.8291
focused,0.3045,0.452,0.1722,-4.8371
focused,0.3112,0.4478,0.2519,-12.4072
focused,0.1675,0.5112,0.3006,-1.6593
focused,0.163,0.4806,0.0994,16.5431
focused,0.1531,0.4277,0.2395,7.7984
focused,0.2554,0.425,0.4064,2.9389
focused,0.3657,0.4138,0.0295,3.79
focused,0.3062,0.4568,0.1638,-4.0046
focused,0.2382,0.4464,0.2449,-0.5952
focused,0.226,0.492,0.2469,-0.668
focused,0.1614,0.3313,0.1772,-5.4634
focused,0.213,0.4406,0.2346,-2.398
focused,0.3253,0.3755,0.1771,3.7597
focused,0.2971,0.4852,0.1279,9.7509
focused,0.0902,0.4627,0.1764,-0.9735
focused,0.2987,0.4777,0.1574,-2.1916
focused,0.3719,0.4366,0.2129,-1.1794
focused,0.1237,0.2902,0.2698,-47.6811
focused,0.2792,0.461,0.4259,-9.7758
focused,0.0574,0.518,0.0592,5.9242
focused,0.2809,0.4639,0.0175,-3.4248
focused,0.3823,0.3802,0.486,-12.5576
focused,0.1438,0.3824,0.3166,61.3105
focused,0.2466,0.3302,0.4384,-4.9016
focused,0.2979,0.5017,0.1436,-12.2556
focused,0.2064,0.4295,0.0949,0.6463
focused,0.2141,0.3014,0.2765,46.8307
focused,0.1713,0.3591,0.207,-19.7654
focused,0.3752,0.4151,0.5292,-11.6773
focused,0.1786,0.321,0.194,-0.7535
focused,0.1819,0.5184,0.2697,-8.0768
focused,0.2956,0.5256,0.2485,14.0677
focused,0.3163,0.4737,0.2245,11.5959
focused,0.2171,0.4264,0.0728,-2.6902
focused,0.2788,0.4479,0.2022,-7.5512
focused,0.243,0.3103,0.1779,-4.4875
focused,0.3936,0.5021,0.2453,1.4347
focused,0.2956,0.466,0.3355,-0.0053
focused,0.3506,0.6032,0.0094,14.3828
focused,0.1732,0.4048,0.1502,2.569
focused,0.4419,0.3586,0.5524,-16.1888
focused,0.2786,0.5541,0.0849,0.2133
focused,0.4288,0.4232,0.1772,6.0233
focused,0.3113,0.4576,0.1091,2.9752
focused,0.3026,0.4652,0.1136,-1.4257
focused,0.1397,0.418,0.0274,17.8251
focused,0.276,0.3994,0.0936,0.1664
focused,0.3202,0.3336,0.3243,-2.0852
focused,0.276,0.4711,0.005,-0.1247
focused,0.3476,0.471,0.2436,0.1347
focused,0.3212,0.4441,0.2876,-1.2709
focused,0.2261,0.4599,0.1592,-2.7536
focused,0.2463,0.3641,0.2565,-4.6808
focused,0.2589,0.3345,0.2047,-10.2974
focused,0.2927,0.3407,0.02,2.8087
focused,0.2076,0.3536,0.0898,16.3183
focused,0.3484,0.5645,0.098,-1.3675
focused,0.1781,0.3778,0.2734,-11.202
focused,0.2599,0.4357,0.2517,22.8189
focused,0.3243,0.5742,0.1893,10.1274
focused,0.3274,0.4337,0.0074,-10.4785
focused,0.2932,0.5573,0.1368,18.017
focused,0.3215,0.5503,0.1415,-4.1923
focused,0.4,0.4576,0.2312,3.0096
focused,0.3664,0.437,0.2124,-15.8518
focused,0.2727,0.3921,0.018,1.2202
focused,0.2489,0.3696,0.1241,-17.4068
focused,0.3408,0.4524,0.0457,4.3072
focused,0.3076,0.525,0.1265,0.1216
focused,0.2441,0.3708,0.0656,0.9619
focused,0.2953,0.362,0.6395,-5.2849
focused,0.3362,0.5137,0.0867,-12.4946
focused,0.2505,0.3789,0.2332,21.166
focused,0.204,0.3833,0.2744,1.044
focused,0.2214,0.4575,0.1319,-9.1539
focused,0.3189,0.5327,0.0892,0.9365
focused,0.2927,0.369,0.3778,3.4978
focused,0.2879,0.4068,0.1836,48.8528
focused,0.4361,0.5059,0.0365,8.7149
focused,0.0763,0.5178,0.3172,-3.2373
focused,0.3403,0.4125,0.2043,37.2776
focused,0.1388,0.3461,0.601,-8.7188
focused,0.2347,0.2656,0.1973,-5.8809
focused,0.2089,0.3631,0.1168,-5.1959
focused,0.3617,0.6036,0.2697,20.2324
focused,0.2389,0.2731,0.6895,-18.2634
focused,0.2727,0.4557,0.1285,-1.7707
focused,0.3686,0.4265,0.548,1.8045
focused,0.3514,0.3329,0.2204,-1.0944
focused,0.3535,0.4124,0.2863,-11.6744
focused,0.2889,0.3287,0.2487,2.0576
focused,0.3039,0.4627,0.1746,10.1012
focused,0.2934,0.4884,0.2961,-6.6417
focused,0.245,0.2854,0.2282,-2.1967
focused,0.0616,0.4481,0.3776,-8.4041
focused,0.1542,0.4069,0.2184,-0.7113
focused,0.2449,0.47,0.2014,-11.1275
focused,0.2101,0.4316,0.6358,15.1314
focused,0.2773,0.4689,0.1608,-13.5839
focused,0.1552,0.306,0.151,-3.9244
focused,0.2474,0.4271,0.1854,-4.2303
focused,0.3113,0.4671,0.1673,1.4845
focused,0.1888,0.447,0.2822,-6.5751
focused,0.3522,0.4755,0.0166,4.5577
focused,0.3431,0.4983,0.1869,7.7355
focused,0.276,0.4575,0.2687,16.2208
focused,0.3135,0.3404,0.2353,-0.3853
focused,0.0527,0.4673,0.1546,4.3418
focused,0.2198,0.3913,0.1679,1.0972
focused,0.3689,0.484,0.4127,-11.3081
focused,0.3282,0.5587,0.1707,-13.2089
focused,0.17,0.3743,0.3303,27.3114
focused,0.2399,0.4606,0.2312,-4.8959
focused,0.2755,0.2885,0.5751,-15.8099
focused,0.2538,0.394,0.1614,10.1081
focused,0.0607,0.41,0.4274,1.6912
focused,0.1735,0.316,0.0197,-19.6862
focused,0.3378,0.5691,0.1861,7.5396
focused,0.1591,0.4911,0.0115,-1.9813
focused,0.3067,0.4345,0.1307,-10.5602
focused,0.147,0.3075,0.3523,-4.5799
focused,0.3526,0.4616,0.1405,-12.7653
focused,0.1884,0.4339,0.3173,1.523
focused,0.1305,0.4142,0.0359,29.8431
focused,0.3111,0.3538,0.3043,0.9993
focused,0.2982,0.5034,0.1795,0.453
focused,0.3133,0.4222,0.0951,-6.1705
focused,0.28,0.3641,0.4853,4.3801
focused,0.2656,0.4657,0.2184,-11.398
focused,0.2754,0.3249,0.1838,-4.9123
focused,0.2734,0.3342,0.2705,-1.9105
focused,0.2897,0.39,0.2275,0.7549
focused,0.2768,0.2656,0.3617,38.0596
focused,0.2755,0.3123,0.0423,-10.8414
focused,0.2697,0.4594,0.2216,4.3543
focused,0.2876,0.4652,0.0776,-1.5357
focused,0.2742,0.4694,0.0813,8.6131
focused,0.2749,0.3898,0.2272,3.0986
focused,0.2995,0.4322,0.2257,-4.0636
focused,0.1134,0.2976,0.3603,-15.8465
focused,0.2271,0.4103,0.1626,0.588
focused,0.2517,0.4377,0.2496,-6.506
focused,0.3448,0.4492,0.2142,39.386
focused,0.2701,0.565,0.0738,-2.1711
focused,0.408,0.3264,0.3471,-2.6876
focused,0.2149,0.3835,0.2421,2.0604
focused,0.2644,0.466,0.0491,-2.3587
focused,0.1146,0.4349,0.2564,2.6325
focused,0.2554,0.4215,0.1579,-1.2766
focused,0.2497,0.4067,0.2869,-3.0548
focused,0.3237,0.3112,0.3984,-19.7584
focused,0.1387,0.3172,0.3202,-28.3595
focused,0.3578,0.4653,0.1842,-16.3643
focused,0.3359,0.3268,0.3198,15.9899
focused,0.2439,0.4533,0.25,7.6548
focused,0.3189,0.4858,0.0479,-1.6516
focused,0.3374,0.5556,0.2391,-19.8417
focused,0.1253,0.401,0.2473,7.7378
focused,0.2891,0.325,0.2583,2.1276
focused,0.1756,0.4343,0.2994,-0.105
focused,0.285,0.2814,0.2245,5.8357
focused,0.4209,0.55,0.3066,25.0874
focused,0.1457,0.3798,0.7082,-0.9739
focused,0.3298,0.4005,0.257,6.1376
focused,0.2283,0.3887,0.3046,1.6854
focused,0.268,0.4295,0.0364,-3.0735
focused,0.3327,0.3318,0.6044,2.1223
focused,0.2568,0.4108,0.0862,-0.8868
focused,0.3088,0.4809,0.1537,0.6195
focused,0.21,0.4756,0.1521,-2.8566
focused,0.3388,0.4576,0.1655,0.5117
focused,0.3616,0.5009,0.0725,-5.9579
focused,0.2035,0.428,0.2745,5.3919
focused,0.2269,0.516,0.1178,-4.4241
focused,0.2977,0.4824,0.2486,-7.0562
focused,0.1474,0.6115,0.1111,1.7903
focused,0.2565,0.5065,0.21,-4.5616
focused,0.1755,0.4326,0.3792,5.5887
focused,0.1109,0.4321,0.0476,-0.2755
focused,0.3925,0.4683,0.0769,-12.9273
focused,0.2541,0.3371,0.1071,-40.8204
focused,0.4116,0.3648,0.5415,-11.4555
focused,0.2748,0.4752,0.2618,-1.3886
focused,0.2577,0.5137,0.1981,-6.2689
focused,0.27,0.453,0.1966,-0.0822
focused,0.1095,0.3919,0.3295,-4.8436
focused,0.1983,0.4777,0.1801,28.496
focused,0.3785,0.4293,0.3576,28.2315
focused,0.3693,0.4388,0.4286,7.6006
focused,0.3198,0.435,0.2096,-41.2148
focused,0.3265,0.4021,0.1685,-0.2158
focused,0.1796,0.2992,0.0364,-19.3292
focused,0.3378,0.3573,0.043,-1.174
focused,0.3436,0.4156,0.4113,17.1617
focused,0.2631,0.4868,0.1275,-8.2233
focused,0.3198,0.4753,0.1299,2.7409
focused,0.1913,0.438,0.1498,-3.0778
focused,0.2385,0.5276,0.1016,-9.6021
focused,0.3172,0.4367,0.4137,-1.0333
focused,0.3193,0.4412,0.0014,-6.0868
focused,0.0586,0.4428,0.3037,0.335
focused,0.2245,0.3755,0.1722,-0.0002
focused,0.3372,0.4657,0.399,2.0078
focused,0.0748,0.3538,0.5098,10.3543
focused,0.3058,0.431,0.7067,18.9159
focused,0.3574,0.4589,0.3185,-12.6914
focused,0.3422,0.3584,0.2406,-2.776
focused,0.2269,0.4359,0.1216,2.4569
focused,0.3632,0.6071,0.1875,-5.3629
focused,0.4366,0.4275,0.2313,5.3481
focused,0.3154,0.4351,0.2916,6.2446
focused,0.1836,0.4453,0.2178,-4.606
focused,0.21,0.2907,0.3347,-22.3434
focused,0.3239,0.4597,0.111,-6.133
focused,0.3062,0.4078,0.2051,-3.662
focused,0.3082,0.4115,0.1719,28.5668
focused,0.2943,0.486,0.3867,-4.0726
focused,0.3731,0.4176,0.3259,13.4376
focused,0.3011,0.414,0.0228,2.2835
focused,0.1813,0.5181,0.1927,5.2443
focused,0.3748,0.413,0.2097,6.5511
focused,0.223,0.4803,0.4243,-29.1791
focused,0.2354,0.4776,0.3693,-44.5375
focused,0.2035,0.3068,0.5142,-50.721
focused,0.31,0.4454,0.0112,-3.3467
focused,0.4297,0.7503,0.0114,15.6411
focused,0.2134,0.4225,0.2183,15.9082
focused,0.2715,0.4454,0.1761,0.2815
focused,0.326,0.4293,0.1093,-1.4375
focused,0.3404,0.4238,0.2712,-8.9533
focused,0.3551,0.5926,0.0767,-0.7599
focused,0.2862,0.3082,0.3032,6.3128
focused,0.2569,0.4798,0.4142,-3.294
focused,0.1877,0.3429,0.2677,2.0006
focused,0.2304,0.502,0.2205,13.0873
focused,0.0691,0.2708,0.2592,-6.4406
focused,0.3008,0.4903,0.0577,10.5455
focused,0.2986,0.4282,0.4311,-3.0435
focused,0.3258,0.4527,0.0085,0.6867
focused,0.2415,0.3596,0.2865,3.2157
focused,0.2268,0.3869,0.1324,-2.3259
focused,0.2547,0.4285,0.2016,-22.5886
focused,0.3186,0.4145,0.0105,-13.5152
focused,0.2078,0.421,0.4387,-1.8333
focused,0.3372,0.605,0.013,4.2342
focused,0.4283,0.5059,0.0398,-8.1099
focused,0.2381,0.4869,0.2798,11.2719
focused,0.3306,0.4409,0.6502,-2.4741
focused,0.2638,0.3065,0.0715,-3.1915
focused,0.1757,0.408,0.394,0.1401
focused,0.2654,0.4843,0.1702,1.6233
focused,0.1889,0.3393,0.156,-11.6063
focused,0.3214,0.4248,0.5796,-5.1381
focused,0.2694,0.4134,0.2124,-3.5276
focused,0.3066,0.3823,0.3094,-17.1807
focused,0.2894,0.3851,0.2292,-22.5892
focused,0.2174,0.4154,0.1235,4.8839
focused,0.3778,0.6028,0.0899,15.8618
focused,0.3625,0.5815,0.0832,-19.321
focused,0.2165,0.4417,0.3716,-3.1834
focused,0.235,0.4072,0.2846,12.6418
focused,0.3708,0.4832,0.2456,6.3074
focused,0.2212,0.4245,0.3472,8.438
focused,0.2026,0.447,0.0266,-11.4957
focused,0.3507,0.2533,0.9897,-26.6206
focused,0.261,0.5015,0.2053,-19.9925
focused,0.3167,0.4098,0.2856,0.6274
focused,0.3431,0.4258,0.8129,1.0405
focused,0.1349,0.3858,0.2055,-0.3348
focused,0.1864,0.5101,0.0127,-5.7543
focused,0.3614,0.4141,0.6123,2.6852
focused,0.1612,0.3571,0.1533,7.69
focused,0.298,0.4319,0.1751,4.9277
focused,0.2374,0.4122,0.2444,12.9967
focused,0.2555,0.3666,0.139,-7.3093
focused,0.3072,0.4407,0.0216,6.5359
focused,0.2492,0.4116,0.7338,-5.8687
focused,0.1563,0.279,0.774,-0.5275
focused,0.3307,0.6204,0.1821,-4.345
focused,0.3173,0.2703,0.0982,5.4472
focused,0.1295,0.4264,0.2086,13.2627
focused,0.1871,0.4487,0.0424,0.3898
focused,0.2121,0.4386,0.1475,-4.0221
focused,0.3064,0.3766,0.3958,10.9036
focused,0.3656,0.4703,0.0514,5.9099
focused,0.156,0.3355,0.6032,-26.8681
focused,0.2302,0.4579,0.1406,-1.6364
focused,0.3858,0.3509,0.587,-0.2671
focused,0.1715,0.3673,0.1575,10.8214
focused,0.3581,0.3138,0.2645,6.5359
focused,0.2076,0.4557,0.1301,5.095
focused,0.309,0.5056,0.0093,-4.1265
focused,0.3275,0.3387,0.264,5.2275
focused,0.4521,0.4584,0.6497,-4.2379
focused,0.3774,0.6498,0.4686,-1.0795
focused,0.3056,0.4558,0.3377,28.0444
focused,0.157,0.4536,0.1646,13.0624
focused,0.2618,0.4259,0.1475,3.8452
focused,0.1704,0.4104,0.1776,4.3853
focused,0.2025,0.4185,0.1699,-12.9698
focused,0.196,0.4566,0.0881,1.0617
focused,0.3826,0.4425,0.2096,-4.91
focused,0.1488,0.2869,0.2199,-3.9642
focused,0.1477,0.4199,0.1579,6.8117
focused,0.2432,0.5306,0.1422,-21.1502
focused,0.1962,0.3344,0.2249,-1.9887
focused,0.1052,0.3149,0.457,2.066
focused,0.3731,0.5512,0.1008,14.5845
focused,0.1667,0.4032,0.1743,4.5627
focused,0.3373,0.5644,0.0085,6.6357
focused,0.2923,0.368,0.1196,-3.4755
focused,0.4195,0.3586,0.0507,25.6074
focused,0.1934,0.4312,0.1739,-15.2669
focused,0.2907,0.4591,0.1959,-18.9119
focused,0.0612,0.3133,0.2232,3.5642
focused,0.302,0.4669,0.1923,-12.5719
focused,0.3118,0.5467,0.1869,-12.3584
focused,0.3164,0.4597,0.2387,-13.4972
focused,0.0926,0.3398,0.6855,-49.4899
focused,0.1423,0.2876,0.3606,-0.5359
focused,0.3589,0.4416,0.1954,0.2068
focused,0.3904,0.3306,0.1641,-11.3286
focused,0.372,0.3368,0.0161,-3.6271
focused,0.3,0.4407,0.2061,5.844
focused,0.3135,0.5465,0.0165,-1.6193
focused,0.2811,0.4105,0.2574,10.6788
focused,0.2068,0.4928,0.1692,8.0531
focused,0.1872,0.4088,0.2723,-14.6241
focused,0.2282,0.3615,0.2359,-2.9901
focused,0.2614,0.3343,0.1852,0.8359
focused,0.2716,0.4605,0.1614,5.5991
focused,0.394,0.377,0.1862,-5.2907
focused,0.2103,0.4431,0.3101,13.9081
focused,0.2673,0.5739,0.3419,-7.1435
focused,0.2292,0.4925,0.3715,17.4486
focused,0.3216,0.2754,0.2341,2.6807
focused,0.1394,0.486,0.1271,-11.4592
focused,0.3093,0.5038,0.0119,-13.482
focused,0.2936,0.4274,0.4744,2.3133
focused,0.3517,0.4793,0.003,2.0505
focused,0.3175,0.3872,0.4949,0.8502
focused,0.1918,0.4629,0.2334,-3.3794
focused,0.287,0.346,0.1842,0.5431
focused,0.4536,0.4366,0.3715,-3.1234
focused,0.3442,0.5503,0.0034,4.0055
focused,0.3999,0.529,0.1474,20.4532
focused,0.142,0.5166,0.2483,-3.3032
focused,0.1759,0.4723,0.027,0.3898
focused,0.1853,0.3933,0.0825,6.4613
focused,0.3964,0.4542,0.1963,-0.5452
focused,0.3304,0.3705,0.0232,8.775
focused,0.2897,0.4231,0.1307,-14.6879
focused,0.3024,0.426,0.2459,-2.6288
focused,0.272,0.4414,0.1804,-11.3078
focused,0.2372,0.3954,0.1248,-0.475
focused,0.319,0.3092,0.2439,-0.4828
focused,0.3108,0.46,0.1051,2.5559
focused,0.3411,0.7135,0.0067,-11.6198
focused,0.3635,0.4702,0.2742,-12.1243
focused,0.5455,0.3106,0.4274,-35.2176
focused,0.137,0.4623,0.2658,0.7375
focused,0.4221,0.3319,0.1253,-0.1431
focused,0.2287,0.4885,0.3028,7.0491
focused,0.0811,0.4152,0.69,-8.4723
focused,0.2795,0.4694,0.2352,0.2267
focused,0.3192,0.5063,0.0679,-1.1651
focused,0.388,0.459,0.1522,4.025
focused,0.0647,0.4415,0.124,11.4231
focused,0.0947,0.4454,0.0104,0.0436
focused,0.1344,0.3461,0.1845,-8.4792
focused,0.0866,0.4185,0.2322,-6.839
focused,0.323,0.455,0.264,-10.0072
focused,0.1987,0.3649,0.329,-8.6086
focused,0.2742,0.3217,0.0896,5.9077
focused,0.3851,0.5515,0.0415,0.7148
focused,0.2386,0.3889,0.3231,0.2885
focused,0.4125,0.4478,0.2081,9.9548
focused,0.3084,0.4288,0.0045,13.0841
focused,0.3962,0.3855,0.4909,-3.8187
focused,0.1222,0.374,0.1745,1.6476
focused,0.3833,0.4666,0.276,2.158
focused,0.3693,0.4256,0.2173,-2.0792
focused,0.2757,0.3348,0.0274,-6.6622
focused,0.3294,0.5121,0.1079,-6.4269
focused,0.2312,0.4543,0.14,1.0769
focused,0.3583,0.5003,0.1127,40.9738
focused,0.1723,0.3752,0.1894,31.9163
focused,0.2285,0.3996,0.1834,0.5843
focused,0.0574,0.4556,0.4447,-11.0313
focused,0.2913,0.4638,0.1341,1.302
focused,0.1444,0.3606,0.2851,-8.823
focused,0.2773,0.5653,0.0131,12.934
focused,0.2795,0.4315,0.1845,1.7179
focused,0.2885,0.4731,0.2199,8.3295
focused,0.0454,0.3599,0.2125,-4.9517
focused,0.2939,0.4902,0.2112,-10.4333
focused,0.2813,0.414,0.2123,-2.3475
focused,0.1264,0.2778,0.6833,-17.9361
focused,0.268,0.3513,0.2495,-3.6412
focused,0.3923,0.464,0.3694,-7.0115
focused,0.2274,0.414,0.2329,4.0077
focused,0.2152,0.468,0.1157,19.3208
focused,0.2851,0.4554,0.1344,-2.5851
focused,0.2556,0.3359,0.179,3.1415
focused,0.2746,0.3841,0.283,-4.0132
focused,0.2396,0.296,0.1909,-3.2036
focused,0.2396,0.3569,0.3254,-20.0135
focused,0.2742,0.5179,0.1714,0.6366
focused,0.2671,0.338,0.2291,-20.7584
focused,0.2207,0.4329,0.3899,-27.212
focused,0.2225,0.3826,0.2872,-19.0477
focused,0.4106,0.3183,0.0081,25.0928
focused,0.304,0.4382,0.2067,-21.9937
focused,0.3361,0.4416,0.1698,2.7648
focused,0.2756,0.3611,0.0395,52.0398
focused,0.252,0.5608,0.1476,-5.1555
focused,0.2422,0.3988,0.1095,-15.6589
focused,0.3039,0.5095,0.2943,-4.0606
focused,0.1752,0.4024,0.2497,-1.2966
focused,0.3054,0.6941,0.0089,-2.5816
focused,0.1257,0.372,0.2037,-6.5278
focused,0.2779,0.4257,0.1338,2.2122
focused,0.3374,0.3647,0.1911,1.9874
focused,0.3778,0.4116,0.3374,4.6514
focused,0.2881,0.557,0.1372,4.9546
focused,0.3999,0.5451,0.2647,3.1072
focused,0.2959,0.4674,0.2264,-1.6541
focused,0.3348,0.3958,0.2522,-19.7434
focused,0.1854,0.3534,0.1777,11.0638
focused,0.3295,0.4291,0.1385,-2.788
focused,0.1709,0.2711,0.3501,18.9131
focused,0.3447,0.3362,0.0204,-0.9851
focused,0.338,0.3485,0.286,-2.7771
focused,0.2635,0.3017,0.1175,-4.3008
focused,0.2719,0.4901,0.2736,12.6008
focused,0.2422,0.3988,0.1095,-15.6589
focused,0.2792,0.4487,0.2799,4.5521
focused,0.3521,0.4682,0.0133,9.8198
focused,0.3248,0.4548,0.2408,2.9045
focused,0.2985,0.3605,0.0649,9.3896
focused,0.3766,0.5591,0.3314,17.2349
focused,0.1339,0.3081,0.2686,11.0684
focused,0.1005,0.3612,0.3719,-1.1014
focused,0.1713,0.3633,0.3973,22.2566
focused,0.2696,0.4577,0.2052,-6.4273
focused,0.2932,0.4708,0.161,-10.409
focused,0.3082,0.5568,0.1021,11.4945
focused,0.1275,0.3252,0.1772,5.5856
focused,0.4455,0.4304,0.1045,-2.4318
focused,0.2831,0.382,0.0836,7.0751
focused,0.2138,0.3946,0.298,3.9036
focused,0.3286,0.3615,0.138,-0.4305
focused,0.3674,0.3333,0.2898,40.4926
focused,0.3747,0.5005,0.1745,6.5369
focused,0.2451,0.3803,0.2577,22.2884
focused,0.2903,0.4419,0.6032,-31.0145
focused,0.384,0.5442,0.1774,-11.0332
focused,0.0546,0.3767,0.565,-16.9155
focused,0.3321,0.3776,0.2548,-3.2917
focused,0.2294,0.3531,0.1251,51.9559
focused,0.2614,0.4833,0.0947,1.242
focused,0.4615,0.3956,0.0227,-3.823
focused,0.3429,0.4567,0.199,6.0199
focused,0.2982,0.4737,0.1306,14.8583
focused,0.2254,0.4399,0.0542,12.1721
focused,0.3386,0.4506,0.1954,8.4094
focused,0.0566,0.4252,0.1048,-2.5698
focused,0.3647,0.6061,0.1309,-22.6082
focused,0.3279,0.33,0.3561,-23.146
focused,0.3489,0.4144,0.1667,11.9419
focused,0.3778,0.4524,0.4854,1.8116
focused,0.1192,0.4037,0.1762,0.9524
focused,0.2095,0.3188,0.1761,-20.4607
focused,0.2686,0.3818,0.2466,-3.1648
focused,0.3116,0.4906,0.203,1.5322
focused,0.0778,0.3366,0.3386,11.623
focused,0.0474,0.4906,0.1727,1.5284
focused,0.3017,0.3083,0.227,13.9332
focused,0.3352,0.3236,0.2473,-9.4142
focused,0.3749,0.4823,0.0837,-7.0259
focused,0.3861,0.5169,0.282,-10.1643
focused,0.2812,0.4053,0.2286,14.1978
focused,0.3837,0.3835,0.663,6.4326
focused,0.0522,0.2706,0.0628,42.5612
focused,0.2976,0.4052,0.1821,4.1788
focused,0.2273,0.4513,0.0122,-2.209
focused,0.2797,0.4371,0.119,-5.1072
focused,0.3186,0.4707,0.1377,0.7789
focused,0.2921,0.4548,0.1862,1.7356
focused,0.1073,0.3842,0.1983,8.2015
focused,0.2342,0.4692,0.1706,2.4149
focused,0.2374,0.3956,0.0628,-4.1451
focused,0.273,0.3948,0.7589,29.5627
focused,0.2051,0.4901,0.1087,-2.67
focused,0.2456,0.4725,0.1324,3.1918
focused,0.2919,0.4675,0.3936,-5.7091
focused,0.2011,0.4994,0.4031,-24.0725
focused,0.3674,0.61,0.0186,-9.609
focused,0.1929,0.4088,0.1973,12.1172
focused,0.437,0.486,0.7018,-4.031
focused,0.1686,0.3902,0.373,-14.0391
focused,0.298,0.4568,0.1302,-3.3149
focused,0.3471,0.5298,0.1226,7.9063
focused,0.2949,0.3268,0.1867,-15.6406
focused,0.1897,0.4714,0.0302,41.6619
focused,0.3562,0.4269,0.1395,-37.4055
focused,0.1972,0.4765,0.1596,-29.214
focused,0.1652,0.4321,0.0093,-1.6133
focused,0.1479,0.4638,0.1674,2.918
focused,0.2703,0.4627,0.4247,-7.3709
focused,0.2946,0.3422,0.1356,-5.7135
focused,0.3807,0.4652,0.0252,-3.4023
focused,0.254,0.455,0.2108,5.3444
focused,0.1861,0.3893,0.3241,3.4037
focused,0.3513,0.4709,0.0801,-13.5138
focused,0.2618,0.5374,0.0235,0.3832
focused,0.3233,0.5728,0.0107,-15.0553
focused,0.0557,0.3354,0.5863,13.0796
focused,0.3319,0.3339,0.0301,-6.4116
focused,0.2703,0.4005,0.4889,-0.8309
focused,0.1863,0.4192,0.1841,10.3397
focused,0.1543,0.3315,0.3533,2.043
focused,0.2228,0.4565,0.1708,-18.7238
focused,0.168,0.3905,0.269,14.28
focused,0.3069,0.4347,0.1979,14.4101
focused,0.4098,0.4888,0.1213,5.9987
focused,0.0486,0.4365,0.2767,7.0448
focused,0.243,0.3408,0.1633,-0.71
focused,0.183,0.3513,0.2627,10.7343
focused,0.2388,0.4153,0.0607,-12.0568
focused,0.2206,0.4355,0.0492,6.7626
focused,0.3164,0.5016,0.0435,-3.5615
focused,0.2771,0.5675,0.0206,-2.9494
focused,0.2917,0.3809,0.2647,-2.2565
focused,0.2595,0.4152,0.1183,-0.1094
focused,0.417,0.4613,0.2794,-0.8544
focused,0.3116,0.3906,0.3285,4.5658
focused,0.2812,0.5294,0.1941,-13.1446
focused,0.3811,0.383,0.0394,17.8485
focused,0.3597,0.4884,0.0309,7.6039
focused,0.2213,0.4124,0.1307,-22.9745
focused,0.3554,0.3918,0.2482,0.9953
focused,0.3871,0.4383,0.3551,2.8305
focused,0.3095,0.4663,0.1559,-21.3074
focused,0.3291,0.4812,0.0133,-21.1803
focused,0.2428,0.4144,0.2628,0.7942
focused,0.2807,0.4884,0.185,2.2049
focused,0.2097,0.4205,0.0465,14.8328
focused,0.148,0.3544,0.2373,2.6825
focused,0.3057,0.4244,0.2248,-7.0368
focused,0.1394,0.3288,0.2636,-4.2509
focused,0.3692,0.3843,0.1306,-28.7419
focused,0.2195,0.3334,0.2161,14.2123
focused,0.3299,0.3,0.2394,5.6054
focused,0.1355,0.3554,0.5353,-20.2367
focused,0.2267,0.4165,0.1463,1.5847
focused,0.2768,0.4403,0.1966,2.2252
focused,0.196,0.2732,0.2108,-18.2203
focused,0.3141,0.5822,0.0713,-19.39
focused,0.3641,0.3554,0.1632,-2.9473
focused,0.3445,0.3568,0.2514,-3.1285
focused,0.1959,0.4097,0.2355,8.974
focused,0.4315,0.3762,0.6542,14.5197
focused,0.3469,0.4728,0.0498,9.7051
focused,0.3074,0.4535,0.4382,1.2633
focused,0.3426,0.4568,0.1645,5.8102
focused,0.3654,0.5636,0.1526,-12.7082
focused,0.167,0.5526,0.2079,12.0063
focused,0.3084,0.501,0.2429,-10.1753
focused,0.3099,0.4519,0.1692,-9.9311
focused,0.433,0.6122,0.0177,-7.7398
focused,0.3229,0.5092,0.0018,8.958
focused,0.2696,0.3899,0.1675,-2.9099
focused,0.3456,0.3887,0.2905,4.6189
focused,0.3755,0.3726,0.4681,4.5133
focused,0.3516,0.4491,0.3111,-8.6605
focused,0.246,0.4101,0.019,6.3255
focused,0.3305,0.4094,0.0061,2.3139
focused,0.2679,0.4717,0.1185,11.6281
focused,0.3665,0.3615,0.0157,1.0288
focused,0.4299,0.5705,0.1879,-0.8178
focused,0.3124,0.4558,0.1339,13.4755
focused,0.2887,0.418,0.1997,3.1584
focused,0.3184,0.2469,0.0895,-19.0528
focused,0.3574,0.4854,0.1927,-0.6066
focused,0.2866,0.4294,0.0231,8.6714
focused,0.2532,0.4652,0.2021,-4.9128
focused,0.2951,0.4544,0.1338,-5.8493
focused,0.2206,0.2978,0.6232,-11.1031
focused,0.3066,0.3977,0.6482,1.7922
focused,0.309,0.4677,0.0899,0.9665
focused,0.2787,0.4216,0.1573,-10.2825
focused,0.2931,0.4411,0.11,-3.9894
focused,0.2613,0.306,0.146,-17.6658
focused,0.3481,0.5011,0.1683,0.33
focused,0.3141,0.5129,0.1158,-5.8637
focused,0.3458,0.4197,0.2913,-1.6439
focused,0.4167,0.5382,0.2255,-2.2627
focused,0.3448,0.3285,0.2655,-13.505
focused,0.1805,0.4112,0.1406,-5.3099
focused,0.3321,0.439,0.1471,11.4352
focused,0.0831,0.3204,0.5215,-7.1765
focused,0.3645,0.4345,0.0089,-5.4634
focused,0.3117,0.3753,0.2941,-4.0343
focused,0.0966,0.42,0.4917,-6.2813
focused,0.2674,0.4166,0.2545,4.1986
focused,0.171,0.5424,0.2386,-12.8605
focused,0.3052,0.3784,0.1789,-2.4894
focused,0.2395,0.5012,0.1472,-1.0032
focused,0.2778,0.6192,0.1746,-11.7336
focused,0.2181,0.5082,0.1903,-9.8802
focused,0.1659,0.4534,0.2518,0.009
focused,0.3732,0.4565,0.0167,-1.5425
focused,0.0413,0.3886,0.3266,4.0459
focused,0.4794,0.3537,0.1657,-0.1946
focused,0.355,0.3817,0.1962,-5.1413
focused,0.3049,0.4146,0.1738,-4.1354
focused,0.2815,0.4717,0.1365,-14.9078
focused,0.3873,0.477,0.1951,-6.243
focused,0.1574,0.3874,0.6169,5.7021
focused,0.1979,0.3462,0.0408,26.5312
focused,0.3631,0.5392,0.1567,-3.6231
focused,0.1614,0.3507,0.3155,-9.7876
focused,0.0665,0.3405,0.0907,-3.1148
focused,0.2523,0.3968,0.1606,5.945
focused,0.3963,0.4679,0.2639,7.34
focused,0.2046,0.5608,0.009,-1.7216
focused,0.1271,0.3345,0.5003,-8.084
focused,0.3644,0.389,0.1255,-4.997
focused,0.3763,0.6336,0.0997,8.5364
focused,0.3156,0.3138,0.3631,8.3593
focused,0.2477,0.474,0.2507,-4.1116
focused,0.3455,0.5202,0.0733,-4.0988
focused,0.2928,0.3536,0.1367,48.2432
focused,0.3676,0.4495,0.4821,-13.394
focused,0.1407,0.4081,0.2444,-9.703
focused,0.149,0.407,0.0102,-0.8686
focused,0.3051,0.3677,0.2481,-2.7072
focused,0.3162,0.4854,0.2566,-1.5694
focused,0.1946,0.3857,0.3305,8.7635
focused,0.2277,0.4435,0.255,6.0551
focused,0.3043,0.2988,0.0815,-18.9736
focused,0.342,0.4279,0.7226,-29.6085
focused,0.3135,0.4049,0.1075,6.4488
focused,0.1151,0.3578,0.0179,-1.5335
focused,0.3991,0.3664,0.0066,1.7442
focused,0.2704,0.4552,0.1944,18.4602
focused,0.4344,0.6526,0.0019,6.1271
focused,0.2607,0.4243,0.1449,-7.6453
focused,0.293,0.4119,0.1875,-0.8108
focused,0.2093,0.3967,0.0487,-6.9697
focused,0.3094,0.4932,0.1678,-30.8606
focused,0.3563,0.3967,0.0598,5.5762
focused,0.2763,0.3262,0.2876,27.625
focused,0.2688,0.458,0.4109,11.1399
focused,0.3809,0.358,0.2012,18.7305
focused,0.1592,0.4409,0.2368,-5.2532
focused,0.2118,0.3228,0.2491,4.6897
focused,0.3493,0.5204,0.0615,1.9832
focused,0.2728,0.5294,0.0236,1.3217
focused,0.4065,0.4375,0.0606,-6.9187
focused,0.2974,0.4993,0.1391,0.4149
focused,0.3476,0.3299,0.1209,-4.0676
focused,0.3588,0.3254,0.1807,0.8017
focused,0.1473,0.447,0.2145,11.0024
focused,0.2969,0.4456,0.1029,0.8487
focused,0.4239,0.3813,0.2078,19.7108
focused,0.1652,0.311,0.0569,10.5358
focused,0.3336,0.3605,0.2549,-4.8702
focused,0.0819,0.383,0.3847,-0.7333
focused,0.2206,0.4176,0.0055,-2.2331
focused,0.1442,0.3898,0.2503,5.7954
focused,0.3552,0.4542,0.0075,-0.5686
focused,0.2158,0.2506,0.5349,4.6651
focused,0.2167,0.4878,0.1042,7.3814
focused,0.1973,0.4023,0.1291,19.8297
focused,0.3494,0.4283,0.1378,-14.0194
focused,0.2956,0.4087,0.1474,-31.7084
focused,0.2646,0.4247,0.2451,-19.1692
focused,0.3555,0.487,0.0459,2.273
focused,0.3292,0.4292,0.0148,46.2469
focused,0.2753,0.4088,0.1426,2.2658
focused,0.2143,0.4286,0.2574,-3.2491
focused,0.3103,0.4281,0.1234,2.396
focused,0.3187,0.4043,0.011,5.5981
focused,0.2443,0.4165,0.1818,11.1716
focused,0.2904,0.58,0.01,18.5273
focused,0.3245,0.4434,0.1206,19.3043
focused,0.2408,0.4068,0.0503,-3.9448
focused,0.2806,0.4625,0.3238,-2.9568
focused,0.297,0.3738,0.3304,1.4861
focused,0.3208,0.436,0.0614,-6.6344
focused,0.251,0.5589,0.1251,5.7762
focused,0.3275,0.4366,0.2344,-6.0143
focused,0.2521,0.2968,0.3056,57.444
focused,0.3392,0.4708,0.4143,2.1555
focused,0.3432,0.5245,0.2005,-3.7543
focused,0.2684,0.393,0.4208,-8.4769
focused,0.298,0.3654,0.1595,23.3894
focused,0.4263,0.5942,0.0125,0.3933
focused,0.2445,0.3022,0.2085,-4.1401
focused,0.3127,0.4311,0.2354,2.6805
focused,0.2855,0.502,0.1748,-2.5318
focused,0.1205,0.4036,0.1757,3.2322
focused,0.3,0.3867,0.4119,4.5142
focused,0.3009,0.336,0.2983,-6.2923
focused,0.3177,0.4355,0.0251,6.078
focused,0.095,0.4535,0.221,18.2199
focused,0.2848,0.5084,0.2134,6.0553
focused,0.2628,0.2627,0.5026,-5.0484
focused,0.3381,0.3444,0.3181,12.8831
focused,0.3897,0.3758,0.2356,-3.4028
focused,0.3651,0.4461,0.0141,-8.3221
focused,0.2596,0.4975,0.1929,-1.4564
focused,0.2022,0.4292,0.2724,-6.1526
focused,0.3564,0.5257,0.0364,-3.9441
focused,0.1622,0.5194,0.2133,-16.0188
focused,0.3295,0.4091,0.2081,-24.2379
focused,0.2457,0.3525,0.0201,16.7169
focused,0.1701,0.3688,0.1957,12.8327
focused,0.3269,0.4496,0.1479,-1.2117
focused,0.2229,0.4529,0.4536,-63.2159
focused,0.2591,0.0974,0.1732,-24.5994
focused,0.1995,0.3191,0.618,17.6521
focused,0.242,0.3054,0.1812,-3.0785
focused,0.1962,0.375,0.2584,20.4827
focused,0.3422,0.4961,0.0111,4.3419
focused,0.225,0.2606,0.6186,16.8503
focused,0.3036,0.3955,0.3231,-2.961
focused,0.3347,0.3732,0.0146,5.5322
focused,0.3579,0.4164,0.3656,5.2919
focused,0.0299,0.5405,0.1734,-6.7805
focused,0.1759,0.3393,0.1972,9.1779
focused,0.2408,0.3804,0.3144,12.5847
focused,0.2613,0.5694,0.1185,-14.1506
focused,0.2459,0.3912,0.1701,6.083
focused,0.0341,0.5009,0.0083,-2.0504
focused,0.2628,0.4894,0.0638,-2.0892
focused,0.3457,0.505,0.2144,-5.8962
focused,0.2507,0.4404,0.4426,-1.948
focused,0.2982,0.4063,0.1325,-10.3276
focused,0.3613,0.4135,0.0908,-4.7128
focused,0.1507,0.4036,0.2184,-3.0088
focused,0.2286,0.471,0.0041,-5.4267
focused,0.2182,0.4133,0.1717,-6.5452
focused,0.2449,0.4169,0.2921,-3.2273
focused,0.3078,0.4707,0.1196,-2.9758
focused,0.3585,0.4507,0.1564,-4.4161
focused,0.3586,0.4414,0.1214,6.9664
focused,0.1237,0.4541,0.1811,-6.0705
focused,0.2919,0.3499,0.2539,-3.5128
focused,0.2815,0.6085,0.0169,3.2562
focused,0.1439,0.4437,0.1708,-5.3485
focused,0.2317,0.2983,0.1886,7.355
focused,0.2927,0.4931,0.1422,34.0259
focused,0.34,0.5344,0.2721,-8.8253
focused,0.1486,0.2552,0.1454,-14.3568
focused,0.2733,0.4279,0.0404,3.5592
focused,0.2973,0.4886,0.091,13.1334
focused,0.2779,0.475,0.2005,-8.1173
focused,0.3026,0.5601,0.1346,3.6793
focused,0.4274,0.6255,0.2954,-24.2269
focused,0.248,0.3935,0.0677,0.0478
focused,0.1121,0.4177,0.3725,12.6334
focused,0.346,0.3699,0.5636,2.1944
focused,0.2668,0.4649,0.0192,3.4117
focused,0.3827,0.6704,0.0155,6.8651
focused,0.3488,0.4172,0.2216,0.4753
focused,0.3405,0.5727,0.1624,-4.6526
focused,0.2199,0.3902,0.1707,0.964
focused,0.2141,0.3774,0.1939,0.4441
focused,0.2352,0.4597,0.4363,-7.7667
focused,0.2526,0.4491,0.189,3.1449
focused,0.2009,0.4718,0.1897,-2.4186
focused,0.271,0.4549,0.0782,5.4633
focused,0.0567,0.4583,0.1598,-0.9799
focused,0.0405,0.4086,0.3161,-8.0064
focused,0.2682,0.5501,0.2876,7.107
focused,0.3373,0.4756,0.1403,15.216
focused,0.1188,0.4503,0.1785,1.6848
focused,0.3143,0.3681,0.2004,-1.1545
focused,0.3751,0.5061,0.1532,-7.5206
focused,0.3441,0.4656,0.0184,-1.5655
focused,0.2289,0.4254,0.1509,-3.8277
focused,0.2219,0.4217,0.1858,-3.6189
focused,0.2941,0.3709,0.1981,8.1809
focused,0.31,0.579,0.0089,3.4832
focused,0.2289,0.448,0.2006,-19.3035
focused,0.3319,0.4007,0.3259,-22.4557
focused,0.2955,0.4177,0.1584,-2.2902
focused,0.417,0.4613,0.2794,-0.8544
focused,0.3682,0.488,0.1296,-0.4671
focused,0.376,0.4796,0.1929,3.9135
focused,0.4372,0.4804,0.011,17.0629
neutral,0.3588,0.4287,0.0066,12.4054
neutral,0.3446,0.4618,0.0092,-12.8967
neutral,0.2837,0.3777,0.0808,7.3175
neutral,0.5643,0.3245,0.3013,10.9553
neutral,0.3654,0.532,0.0564,-11.1774
neutral,0.2317,0.5662,0.0358,-0.1253
neutral,0.3035,0.3514,0.0037,3.2892
neutral,0.366,0.45,0.0248,1.8958
neutral,0.2909,0.4134,0.0288,1.148
neutral,0.1196,0.3541,0.1301,-5.1155
neutral,0.3857,0.4671,0.0019,0.1342
neutral,0.3291,0.5166,0.0042,5.3122
neutral,0.3285,0.5629,0.2761,0.2741
neutral,0.3742,0.5646,0.01,2.828
neutral,0.3233,0.4629,0.2701,-1.7669
neutral,0.2401,0.429,0.0259,2.9124
neutral,0.438,0.5733,0.0871,10.0082
neutral,0.3376,0.4748,0.148,-0.6223
neutral,0.3013,0.4287,0.1872,5.2937
neutral,0.2953,0.4883,0.0866,-9.1696
neutral,0.2394,0.4119,0.2096,13.3667
neutral,0.3544,0.5797,0.0013,-0.3263
neutral,0.0673,0.4046,0.0263,-8.6868
neutral,0.1192,0.2633,0.0794,-28.0197
neutral,0.2062,0.3245,0.0254,-7.956
neutral,0.2965,0.447,0.2232,6.0446
neutral,0.2399,0.4669,0.2062,-2.9885
neutral,0.3167,0.5423,0.2508,1.4225
neutral,0.3567,0.3817,0.0327,-0.6389
neutral,0.2809,0.4554,0.1373,-2.9984
neutral,0.2369,0.3653,0.0516,-13.7402
neutral,0.2949,0.5117,0.0106,-10.4812
neutral,0.3482,0.4481,0.0221,-0.116
neutral,0.4167,0.4283,0.1098,10.1846
neutral,0.2788,0.4573,0.0825,-2.4437
neutral,0.3564,0.3836,0.0782,0.3806
neutral,0.2892,0.3825,0.2157,-23.5505
neutral,0.2784,0.4331,0.0235,-3.9478
neutral,0.4168,0.4811,0.2266,-0.0976
neutral,0.2096,0.4418,0.0784,22.3726
neutral,0.3711,0.5084,0.0365,-10.1321
neutral,0.3189,0.5072,0.1344,8.8751
neutral,0.2137,0.3297,0.0423,0.8004
neutral,0.294,0.3852,0.1139,6.3771
neutral,0.2625,0.4478,0.0075,-4.1031
neutral,0.3131,0.4524,0.0309,3.3689
neutral,0.4317,0.3334,0.1999,26.6671
neutral,0.3991,0.433,0.1229,-0.6023
neutral,0.2695,0.5626,0.1506,2.1704
neutral,0.25,0.4423,0.0461,-2.9948
neutral,0.3921,0.4912,0.1727,0.1389
neutral,0.3671,0.3896,0.0148,-1.604
neutral,0.3093,0.401,0.1373,-16.4042
neutral,0.252,0.4305,0.003,2.5768
neutral,0.3114,0.3371,0.1382,-7.8842
neutral,0.3222,0.4848,0.0221,-2.3021
neutral,0.3887,0.4877,0.037,-2.6603
neutral,0.4398,0.4697,0.0135,3.5586
neutral,0.403,0.5052,0.0032,1.3816
neutral,0.2937,0.4095,0.2255,0.6933
neutral,0.3365,0.445,0.0884,-4.8133
neutral,0.3709,0.4531,0.0673,8.4523
neutral,0.3753,0.4443,0.0593,8.5369
neutral,0.362,0.5469,0.0105,0.5465
neutral,0.3477,0.504,0.0073,-1.7248
neutral,0.3004,0.3713,0.009,-1.604
neutral,0.3515,0.5037,0.095,-1.3193
neutral,0.4325,0.5048,0.1455,-1.7532
neutral,0.2543,0.5501,0.0622,-14.003
neutral,0.3321,0.4464,0.1182,-0.3556
neutral,0.4108,0.4662,0.0513,-3.3382
neutral,0.3388,0.4922,0.0746,-5.5614
neutral,0.2759,0.3469,0.0121,1.2261
neutral,0.1487,0.3514,0.0468,13.5777
neutral,0.216,0.3683,0.0428,-0.9054
neutral,0.3184,0.4746,0.0258,-1.6073
neutral,0.3482,0.448,0.3044,9.0167
neutral,0.076,0.3485,0.0078,-8.1654
neutral,0.2915,0.5005,0.2211,2.2955
neutral,0.3918,0.4403,0.1635,-14.8894
neutral,0.3265,0.4366,0.0048,-2.2733
neutral,0.3331,0.4406,0.0301,-4.4463
neutral,0.3522,0.3744,0.1337,-8.1182
neutral,0.363,0.4693,0.181,-7.0002
neutral,0.2356,0.4472,0.0078,1.0088
neutral,0.3331,0.4284,0.0154,-7.7044
neutral,0.2564,0.3477,0.0284,3.8069
neutral,0.3458,0.4377,0.0352,5.5874
neutral,0.4113,0.4331,0.0322,12.5321
neutral,0.3728,0.4712,0.1589,5.9988
neutral,0.282,0.539,0.025,-4.7999
neutral,0.3925,0.4961,0.0052,0.353
neutral,0.3844,0.4951,0.0773,-1.2
neutral,0.2879,0.4086,0.0196,4.5957
neutral,0.4234,0.3817,0.0383,-5.9453
neutral,0.2297,0.3188,0.3169,-21.8168
neutral,0.1564,0.5194,0.1114,-15.0953
neutral,0.3265,0.3524,0.044,-0.0352
neutral,0.342,0.4285,0.114,4.6033
neutral,0.3775,0.5857,0.0184,7.9173
neutral,0.4046,0.4343,0.0253,25.309
neutral,0.2105,0.4102,0.0691,-1.5338
neutral,0.3765,0.4376,0.0807,0.9085
neutral,0.3156,0.4363,0.0381,-4.0493
neutral,0.1343,0.2773,0.0029,2.4901
neutral,0.6357,0.3408,0.358,46.3671
neutral,0.3145,0.4993,0.227,-1.2325
neutral,0.3656,0.5069,0.0076,2.1082
neutral,0.2964,0.3622,0.0184,-3.206
neutral,0.2555,0.3754,0.1077,-12.337
neutral,0.0935,0.4691,0.1468,1.2241
neutral,0.4221,0.4847,0.0233,-4.0468
neutral,0.2856,0.4197,0.1655,-22.5211
neutral,0.4575,0.4353,0.0955,1.6612
neutral,0.3275,0.4089,0.007,0.6905
neutral,0.143,0.4159,0.0774,-1.5538
neutral,0.2265,0.4528,0.0359,-1.8328
neutral,0.407,0.3714,0.2091,1.2161
neutral,0.1955,0.4125,0.0469,-2.1815
neutral,0.4091,0.5062,0.0646,15.3926
neutral,0.3284,0.5506,0.0564,-22.6299
neutral,0.2186,0.4705,0.0134,-7.1839
neutral,0.2279,0.4398,0.0245,-0.0823
neutral,0.3,0.5698,0.003,-1.3049
neutral,0.285,0.6101,0.2283,9.2615
neutral,0.3398,0.4141,0.1323,-0.0715
neutral,0.2904,0.566,0.0421,-2.9415
neutral,0.3958,0.5749,0.011,-0.7237
neutral,0.4207,0.5775,0.0355,9.4656
neutral,0.376,0.4436,0.0252,-11.1302
neutral,0.1166,0.1245,0.0451,44.9307
neutral,0.3555,0.4765,0.1911,6.3794
neutral,0.3317,0.4811,0.1362,16.0422
neutral,0.3101,0.4411,0.0341,-15.7793
neutral,0.31,0.4143,0.0536,7.5915
neutral,0.2965,0.4028,0.0117,-10.5553
neutral,0.3325,0.5038,0.1112,-6.0981
neutral,0.3867,0.5337,0.045,5.7693
neutral,0.3586,0.4446,0.0537,3.9392
neutral,0.3164,0.3926,0.0044,11.7723
neutral,0.2345,0.3296,0.0148,-6.1643
neutral,0.1852,0.482,0.0092,-4.172
neutral,0.4745,0.5435,0.1035,4.1286
neutral,0.3202,0.4272,0.0191,-1.7637
neutral,0.3608,0.5584,0.0162,-0.0194
neutral,0.1186,0.3144,0.0244,-41.5641
neutral,0.2925,0.3593,0.0197,19.9997
neutral,0.3542,0.3763,0.141,7.7686
neutral,0.2478,0.3911,0.0019,5.7695
neutral,0.329,0.3711,0.184,-0.3664
neutral,0.3538,0.4955,0.0568,0.0742
neutral,0.288,0.469,0.0261,0.5273
neutral,0.2869,0.4296,0.1136,-5.945
neutral,0.353,0.3871,0.1444,-1.9571
neutral,0.3683,0.5601,0.008,9.694
neutral,0.4132,0.4321,0.0577,4.3567
neutral,0.333,0.4653,0.0192,0.1392
neutral,0.4211,0.507,0.0363,-14.8815
neutral,0.4036,0.4354,0.0712,28.8695
neutral,0.438,0.3389,0.0978,-12.9124
neutral,0.0785,0.5013,0.0082,-12.6852
neutral,0.391,0.5272,0.0053,-54.437
neutral,0.244,0.3745,0.2835,15.543
neutral,0.3278,0.5375,0.0044,-1.6214
neutral,0.3351,0.3974,0.0167,0.9813
neutral,0.2968,0.5526,0.0683,-16.8458
neutral,0.1282,0.3452,0.0101,-2.9931
neutral,0.2997,0.4426,0.0122,2.807
neutral,0.2619,0.4819,0.0375,-3.5216
neutral,0.3062,0.4566,0.0538,12.2235
neutral,0.2155,0.4394,0.0295,-0.3497
neutral,0.2105,0.5131,0.0024,0.6625
neutral,0.2894,0.3979,0.0058,0.8276
neutral,0.342,0.4404,0.3012,-9.7917
neutral,0.3728,0.3877,0.154,-8.3014
neutral,0.3778,0.5146,0.1672,-14.6324
neutral,0.3278,0.4457,0.054,2.6549
neutral,0.3619,0.4751,0.0681,0.9276
neutral,0.3762,0.4775,0.1834,10.2747
neutral,0.3633,0.3919,0.05,-8.5153
neutral,0.2368,0.2476,0.0078,-4.0794
neutral,0.3342,0.5673,0.2616,-8.6723
neutral,0.3649,0.359,0.0513,-2.478
neutral,0.3906,0.438,0.0176,-15.1609
neutral,0.3812,0.4397,0.0209,8.9217
neutral,0.3792,0.2758,0.2478,-1.3218
neutral,0.3342,0.4148,0.0249,-2.1027
neutral,0.3221,0.4514,0.116,0.3037
neutral,0.2175,0.4505,0.0424,-0.1514
neutral,0.0883,0.3083,0.0252,-31.8577
neutral,0.3115,0.4489,0.0899,-6.1552
neutral,0.277,0.4657,0.0966,-2.5755
neutral,0.3475,0.352,0.0293,8.5802
neutral,0.3606,0.4432,0.0987,-1.2764
neutral,0.1775,0.3896,0.1892,-7.8381
neutral,0.2856,0.4091,0.0655,0.0573
neutral,0.3527,0.4565,0.0102,1.1603
neutral,0.1486,0.4788,0.0215,-8.0362
neutral,0.3125,0.4372,0.0968,-2.2611
neutral,0.3824,0.5565,0.1269,-17.5743
neutral,0.3483,0.4911,0.1288,-16.4417
neutral,0.3827,0.457,0.0036,2.0389
neutral,0.3851,0.6094,0.0363,-6.6495
neutral,0.2874,0.4802,0.0108,-2.1873
neutral,0.3225,0.496,0.0889,-0.3771
neutral,0.3915,0.4314,0.229,0.4786
neutral,0.4479,0.6279,0.0255,11.0989
neutral,0.2133,0.4319,0.0065,-12.7117
neutral,0.3242,0.3832,0.0105,2.5227
neutral,0.3699,0.458,0.1188,-0.9811
neutral,0.1671,0.3232,0.0488,-1.0981
neutral,0.1966,0.4802,0.019,7.2935
neutral,0.2374,0.5167,0.1198,-0.4633
neutral,0.3544,0.4752,0.0564,-0.8638
neutral,0.2601,0.368,0.1434,3.0837
neutral,0.3824,0.476,0.1619,-2.4923
neutral,0.0243,0.6028,0.0128,-1.128
neutral,0.4446,0.4162,0.1144,4.8105
neutral,0.4709,0.5409,0.0734,4.3611
neutral,0.3624,0.524,0.0885,0.5016
neutral,0.3361,0.3918,0.0126,22.828
neutral,0.2799,0.4748,0.0557,-0.4292
neutral,0.3229,0.406,0.0705,-10.5222
neutral,0.2707,0.4713,0.02,-8.6794
neutral,0.2927,0.3602,0.1025,-18.7802
neutral,0.3607,0.4713,0.0138,-0.0043
neutral,0.3149,0.5173,0.0608,-5.371
neutral,0.2279,0.4988,0.0619,11.3472
neutral,0.3187,0.4209,0.1185,2.0117
neutral,0.0843,0.447,0.0356,-0.5842
neutral,0.4999,0.5114,0.3035,-17.7445
neutral,0.2655,0.4721,0.0321,6.9194
neutral,0.3642,0.4306,0.0552,-2.4851
neutral,0.373,0.398,0.0206,-3.3735
neutral,0.3384,0.4771,0.0626,-0.4854
neutral,0.0561,0.5032,0.0324,-18.4593
neutral,0.2191,0.4288,0.0356,21.1997
neutral,0.3018,0.3312,0.0209,5.8206
neutral,0.2635,0.4642,0.024,1.4398
neutral,0.3118,0.4692,0.0155,-19.1107
neutral,0.3742,0.3304,0.0638,-7.0492
neutral,0.3242,0.522,0.0135,-1.3728
neutral,0.3683,0.3342,0.0119,-4.5855
neutral,0.3813,0.4546,0.2238,-2.4346
neutral,0.3705,0.4757,0.2093,0.2313
neutral,0.3074,0.3118,0.0463,-0.7451
neutral,0.3328,0.4325,0.0566,0.705
neutral,0.311,0.4491,0.0196,1.0236
neutral,0.1735,0.4418,0.0799,-4.8868
neutral,0.2442,0.5222,0.0427,7.0778
neutral,0.26,0.3854,0.0593,-5.5112
neutral,0.0215,0.4097,0.0879,-4.3664
neutral,0.396,0.5114,0.3387,-2.0601
neutral,0.3921,0.4847,0.0178,0.1928
neutral,0.2821,0.4257,0.2085,3.472
neutral,0.3153,0.3802,0.0305,-0.5751
neutral,0.2034,0.3916,0.0099,-6.2201
neutral,0.3734,0.3621,0.0544,2.3384
neutral,0.3079,0.4269,0.0511,0.876
neutral,0.2514,0.4122,0.0532,-1.1474
neutral,0.3814,0.5937,0.012,0.0057
neutral,0.2876,0.4099,0.123,-11.8002
neutral,0.2358,0.4281,0.1522,5.2428
neutral,0.3324,0.3808,0.0404,-0.2207
neutral,0.2749,0.2786,0.0202,0.0324
neutral,0.2791,0.3483,0.0163,3.2122
neutral,0.3942,0.4281,0.3507,-0.2144
neutral,0.453,0.4713,0.1226,-7.8161
neutral,0.3133,0.4062,0.0751,0.0224
neutral,0.4472,0.5598,0.082,2.2506
neutral,0.244,0.5079,0.0161,1.4213
neutral,0.3893,0.5058,0.0448,1.4833
neutral,0.3291,0.4196,0.0539,-3.1136
neutral,0.1077,0.5833,0.0199,-8.1527
neutral,0.3494,0.3801,0.3241,4.2903
neutral,0.3256,0.3364,0.0322,-15.4896
neutral,0.0727,0.5793,0.0445,-11.6219
neutral,0.3705,0.4376,0.197,6.8662
neutral,0.2279,0.4077,0.1248,-10.1562
neutral,0.3319,0.3894,0.0544,1.3676
neutral,0.4336,0.5357,0.0046,-1.6537
neutral,0.2861,0.4455,0.0454,4.1003
neutral,0.3024,0.3813,0.1049,-7.2299
neutral,0.2933,0.4884,0.054,-2.3839
neutral,0.4163,0.474,0.0406,-6.5604
neutral,0.3482,0.5407,0.0053,3.5334
neutral,0.3283,0.3582,0.0508,26.4928
neutral,0.3912,0.3994,0.2758,5.2298
neutral,0.4398,0.5412,0.0087,-12.6069
neutral,0.2625,0.3872,0.0204,-2.4966
neutral,0.3837,0.5507,0.0027,-1.1562
neutral,0.4048,0.4549,0.0511,-6.4318
neutral,0.2414,0.46,0.0231,-0.5313
neutral,0.4438,0.5272,0.0046,-2.9883
neutral,0.2766,0.2989,0.0794,9.0124
neutral,0.3255,0.4326,0.0108,-6.2564
neutral,0.4386,0.407,0.0478,-1.7377
neutral,0.017,0.4868,0.0114,-4.1471
neutral,0.3449,0.3884,0.0947,-0.0244
neutral,0.3166,0.4362,0.0188,-2.2618
neutral,0.388,0.4308,0.1914,-3.1468
neutral,0.425,0.4251,0.1704,-0.3293
neutral,0.3254,0.5167,0.0097,-0.0446
neutral,0.1989,0.4007,0.0125,6.5256
neutral,0.2761,0.3347,0.048,1.4752
neutral,0.1716,0.4648,0.0206,-11.19
neutral,0.303,0.3857,0.1249,52.045
neutral,0.287,0.5109,0.0501,-2.2914
neutral,0.3742,0.3293,0.0385,-3.6502
neutral,0.1835,0.4275,0.022,-1.2975
neutral,0.2304,0.4387,0.0195,-6.1237
neutral,0.2957,0.5553,0.2439,4.7701
neutral,0.3351,0.5654,0.1894,-3.3469
neutral,0.341,0.365,0.0436,-3.6091
neutral,0.2686,0.375,0.0351,-4.8002
neutral,0.344,0.4853,0.0643,-17.4435
neutral,0.0265,0.4738,0.0019,-13.3749
neutral,0.406,0.4865,0.0818,-15.9566
neutral,0.245,0.4596,0.005,-9.1559
neutral,0.4437,0.4814,0.1157,-1.4308
neutral,0.0971,0.3197,0.0983,17.6513
neutral,0.266,0.4213,0.0165,-5.388
neutral,0.2062,0.2817,0.0252,3.064
neutral,0.3781,0.5153,0.0086,0.6074
neutral,0.2995,0.315,0.0379,-5.6519
neutral,0.4209,0.4476,0.1904,-4.4599
neutral,0.4255,0.5003,0.0177,3.7462
neutral,0.2047,0.4545,0.0088,3.1561
neutral,0.2963,0.5051,0.0231,-12.7238
neutral,0.3625,0.3171,0.0335,-0.7929
neutral,0.3353,0.2646,0.1838,0.0083
neutral,0.2812,0.4253,0.0717,10.4173
neutral,0.3574,0.4069,0.0073,-4.6761
neutral,0.3725,0.4592,0.1381,9.2585
neutral,0.3956,0.5336,0.1966,-2.8944
neutral,0.3799,0.3472,0.0238,-1.8628
neutral,0.4353,0.4567,0.1841,-2.8237
neutral,0.3014,0.3715,0.2372,1.775
neutral,0.2187,0.4223,0.0436,-2.692
neutral,0.36,0.3969,0.0476,9.5144
neutral,0.3584,0.5524,0.1551,0.4507
neutral,0.2448,0.357,0.01,-4.1835
neutral,0.3516,0.4988,0.0129,-1.6294
neutral,0.2518,0.5929,0.0114,3.8151
neutral,0.092,0.4307,0.0175,22.4428
neutral,0.0963,0.458,0.0505,-4.7145
neutral,0.2103,0.3893,0.0152,5.7326
neutral,0.3647,0.4697,0.0146,4.3146
neutral,0.336,0.4208,0.2332,-0.8604
neutral,0.075,0.3589,0.1472,9.0621
neutral,0.2673,0.5932,0.373,-6.4434
neutral,0.3563,0.3756,0.0392,-3.063
neutral,0.3682,0.4739,0.1693,-5.6315
neutral,0.3514,0.538,0.0266,1.3431
neutral,0.2859,0.4795,0.0034,13.4772
neutral,0.378,0.3286,0.0541,-18.5017
neutral,0.3517,0.537,0.0095,-5.0155
neutral,0.2923,0.369,0.0996,-34.0155
neutral,0.4058,0.6309,0.0088,8.3395
neutral,0.3898,0.4039,0.1586,-10.3654
neutral,0.3107,0.5605,0.0031,-3.8699
neutral,0.3445,0.5994,0.107,4.9857
neutral,0.1357,0.3876,0.0119,-8.75
neutral,0.378,0.4557,0.1904,-1.8279
neutral,0.3239,0.4221,0.0033,-5.0678
neutral,0.3291,0.4317,0.0533,-4.7566
neutral,0.1765,0.4263,0.0047,-10.9074
neutral,0.2489,0.435,0.014,1.1002
neutral,0.212,0.3227,0.0068,7.9394
neutral,0.3514,0.2702,0.1088,-36.257
neutral,0.3112,0.4814,0.031,-4.8863
neutral,0.3645,0.5307,0.0472,-3.1857
neutral,0.3549,0.4285,0.107,-2.0147
neutral,0.2536,0.4746,0.0181,1.2503
neutral,0.3963,0.426,0.0076,-9.2311
neutral,0.2486,0.2871,0.0857,28.5319
neutral,0.2908,0.5189,0.1382,0.9892
neutral,0.3659,0.3943,0.0783,-11.5837
neutral,0.2808,0.3783,0.0149,-14.4085
neutral,0.2689,0.4599,0.0163,0.5771
neutral,0.3618,0.5023,0.0121,-8.4161
neutral,0.2579,0.328,0.018,9.71
neutral,0.3289,0.4773,0.0589,12.4201
neutral,0.3841,0.4572,0.0057,-0.1349
neutral,0.3847,0.4535,0.1255,15.5131
neutral,0.3397,0.4273,0.3446,13.721
neutral,0.2982,0.4702,0.0047,-0.8327
neutral,0.3117,0.2988,0.1696,-23.3097
neutral,0.2149,0.4659,0.1623,-0.1226
neutral,0.1768,0.4396,0.0378,-11.9727
neutral,0.1992,0.2577,0.1347,4.5544
neutral,0.1308,0.3361,0.0147,-13.8133
neutral,0.2865,0.5238,0.0105,1.8738
neutral,0.3814,0.4507,0.0074,2.4807
neutral,0.3548,0.4536,0.0564,-7.1537
neutral,0.2384,0.3503,0.0152,-7.0848
neutral,0.3968,0.4933,0.0205,4.0015
neutral,0.2423,0.4787,0.0072,12.2434
neutral,0.4464,0.4523,0.0519,-3.0059
neutral,0.3416,0.3234,0.3589,0.168
neutral,0.2677,0.4157,0.2288,-1.4158
neutral,0.3742,0.4721,0.0082,-3.9891
neutral,0.3715,0.4214,0.0086,-9.8361
neutral,0.3746,0.417,0.1657,-2.6964
neutral,0.2445,0.4333,0.1027,-9.886
neutral,0.305,0.4871,0.3778,-2.602
neutral,0.3754,0.4339,0.1532,-4.9047
neutral,0.0307,0.458,0.1129,-6.6868
neutral,0.3082,0.4066,0.0076,-4.7431
neutral,0.3422,0.5395,0.0133,-1.2455
neutral,0.2241,0.3634,0.0068,-1.2664
neutral,0.2728,0.6028,0.0342,-4.6119
neutral,0.4651,0.3639,0.0093,-2.3077
neutral,0.3779,0.5469,0.0044,-1.6292
neutral,0.4011,0.5189,0.0961,10.1764
neutral,0.1859,0.4242,0.0521,2.9245
neutral,0.3471,0.3111,0.0311,17.8357
neutral,0.3983,0.4516,0.1321,0.4899
neutral,0.273,0.5294,0.3441,5.54
neutral,0.3782,0.2595,0.2847,0.1679
neutral,0.2534,0.4155,0.019,1.8028
neutral,0.3509,0.433,0.1816,1.8714
neutral,0.1412,0.3198,0.0168,-20.0491
neutral,0.2873,0.4849,0.0132,-1.6813
neutral,0.377,0.4579,0.2351,2.6935
neutral,0.2414,0.5313,0.0387,0.0415
neutral,0.0234,0.5045,0.1284,0.8294
neutral,0.3629,0.4242,0.0704,7.9508
neutral,0.3206,0.3854,0.0409,-9.2731
neutral,0.3648,0.4816,0.0085,0.8624
neutral,0.3498,0.4463,0.0145,2.5725
neutral,0.1625,0.4193,0.0467,0.5098
neutral,0.3373,0.4569,0.0842,-2.4874
neutral,0.423,0.3803,0.4042,-1.8478
neutral,0.394,0.5366,0.0486,0.4076
neutral,0.225,0.3432,0.0778,-2.5016
neutral,0.3786,0.4401,0.1597,1.3633
neutral,0.3373,0.4433,0.0092,-4.5094
neutral,0.4236,0.4866,0.0561,-5.1073
neutral,0.394,0.6007,0.0052,1.8562
neutral,0.3517,0.4837,0.146,18.3782
neutral,0.3501,0.423,0.0155,-8.2751
neutral,0.281,0.4118,0.0082,0.9842
neutral,0.1931,0.5112,0.0333,-12.0223
neutral,0.0288,0.3695,0.7937,-4.2093
neutral,0.2881,0.3203,0.0708,12.4778
neutral,0.313,0.4531,0.0067,-2.6529
neutral,0.4253,0.5208,0.1282,1.9965
neutral,0.2814,0.3667,0.1569,6.201
neutral,0.3131,0.2924,0.1232,3.0951
neutral,0.281,0.3226,0.0353,-7.4238
neutral,0.3532,0.4578,0.0091,5.5708
neutral,0.2867,0.3689,0.0234,1.8999
neutral,0.2577,0.4854,0.2531,-2.8069
neutral,0.3281,0.4494,0.222,5.0114
neutral,0.3117,0.5284,0.0144,14.1313
neutral,0.3904,0.3799,0.0701,0.5136
neutral,0.3312,0.3851,0.0488,5.9428
neutral,0.2385,0.4788,0.0085,-2.2362
neutral,0.3685,0.3766,0.0738,-32.5656
neutral,0.2789,0.5044,0.1864,1.2639
neutral,0.4596,0.3861,0.0816,2.3696
neutral,0.3911,0.4663,0.4479,2.4766
neutral,0.3273,0.3763,0.0027,6.0164
neutral,0.2345,0.3525,0.0062,-1.1263
neutral,0.4053,0.5211,0.0263,-6.2533
neutral,0.1701,0.5541,0.0113,33.0393
neutral,0.3836,0.3789,0.0942,11.4323
neutral,0.3062,0.4219,0.0131,14.7779
neutral,0.2945,0.481,0.158,-3.0994
neutral,0.2809,0.5788,0.1021,-6.1156
neutral,0.4672,0.3512,0.225,-10.5485
neutral,0.2612,0.3856,0.0033,-24.9013
neutral,0.2793,0.5507,0.0427,3.7792
neutral,0.317,0.5163,0.0113,-3.7752
neutral,0.3879,0.4368,0.1934,-4.8052
neutral,0.3553,0.3334,0.1028,-7.993
neutral,0.3285,0.5184,0.035,10.9862
neutral,0.2171,0.4227,0.017,4.2211
neutral,0.3951,0.529,0.0075,5.1382
neutral,0.1902,0.363,0.1192,3.8026
neutral,0.1806,0.4038,0.0157,-1.6565
neutral,0.3246,0.591,0.006,2.4503
neutral,0.3646,0.4056,0.1452,-7.7272
neutral,0.3952,0.5351,0.1297,-1.2281
neutral,0.3525,0.5478,0.0062,-5.0592
neutral,0.2461,0.3926,0.0086,-6.9086
neutral,0.3282,0.5028,0.1638,0.9907
neutral,0.0332,0.4874,0.0215,7.2278
neutral,0.3428,0.4777,0.0623,6.9317
neutral,0.3002,0.429,0.0839,18.2815
neutral,0.2631,0.4558,0.0412,-0.1489
neutral,0.3692,0.5527,0.0202,-16.3535
neutral,0.2474,0.2299,0.0303,0.6439
neutral,0.3326,0.502,0.0561,8.5939
neutral,0.2887,0.3435,0.0314,-6.1394
neutral,0.3934,0.622,0.0425,-7.8152
neutral,0.3906,0.4585,0.0049,-2.6162
neutral,0.4171,0.4533,0.2337,4.4427
neutral,0.371,0.5493,0.0037,-21.9035
neutral,0.3245,0.4583,0.006,2.5954
neutral,0.2945,0.3623,0.1553,6.1115
neutral,0.363,0.4532,0.0178,-2.6914
neutral,0.343,0.3757,0.1273,10.6304
neutral,0.3023,0.4525,0.0262,-5.5874
neutral,0.2408,0.3737,0.0738,-1.4108
neutral,0.3422,0.4713,0.0135,3.8791
neutral,0.2913,0.5039,0.126,-2.9548
neutral,0.3535,0.5105,0.1199,-2.7354
neutral,0.3075,0.4757,0.2101,7.4177
neutral,0.3264,0.5263,0.1069,-8.2384
neutral,0.3914,0.3752,0.0888,0.5873
neutral,0.3902,0.4346,0.0689,-3.1048
neutral,0.3479,0.5077,0.0566,3.8176
neutral,0.2898,0.5081,0.0102,0.6203
neutral,0.3753,0.4663,0.2275,2.1878
neutral,0.2666,0.4675,0.0272,-0.6572
neutral,0.3769,0.4787,0.0603,7.4974
neutral,0.3354,0.3774,0.1387,-29.0368
neutral,0.3065,0.4571,0.1765,0.1352
neutral,0.5248,0.3435,0.0432,15.1409
neutral,0.3732,0.4717,0.0447,-1.4201
neutral,0.3605,0.5102,0.027,-4.5522
neutral,0.4796,0.4121,0.2093,13.8051
neutral,0.3206,0.4279,0.2805,-4.201
neutral,0.2539,0.4319,0.0556,-3.3503
neutral,0.317,0.3829,0.0049,4.5099
neutral,0.3437,0.4914,0.036,6.904
neutral,0.3499,0.4199,0.0808,8.4953
neutral,0.4773,0.2965,0.1817,-9.4906
neutral,0.0766,0.349,0.051,-38.116
neutral,0.2153,0.47,0.0227,-6.9804
neutral,0.3679,0.4008,0.0254,-17.863
neutral,0.3456,0.4746,0.0098,0.2577
neutral,0.3309,0.428,0.142,7.5627
neutral,0.3203,0.4133,0.013,4.2373
neutral,0.3272,0.5023,0.1153,-0.871
neutral,0.3009,0.4101,0.3698,-5.4307
neutral,0.2717,0.3773,0.3121,-10.0047
neutral,0.365,0.4317,0.0686,4.2177
neutral,0.4035,0.4197,0.2454,-7.223
neutral,0.3628,0.4179,0.2157,13.9124
neutral,0.3318,0.4274,0.1371,5.8074
neutral,0.3163,0.4577,0.0317,-0.9651
neutral,0.3544,0.5504,0.0415,-2.6335
neutral,0.2632,0.4891,0.0168,11.2047
neutral,0.3329,0.4074,0.0163,-6.6647
neutral,0.2312,0.3082,0.0264,-1.3133
neutral,0.1089,0.313,0.0926,6.9116
neutral,0.3797,0.5076,0.0922,-1.3369
neutral,0.2374,0.4557,0.0415,-1.9313
neutral,0.3131,0.397,0.24,-1.3751
neutral,0.1872,0.3734,0.2644,14.0481
neutral,0.3028,0.5222,0.0135,-13.3121
neutral,0.4219,0.4236,0.0282,1.7869
neutral,0.3503,0.3943,0.1815,1.7703
neutral,0.3089,0.3815,0.1734,4.7484
neutral,0.2246,0.278,0.0109,-5.4466
neutral,0.4258,0.4396,0.2574,3.9666
neutral,0.1999,0.3442,0.0234,-0.6762
neutral,0.3009,0.4749,0.0146,-1.7353
neutral,0.2369,0.4109,0.1429,-0.3566
neutral,0.624,0.3558,0.0245,-5.096
neutral,0.1006,0.1044,0.0036,2.5074
neutral,0.4118,0.6772,0.0049,-0.9818
neutral,0.1874,0.4204,0.3095,-2.3156
neutral,0.3186,0.3278,0.0217,-2.6858
neutral,0.2449,0.4507,0.0622,-3.5483
neutral,0.36,0.4895,0.0083,0.4779
neutral,0.2604,0.4847,0.1234,7.6122
neutral,0.4505,0.483,0.1787,0.5902
neutral,0.3115,0.434,0.0472,3.8982
neutral,0.3732,0.5939,0.1323,-23.5912
neutral,0.0343,0.4903,0.1239,-7.5799
neutral,0.2975,0.4746,0.0187,-23.4979
neutral,0.2086,0.4581,0.0071,-4.4028
neutral,0.3331,0.4384,0.0282,-5.4305
neutral,0.3034,0.6502,0.0231,0.2335
neutral,0.3129,0.4442,0.0211,2.6063
neutral,0.2327,0.3901,0.2224,-0.2451
neutral,0.2204,0.5405,0.0216,-0.8925
neutral,0.2267,0.3061,0.1966,1.3908
neutral,0.3412,0.4553,0.0621,0.0148
neutral,0.3218,0.3215,0.048,21.3185
neutral,0.3805,0.4021,0.0236,6.1168
neutral,0.311,0.3464,0.0078,2.7314
neutral,0.3671,0.372,0.0089,-21.0183
neutral,0.2595,0.4799,0.0607,-34.1728
neutral,0.4129,0.4451,0.0872,3.1377
neutral,0.2696,0.4247,0.2956,-3.4664
neutral,0.2885,0.4851,0.0085,-3.8698
neutral,0.3214,0.4699,0.0067,-7.1922
neutral,0.4046,0.4705,0.1476,-0.912
neutral,0.3359,0.4694,0.0778,6.2233
neutral,0.36,0.4998,0.0504,-1.8015
neutral,0.2306,0.4504,0.0809,3.7026
neutral,0.1082,0.4559,0.3333,-9.6958
neutral,0.3475,0.5034,0.0154,-1.5382
neutral,0.2991,0.4651,0.0211,-7.2795
neutral,0.3362,0.5541,0.0171,4.8957
neutral,0.3633,0.3942,0.1305,6.6925
neutral,0.2521,0.3185,0.3363,4.7229
neutral,0.3743,0.4702,0.1242,-25.0702
neutral,0.3429,0.4275,0.2431,-21.3012
neutral,0.2645,0.4647,0.0062,0.048
neutral,0.3888,0.5032,0.0095,-4.1106
neutral,0.1272,0.4654,0.0113,4.7109
neutral,0.3411,0.3525,0.0883,-7.3711
neutral,0.564,0.2977,1.2903,5.2208
neutral,0.2879,0.1905,0.0323,18.1459
neutral,0.3313,0.4366,0.0439,8.4647
neutral,0.3139,0.4884,0.0441,0.3219
neutral,0.2397,0.4694,0.0584,20.9581
neutral,0.2439,0.316,0.0935,9.5086
neutral,0.3531,0.4688,0.1349,7.0247
neutral,0.0508,0.4545,0.0309,1.0472
neutral,0.363,0.5553,0.0507,-1.1831
neutral,0.4014,0.5085,0.0619,-0.771
neutral,0.0327,0.4041,0.0149,7.4585
neutral,0.3089,0.4151,0.0341,-6.9578
neutral,0.1312,0.3425,0.064,-1.9681
neutral,0.3836,0.4346,0.0176,-20.6926
neutral,0.239,0.4105,0.0186,-17.2353
neutral,0.2846,0.3932,0.0748,-0.4269
neutral,0.3112,0.4092,0.104,-0.2625
neutral,0.3419,0.5086,0.1814,-3.1081
neutral,0.1935,0.2904,0.0622,19.1643
neutral,0.3851,0.6094,0.0363,-6.6495
neutral,0.3878,0.4258,0.2552,-1.5297
neutral,0.3226,0.5569,0.0158,7.6751
neutral,0.2504,0.4057,0.0748,-13.2456
neutral,0.2161,0.3229,0.024,-1.4982
neutral,0.3884,0.4578,0.1935,-5.0533
neutral,0.4063,0.4802,0.0739,-8.8884
neutral,0.2862,0.3705,0.0348,5.5872
neutral,0.3173,0.4465,0.04,2.0945
neutral,0.367,0.3559,0.0577,27.3789
neutral,0.2874,0.4782,0.0981,-0.7236
neutral,0.3036,0.4729,0.0491,6.1535
neutral,0.2522,0.299,0.0143,-0.0689
neutral,0.3835,0.4445,0.0235,6.756
neutral,0.4075,0.5352,0.1093,1.0865
neutral,0.3962,0.4709,0.2191,-6.1603
neutral,0.3691,0.3324,0.2575,-31.3596
neutral,0.2844,0.4265,0.0332,-6.6334
neutral,0.2205,0.3059,0.0032,1.7382
neutral,0.052,0.3242,0.7229,14.7131
neutral,0.3064,0.5422,0.0054,-2.3579
neutral,0.3662,0.4731,0.0874,10.0015
neutral,0.3221,0.4044,0.0497,-0.939
neutral,0.3433,0.4405,0.1038,1.4158
neutral,0.3303,0.5684,0.0584,0.4637
neutral,0.4902,0.3549,0.0894,0.0531
neutral,0.3521,0.4162,0.1189,5.534
neutral,0.3662,0.4976,0.0049,-7.3481
neutral,0.2763,0.3885,0.0615,56.4535
neutral,0.381,0.4503,0.0608,4.7554
neutral,0.3306,0.4148,0.0176,-9.2173
neutral,0.4231,0.3447,0.1185,3.6903
neutral,0.4067,0.4016,0.1118,5.7817
neutral,0.0827,0.4021,0.0521,-10.0426
neutral,0.5054,0.427,0.0555,38.6213
neutral,0.3619,0.4909,0.1961,1.7784
neutral,0.3296,0.5237,0.0055,3.6239
neutral,0.3509,0.4873,0.0024,7.7764
neutral,0.2401,0.3931,0.1597,-10.511
neutral,0.3795,0.493,0.0242,1.9189
neutral,0.3363,0.416,0.2883,-3.3684
neutral,0.3917,0.5083,0.0588,1.2259
neutral,0.2759,0.4342,0.0066,5.5541
neutral,0.4568,0.575,0.0036,-1.5982
neutral,0.3017,0.6268,0.0784,-0.5675
neutral,0.2491,0.4185,0.0154,-24.6946
neutral,0.3279,0.3174,0.1398,9.9693
neutral,0.3357,0.3343,0.0444,-29.4429
neutral,0.3997,0.4616,0.0148,-3.9194
neutral,0.3891,0.4853,0.0528,-5.4886
neutral,0.3819,0.3141,0.2214,14.3915
neutral,0.1499,0.4069,0.0206,-5.3262
neutral,0.3774,0.5097,0.0404,-3.4003
neutral,0.2646,0.4688,0.175,-2.4395
neutral,0.3725,0.5895,0.0643,-8.3111
neutral,0.3598,0.2606,0.1735,-2.5859
neutral,0.234,0.3925,0.0075,-1.5278
neutral,0.2672,0.4695,0.0163,-0.7532
neutral,0.3593,0.532,0.0074,1.5706
neutral,0.2818,0.3639,0.1657,0.7057
neutral,0.2885,0.4174,0.0124,-6.2424
neutral,0.221,0.4112,0.0202,-0.2491
neutral,0.284,0.3771,0.1037,2.0725
neutral,0.3587,0.4819,0.051,-1.529
neutral,0.3304,0.4197,0.1701,-29.3214
neutral,0.3459,0.3506,0.0174,-2.813
neutral,0.2526,0.4377,0.0236,9.5
neutral,0.3304,0.3979,0.0436,-21.3761
neutral,0.27,0.403,0.0185,-7.9504
neutral,0.299,0.3454,0.0372,-2.0578
neutral,0.277,0.4918,0.0559,-0.0242
neutral,0.3759,0.3704,0.174,-1.135
neutral,0.3453,0.416,0.0213,4.5704
neutral,0.3241,0.3207,0.32,-0.0221
neutral,0.2327,0.3038,0.0061,-0.7901
neutral,0.2865,0.459,0.0371,-0.0352
neutral,0.2716,0.4404,0.1523,3.6292
neutral,0.1906,0.5544,0.0071,-2.3115
neutral,0.2099,0.3815,0.2548,-2.2937
neutral,0.1997,0.464,0.0191,0.9612
neutral,0.3533,0.5471,0.0528,14.4883
neutral,0.355,0.5114,0.0121,-7.2617
neutral,0.3228,0.4355,0.1999,-12.4863
neutral,0.4397,0.2855,0.2066,7.8226
neutral,0.3463,0.4319,0.033,-3.8355
neutral,0.3872,0.4899,0.0177,2.7225
neutral,0.348,0.4702,0.0232,-8.9177
neutral,0.3225,0.496,0.0889,-0.3771
neutral,0.2235,0.4,0.1729,0.3155
neutral,0.3021,0.386,0.1534,-8.3097
neutral,0.3339,0.4518,0.069,2.0031
neutral,0.3041,0.5427,0.0278,-0.6455
neutral,0.3434,0.4947,0.1314,-8.4594
neutral,0.3363,0.4076,0.0838,-9.6042
neutral,0.3245,0.4093,0.2554,-3.7657
neutral,0.1896,0.3245,0.0154,-7.7097
neutral,0.3734,0.382,0.0166,-22.3173
neutral,0.3895,0.6437,0.0104,-14.9545
neutral,0.3683,0.523,0.0165,-7.2207
neutral,0.3788,0.3722,0.0181,-1.5859
neutral,0.4009,0.6252,0.0225,-22.8138
neutral,0.394,0.5222,0.0524,-4.499
neutral,0.3868,0.4018,0.3199,5.8322
neutral,0.3803,0.4641,0.0161,-8.4445
neutral,0.3571,0.5088,0.0972,-5.5558
neutral,0.3892,0.396,0.0262,-2.0597
neutral,0.3857,0.5922,0.1114,0.2495
neutral,0.2921,0.4714,0.0216,-2.2545
neutral,0.3401,0.4401,0.0149,0.0973
neutral,0.0784,0.3859,0.1043,-9.7883
neutral,0.1911,0.4567,0.029,-9.343
neutral,0.3606,0.3446,0.1087,0.8107
neutral,0.2578,0.4111,0.2626,-0.1133
neutral,0.3469,0.3873,0.051,8.4455
neutral,0.3622,0.5519,0.2277,5.434
neutral,0.4549,0.5026,0.067,-10.7427
neutral,0.3142,0.3141,0.0202,-1.0028
neutral,0.3203,0.3438,0.1911,-3.9478
neutral,0.1735,0.3718,0.1432,29.7866
neutral,0.3315,0.4673,0.0472,-4.227
neutral,0.3895,0.4763,0.0217,-3.0275
neutral,0.3647,0.4891,0.2621,-1.882
neutral,0.3606,0.4053,0.0347,-2.9662
neutral,0.356,0.4881,0.017,0.594
neutral,0.343,0.5911,0.0765,-3.2993
neutral,0.1941,0.3768,0.0182,-0.0128
neutral,0.3862,0.5238,0.0759,-0.2986
neutral,0.3135,0.5862,0.0239,2.5873
neutral,0.3884,0.4111,0.2513,9.3763
neutral,0.337,0.3779,0.2376,-1.3112
neutral,0.3837,0.5507,0.0027,-1.1562
neutral,0.2963,0.4764,0.0755,3.3149
neutral,0.2929,0.4066,0.0056,4.5403
neutral,0.4366,0.4285,0.4026,-2.6247
neutral,0.326,0.5051,0.071,3.0326
neutral,0.2236,0.3451,0.1593,12.1328
neutral,0.3019,0.3726,0.0997,-4.8591
neutral,0.0262,0.4454,0.7721,-15.0241
neutral,0.1557,0.2535,0.0994,-24.0403
neutral,0.2493,0.4887,0.0083,-7.122
neutral,0.0476,0.57,0.0626,-23.884
neutral,0.453,0.5189,0.0357,-1.03
neutral,0.3571,0.5374,0.0546,-4.332
neutral,0.1878,0.3883,0.2031,2.8316
neutral,0.2993,0.5124,0.0017,0.6342
neutral,0.2203,0.3421,0.0552,3.091
neutral,0.4452,0.4125,0.1676,4.7624
neutral,0.135,0.4088,0.0953,-6.045
neutral,0.4354,0.5674,0.02,4.5685
neutral,0.3041,0.3257,0.0119,-0.9874
neutral,0.3559,0.505,0.1144,-19.4558
neutral,0.3265,0.4366,0.0048,-2.2733
neutral,0.3715,0.3967,0.2404,5.3204
neutral,0.3179,0.5239,0.0302,8.3096
neutral,0.3702,0.4743,0.0838,-5.485
neutral,0.1738,0.3142,0.1405,-2.9225
neutral,0.3165,0.4665,0.009,-3.7525
neutral,0.1377,0.3723,0.0047,1.3913
neutral,0.3026,0.4722,0.036,2.1411
neutral,0.2474,0.4106,0.0161,-3.6865
neutral,0.2756,0.4899,0.0253,-0.9872
neutral,0.1936,0.4103,0.0049,-6.4121
neutral,0.3317,0.3333,0.1163,6.9503
neutral,0.2989,0.4461,0.0208,-5.1592
neutral,0.349,0.5138,0.1533,0.2784
neutral,0.2876,0.4824,0.0657,-1.2633
neutral,0.293,0.4966,0.0079,1.6461
neutral,0.5013,0.2882,0.046,19.6476
neutral,0.3105,0.4145,0.0308,0.5123
neutral,0.3186,0.5048,0.0125,-6.3285
neutral,0.2168,0.1948,0.3286,-33.5488
neutral,0.3463,0.5381,0.0136,-5.0105
neutral,0.364,0.4042,0.0035,-6.8288
neutral,0.0522,0.3973,0.32,-1.0758
neutral,0.3174,0.6181,0.0104,15.7369
neutral,0.3365,0.2999,0.0348,-6.5595
neutral,0.1545,0.3751,0.1214,-17.4338
neutral,0.3325,0.3266,0.0106,-25.1079
neutral,0.2956,0.3477,0.098,-11.7519
neutral,0.3454,0.5087,0.0362,-4.379
neutral,0.3095,0.3461,0.0319,-11.5083
neutral,0.3407,0.4506,0.0651,1.1375
neutral,0.4026,0.3787,0.2246,-1.7831
neutral,0.2543,0.4918,0.0101,-0.597
neutral,0.3624,0.439,0.0045,-23.5355
neutral,0.4686,0.4267,0.0136,-8.8434
neutral,0.3757,0.3765,0.0608,4.3806
neutral,0.321,0.5689,0.0028,-1.68
neutral,0.4152,0.4808,0.0905,0.6367
neutral,0.3841,0.4793,0.0267,-21.9661
neutral,0.3379,0.4345,0.1158,-4.2648
neutral,0.42,0.4627,0.0239,3.5526
neutral,0.3458,0.4691,0.2333,-0.7864
neutral,0.1885,0.3668,0.0617,9.2738
neutral,0.102,0.4533,0.0168,13.5609
neutral,0.4013,0.5623,0.0076,27.0545
neutral,0.321,0.4455,0.1986,-0.7683
neutral,0.3412,0.483,0.0351,4.6969
neutral,0.2985,0.4183,0.0369,14.8368
neutral,0.3796,0.4848,0.0046,-1.0863
neutral,0.3624,0.5356,0.0448,6.3529
neutral,0.402,0.4154,0.0755,14.0841
neutral,0.5536,0.2909,0.5797,6.7985
neutral,0.219,0.3853,0.0079,-1.7202
neutral,0.4183,0.6181,0.0016,23.0761
neutral,0.2576,0.4488,0.1218,-4.1684
neutral,0.2935,0.5162,0.0202,-15.4567
neutral,0.359,0.5608,0.2099,-34.2918
neutral,0.2897,0.4496,0.0416,-7.4599
neutral,0.2664,0.4509,0.1316,-2.2668
neutral,0.3552,0.3329,0.0096,-7.514
neutral,0.2693,0.1903,0.1245,27.4435
neutral,0.147,0.3977,0.0815,-3.6475
neutral,0.3453,0.4602,0.0359,1.8052
neutral,0.3105,0.4251,0.1348,-3.3088
neutral,0.274,0.5939,0.0194,0.7668
neutral,0.3179,0.3729,0.2884,-1.7245
neutral,0.3236,0.4999,0.0423,-5.1305
neutral,0.2889,0.4826,0.0096,-2.9065
neutral,0.3649,0.3882,0.072,11.4397
neutral,0.3763,0.527,0.249,-2.5407
neutral,0.1192,0.4404,0.0099,-8.2434
neutral,0.1902,0.363,0.1192,3.8026
neutral,0.3681,0.6188,0.0059,-1.934
neutral,0.2919,0.3008,0.0201,2.4748
neutral,0.1862,0.3005,0.068,-7.1394
neutral,0.2104,0.373,0.0423,0.7184
neutral,0.3646,0.4378,0.0212,0.0911
neutral,0.3377,0.4404,0.011,4.4588
neutral,0.0845,0.4321,0.2696,-7.8365
neutral,0.3103,0.4023,0.006,-5.7973
neutral,0.3294,0.551,0.333,-2.233
neutral,0.3436,0.5203,0.0221,6.2794
neutral,0.3954,0.4806,0.0578,3.2751
neutral,0.3748,0.4086,0.0084,2.2051
neutral,0.1749,0.3513,0.0149,5.4498
neutral,0.3821,0.5214,0.1558,1.0243
neutral,0.2039,0.4808,0.0291,-0.5533
neutral,0.39,0.5409,0.0111,2.4192
neutral,0.258,0.5012,0.0066,-11.7942
neutral,0.3319,0.484,0.0261,4.5298
neutral,0.4188,0.5271,0.0083,1.241
neutral,0.3493,0.418,0.1586,-0.7645
neutral,0.2399,0.3647,0.0197,-5.1935
neutral,0.3468,0.4096,0.1883,1.1234
neutral,0.2969,0.3962,0.0652,5.0779
neutral,0.2476,0.4757,0.1781,-5.0069
neutral,0.3771,0.3918,0.0515,32.2476
neutral,0.3219,0.3438,0.0902,-4.7816
neutral,0.4308,0.5018,0.0139,-37.4813
neutral,0.2785,0.3923,0.0419,7.9921
neutral,0.3981,0.4408,0.0098,-4.16
neutral,0.2891,0.4114,0.0655,-14.8892
neutral,0.0629,0.3053,0.0493,-26.7064
neutral,0.4186,0.4281,0.0045,0.7569
neutral,0.3199,0.3565,0.0084,0.346
neutral,0.3751,0.4887,0.2974,0.5039
neutral,0.3995,0.4577,0.0571,-0.8191
neutral,0.3807,0.4094,0.1157,-1.5887
neutral,0.3327,0.4387,0.1352,-6.8577
neutral,0.4089,0.3457,0.1096,-14.0426
neutral,0.2241,0.436,0.3341,4.7782
neutral,0.3193,0.396,0.1304,-41.2822
neutral,0.361,0.4038,0.1291,2.9874
neutral,0.308,0.4615,0.0126,0.3054
neutral,0.0347,0.2773,0.0617,-43.739
neutral,0.3496,0.4596,0.0347,0.9608
neutral,0.3287,0.5099,0.0177,-14.5962
neutral,0.4016,0.4772,0.0439,-11.5412
neutral,0.443,0.3041,0.1333,-1.7108
neutral,0.3135,0.4595,0.2063,-3.9513
neutral,0.2909,0.4499,0.0223,-0.8668
neutral,0.387,0.444,0.0221,-0.6328
neutral,0.2824,0.4301,0.0169,-3.7048
neutral,0.3292,0.4887,0.0685,-20.5805
neutral,0.2867,0.4687,0.1623,8.6665
neutral,0.3304,0.4427,0.0569,0.8683
neutral,0.4388,0.3952,0.0241,18.1971
neutral,0.2633,0.422,0.0239,-0.0247
neutral,0.33,0.4807,0.1144,-16.3767
neutral,0.3578,0.5071,0.0091,-5.2364
neutral,0.4175,0.249,0.4082,23.8816
neutral,0.3206,0.4884,0.2741,3.7209
neutral,0.1158,0.3438,0.0112,4.8403
neutral,0.277,0.4242,0.2138,-11.4706
neutral,0.0555,0.3979,0.781,3.7808
neutral,0.1977,0.3699,0.0067,-17.7805
neutral,0.3841,0.4265,0.0123,5.1811
neutral,0.1944,0.4524,0.134,-0.615
neutral,0.3124,0.4859,0.041,1.8682
neutral,0.3355,0.4091,0.004,-13.7735
neutral,0.2941,0.4482,0.1407,-3.1274
neutral,0.4078,0.5213,0.1285,29.7894
neutral,0.3043,0.444,0.0611,-0.2551
neutral,0.3324,0.4678,0.0246,2.1775
neutral,0.0578,0.3779,0.4139,-22.0313
neutral,0.3902,0.469,0.0248,2.4215
neutral,0.3649,0.5218,0.0709,-16.0251
neutral,0.3056,0.419,0.2344,-1.7631
neutral,0.3262,0.3925,0.1161,20.1728
neutral,0.4281,0.3918,0.0384,-1.9631
neutral,0.3223,0.4864,0.0738,0.4014
neutral,0.3279,0.5863,0.0127,-20.4648
neutral,0.3471,0.3736,0.105,-8.0126
neutral,0.1977,0.4881,0.0296,11.93
neutral,0.4349,0.432,0.0118,-0.6533
neutral,0.3242,0.4382,0.2332,1.5281
neutral,0.3579,0.4897,0.0099,4.0543
neutral,0.3,0.442,0.0073,0.7295
neutral,0.3294,0.487,0.0467,-3.4543
neutral,0.3823,0.5503,0.0279,-2.5436
neutral,0.0228,0.5765,0.1212,1.913
neutral,0.3234,0.5279,0.0281,-2.9988
neutral,0.3933,0.4165,0.0077,23.0582
neutral,0.3514,0.4224,0.0098,2.639
neutral,0.3357,0.3958,0.2257,-2.3166
neutral,0.1664,0.3235,0.3496,-12.5149
neutral,0.2985,0.4708,0.0214,-1.729
neutral,0.3274,0.4453,0.0149,-3.6916
neutral,0.4215,0.295,0.1809,-37.7195
neutral,0.3149,0.6376,0.351,-1.7549
neutral,0.3501,0.3956,0.2135,-0.4981
neutral,0.2006,0.4173,0.1552,-3.8095
neutral,0.303,0.5034,0.0185,2.7633
neutral,0.3705,0.4757,0.2093,0.2313
neutral,0.2238,0.2922,0.0094,6.847
neutral,0.3187,0.4576,0.0029,-4.1533
neutral,0.3713,0.5807,0.0056,12.4434
neutral,0.1698,0.2976,0.0089,25.4548
neutral,0.1733,0.4526,0.0222,-7.516
neutral,0.3748,0.4086,0.0084,2.2051
neutral,0.3244,0.4773,0.1082,0.2709
neutral,0.2167,0.2787,0.0131,-0.2972
neutral,0.3236,0.4189,0.1047,1.9272
neutral,0.2339,0.4485,0.012,-3.2263
neutral,0.3167,0.4296,0.188,3.7074
neutral,0.3045,0.4009,0.0005,-4.7284
neutral,0.272,0.5792,0.0045,-17.3007
neutral,0.3052,0.5446,0.0008,10.4295
neutral,0.4097,0.435,0.1398,-4.572
neutral,0.3076,0.3005,0.1773,3.1009
neutral,0.3581,0.5054,0.0349,-0.0564
neutral,0.27,0.4567,0.0857,3.8431
neutral,0.3414,0.4724,0.1326,-2.7215
neutral,0.3605,0.4557,0.1762,-4.2667
neutral,0.4396,0.5808,0.0057,10.0033
neutral,0.3482,0.576,0.0212,11.7315
neutral,0.3695,0.5321,0.2627,-0.1115
neutral,0.2926,0.4668,0.0593,6.9462
neutral,0.2497,0.4557,0.1853,3.0569
neutral,0.2783,0.4413,0.0328,-0.6468
neutral,0.3586,0.454,0.0774,-4.0502
neutral,0.2954,0.5321,0.0356,-9.5798
neutral,0.3208,0.5226,0.0037,-2.6807
neutral,0.3467,0.5264,0.2303,19.9484
neutral,0.1752,0.513,0.0873,14.8756
neutral,0.1633,0.3226,0.0048,70.8548
neutral,0.3236,0.4323,0.0918,0.615
neutral,0.1055,0.432,0.0038,1.5191
neutral,0.3321,0.4216,0.0063,14.9732
neutral,0.3794,0.5079,0.1255,-0.8991
neutral,0.3867,0.381,0.287,-7.9059
neutral,0.2983,0.4192,0.0133,-1.6203
neutral,0.311,0.5226,0.0099,-1.6497
neutral,0.3475,0.4605,0.0231,-5.0511
neutral,0.234,0.3925,0.0075,-1.5278
neutral,0.3758,0.4607,0.4093,0.4139
neutral,0.2097,0.3699,0.012,13.7471
neutral,0.2491,0.3681,0.0174,-7.3203
neutral,0.3376,0.4928,0.0324,1.8291
neutral,0.2918,0.522,0.0716,-13.519
neutral,0.2225,0.3843,0.0289,7.9927
neutral,0.264,0.4991,0.0765,-13.1245
bored,0.3911,0.5259,0.1953,6.2362
bored,0.08,0.4399,0.0055,-0.0929
bored,0.3303,0.3851,0.1784,-2.7765
bored,0.2194,0.3531,0.0191,-18.882
bored,0.3828,0.5016,0.0083,-2.0466
bored,0.1025,0.4337,0.1122,-53.216
bored,0.2968,0.4718,0.0344,0.8167
bored,0.3857,0.4053,0.0436,-5.2542
bored,0.4747,0.4658,0.0456,29.664
bored,0.1098,0.3145,0.0857,-18.6532
bored,0.1685,0.3845,0.128,-5.1676
bored,0.286,0.5506,0.1764,0.4825
bored,0.2198,0.308,0.0682,38.0064
bored,0.3811,0.5724,0.0532,-4.3743
bored,0.1917,0.4833,0.0303,-17.5843
bored,0.3048,0.6465,0.0088,10.8395
bored,0.3019,0.4848,0.2344,-1.5871
bored,0.3595,0.4599,0.0128,-0.7119
bored,0.3614,0.4785,0.0029,1.3103
bored,0.1464,0.4513,0.1592,1.4846
bored,0.0488,0.3778,0.0388,12.1962
bored,0.3516,0.584,0.0084,-18.2987
bored,0.375,0.4155,0.0753,5.5742
bored,0.0437,0.4667,0.1689,15.117
bored,0.147,0.359,0.0059,8.8296
bored,0.1431,0.4467,0.2102,-3.0764
bored,0.3378,0.4407,0.1919,2.2814
bored,0.2492,0.5075,0.0019,-3.6081
bored,0.0444,0.4889,0.1127,-2.339
bored,0.3899,0.5658,0.0118,6.4891
bored,0.2141,0.4165,0.0228,-31.7992
bored,0.2804,0.4167,0.0191,4.0105
bored,0.3648,0.3989,0.0232,-3.2797
bored,0.3648,0.5371,0.0705,1.0882
bored,0.3097,0.477,0.0097,4.9499
bored,0.3137,0.549,0.0051,-32.0539
bored,0.2889,0.4459,0.0407,-17.5334
bored,0.3314,0.4674,0.0443,-2.9751
bored,0.5114,0.3132,0.0489,-33.919
bored,0.1365,0.4226,0.0321,26.1471
bored,0.0865,0.4155,0.1477,-11.4031
bored,0.2872,0.5218,0.1374,-54.9979
bored,0.3727,0.2562,0.1042,0.8211
bored,0.4576,0.5815,0.017,-13.5468
bored,0.0814,0.3951,0.0186,-3.0637
bored,0.2417,0.4685,0.0146,-11.3259
bored,0.285,0.5212,0.2094,-2.1054
bored,0.205,0.4865,0.0197,0.2378
bored,0.3636,0.4716,0.086,-3.6678
bored,0.3565,0.4139,0.0251,17.0087
bored,0.3615,0.4614,0.0166,-5.7772
bored,0.0853,0.312,0.0327,-31.6585
bored,0.0755,0.4711,0.1799,-0.9445
bored,0.2075,0.4538,0.0142,-4.5753
bored,0.3484,0.4216,0.0054,14.84
bored,0.3016,0.4252,0.0932,-1.7935
bored,0.2658,0.3166,0.0804,7.7517
bored,0.3211,0.5667,0.2091,-10.471
bored,0.13,0.5405,0.0257,6.5324
bored,0.3022,0.4323,0.0085,0.4291
bored,0.346,0.4655,0.2579,2.8844
bored,0.3975,0.5201,0.099,1.5678
bored,0.1192,0.3898,0.1762,12.5925
bored,0.0642,0.3193,0.4749,-13.2664
bored,0.3232,0.471,0.001,-2.1087
bored,0.2362,0.4148,0.0093,4.9492
bored,0.3405,0.3764,0.0184,6.1359
bored,0.243,0.4179,0.2369,2.5518
bored,0.2458,0.4775,0.0942,-31.4187
bored,0.1228,0.3171,0.06,20.8051
bored,0.3845,0.5348,0.0869,2.4437
bored,0.4105,0.3238,0.0469,-22.9365
bored,0.3436,0.2864,0.1058,-11.5003
bored,0.1587,0.37,0.2894,-21.9193
bored,0.0575,0.5256,0.0042,-8.5115
bored,0.3419,0.3313,0.0042,21.3337
bored,0.2976,0.2093,0.0237,26.6384
bored,0.3016,0.4252,0.0932,-1.7935
bored,0.4358,0.475,0.047,-24.4176
bored,0.2483,0.4259,0.2439,0.2935
bored,0.3816,0.4414,0.0385,-14.0674
bored,0.3079,0.4377,0.202,46.2373
bored,0.3182,0.4892,0.0186,-2.3907
bored,0.0367,0.4456,0.2354,-9.1439
bored,0.3045,0.4644,0.034,36.1181
bored,0.3202,0.3921,0.0088,-0.27
bored,0.4359,0.4646,0.1521,-2.8607
bored,0.1978,0.3606,0.0049,-9.0903
bored,0.1504,0.4033,0.0073,-3.1014
bored,0.3396,0.5091,0.0093,-2.9145
bored,0.3346,0.3862,0.0164,5.7742
bored,0.3021,0.5895,0.0329,-1.5222
bored,0.3935,0.12,0.0316,-45.1982
bored,0.2924,0.5084,0.0042,-8.4086
bored,0.2095,0.5064,0.0209,-11.7436
bored,0.2396,0.4594,0.1019,-9.6286
bored,0.3806,0.4622,0.1924,4.4284
bored,0.2062,0.4045,0.0123,1.1096
bored,0.193,0.4741,0.0094,-11.3971
bored,0.1197,0.3723,0.0782,-21.7713
bored,0.2853,0.5082,0.0071,-3.4959
bored,0.365,0.4483,0.1711,5.7305
bored,0.0789,0.5021,0.0262,15.322
bored,0.3214,0.359,0.019,-3.9708
bored,0.3052,0.4984,0.0695,-25.3467
bored,0.027,0.3014,0.0453,4.9334
bored,0.1031,0.4994,0.0016,1.2034
bored,0.3876,0.4779,0.0063,-5.9567
bored,0.3874,0.5215,0.0316,-7.6964
bored,0.0306,0.4083,0.2574,-3.9345
bored,0.3554,0.4926,0.0215,-7.5237
bored,0.0559,0.4905,0.264,-39.8926
bored,0.3784,0.4058,0.2515,-6.7684
bored,0.2909,0.5167,0.0064,-7.2699
bored,0.2642,0.5325,0.0071,-1.6773
bored,0.3878,0.3886,0.1232,-3.2269
bored,0.136,0.4918,0.077,1.6559
bored,0.3335,0.4505,0.0046,-4.1396
bored,0.268,0.4286,0.0328,-2.6998
bored,0.0594,0.2177,0.4267,-3.0234
bored,0.2905,0.5152,0.0124,-0.3572
bored,0.3048,0.4507,0.0292,11.1285
bored,0.3737,0.4556,0.2516,2.4494
bored,0.3511,0.4077,0.3973,-0.975
bored,0.3162,0.583,0.0199,1.4198
bored,0.144,0.5148,0.0154,-6.5181
bored,0.2682,0.4129,0.0872,-14.2342
bored,0.2938,0.2912,0.0585,-25.2917
bored,0.3287,0.4187,0.1381,-4.1399
bored,0.3567,0.4322,0.0165,8.262
bored,0.3616,0.5034,0.2137,0.3312
bored,0.2731,0.4269,0.207,-3.879
bored,0.3851,0.4738,0.0342,-0.6702
bored,0.2733,0.5696,0.0198,-18.2795
bored,0.3532,0.4397,0.0139,-0.5511
bored,0.0789,0.3003,0.1814,-11.038
bored,0.293,0.3637,0.8313,-6.4708
bored,0.2759,0.387,0.0084,7.9457
bored,0.1597,0.4287,0.0785,-2.5844
bored,0.0717,0.3126,0.1361,-2.9617
bored,0.3267,0.2941,0.0144,-13.1333
bored,0.2396,0.1843,0.1359,-11.0746
bored,0.4059,0.5155,0.0227,32.9519
bored,0.3614,0.3997,0.0075,4.5624
bored,0.3691,0.3712,0.0082,-28.5111
bored,0.4148,0.4589,0.0415,4.9707
bored,0.253,0.3161,0.1623,29.1442
bored,0.1033,0.5824,0.008,15.6104
bored,0.2832,0.5716,0.0178,38.042
bored,0.2949,0.4021,0.004,-6.9909
bored,0.1074,0.4585,0.0123,-21.9224
bored,0.4193,0.4051,0.4339,-9.7028
bored,0.3441,0.5524,0.0337,-1.7905
bored,0.4134,0.5076,0.0246,-0.2298
bored,0.1233,0.5108,0.0109,-9.9216
bored,0.1961,0.5126,0.0246,12.4788
bored,0.3035,0.457,0.0022,-6.5945
bored,0.4515,0.373,0.0772,-16.7254
bored,0.1138,0.425,0.0777,-9.6573
bored,0.1645,0.4437,0.1807,-7.5645
bored,0.315,0.4191,0.0399,0.8803
bored,0.3533,0.4719,0.037,-2.4377
bored,0.3468,0.4384,0.0446,-0.4106
bored,0.0348,0.4309,0.0096,13.2215
bored,0.2387,0.2021,0.0151,39.7965
bored,0.3655,0.37,0.1256,15.3375
bored,0.4011,0.3728,0.0184,-9.2377
bored,0.3909,0.5329,0.1563,3.9021
bored,0.08,0.4818,0.0108,0.163
bored,0.0384,0.4726,0.1509,2.0368
bored,0.2103,0.4489,0.4394,1.9697
bored,0.4481,0.5649,0.203,13.1373
bored,0.3407,0.4635,0.0694,-12.1081
bored,0.3627,0.487,0.0675,-6.7546
bored,0.2168,0.5311,0.0027,-10.0742
bored,0.1529,0.4039,0.1662,-6.3014
bored,0.2447,0.5297,0.0084,-15.8684
bored,0.0164,0.3691,0.3849,6.8742
bored,0.3759,0.4078,0.1861,-4.8561
bored,0.3209,0.3138,0.0128,-21.8002
bored,0.1178,0.3272,0.0218,16.5689
bored,0.0916,0.5137,0.0403,-17.6909
bored,0.1953,0.2957,0.0174,-5.8649
bored,0.3332,0.4335,0.0212,15.0131
bored,0.2319,0.2922,0.116,13.4478
bored,0.3108,0.4189,0.0583,-11.4769
bored,0.0694,0.476,0.0251,11.0371
bored,0.0785,0.3641,0.3668,41.7516
bored,0.1049,0.2313,0.3088,-4.1753
bored,0.0795,0.5331,0.009,-1.8109
bored,0.151,0.398,0.0047,-2.4556
bored,0.3197,0.5127,0.0148,-0.5607
bored,0.4518,0.4317,0.1091,1.5568
bored,0.2696,0.419,0.0583,0.9414
bored,0.3289,0.6028,0.0304,-22.6741
bored,0.2556,0.2763,0.0828,-35.9498
bored,0.0518,0.3924,0.1575,0.2684
bored,0.0289,0.4548,0.1903,-25.1225
bored,0.2127,0.4487,0.054,-0.3369
bored,0.344,0.512,0.0108,3.591
bored,0.3387,0.6826,0.0019,-0.5129
bored,0.2986,0.4056,0.2226,3.4984
bored,0.2932,0.5049,0.1125,13.5645
bored,0.332,0.5641,0.0243,-3.4802
bored,0.2459,0.4686,0.1174,-25.2113
bored,0.3024,0.2634,0.0103,31.5421
bored,0.1799,0.3441,0.0285,4.8761
bored,0.075,0.4039,0.0148,-0.9995
bored,0.3848,0.4623,0.0873,-1.2746
bored,0.2408,0.4035,0.0199,-7.7269
bored,0.3888,0.5295,0.1281,-22.6037
bored,0.309,0.5078,0.0192,-2.5641
bored,0.3721,0.5539,0.0074,-4.4412
bored,0.2377,0.2471,0.0185,1.5235
bored,0.2397,0.5886,0.004,4.8332
bored,0.1266,0.3612,0.1079,12.2836
bored,0.2596,0.7287,0.0076,1.1856
bored,0.2088,0.3028,0.1151,-0.768
bored,0.2656,0.1568,0.028,23.8768
bored,0.3153,0.5385,0.0075,-19.9051
bored,0.319,0.5081,0.0051,3.8908
bored,0.3612,0.4854,0.0066,-0.5038
bored,0.3567,0.4891,0.004,-5.5474
bored,0.3836,0.4415,0.0461,13.5565
bored,0.1154,0.3427,0.6756,-1.834
bored,0.338,0.5053,0.4491,5.4334
bored,0.1051,0.5529,0.0224,12.498
bored,0.2446,0.479,0.4179,-21.7094
bored,0.3746,0.4277,0.0058,-8.2606
bored,0.2494,0.4053,0.0182,7.1232
bored,0.1537,0.4782,0.0469,-3.7635
bored,0.0919,0.4744,0.021,15.9304
bored,0.1227,0.5817,0.0178,2.0823
bored,0.3062,0.3477,0.2236,-13.4932
bored,0.3612,0.5885,0.0173,-11.8542
bored,0.2267,0.4181,0.004,-34.6145
bored,0.2123,0.4455,0.0174,1.2233
bored,0.3329,0.4721,0.2715,11.5524
bored,0.3711,0.486,0.1798,-2.557
bored,0.2856,0.3084,0.0075,-5.5472
bored,0.0426,0.3155,0.4602,-13.3648
bored,0.0496,0.5045,0.0491,-23.1723
bored,0.4607,0.298,0.023,37.7568
bored,0.3518,0.5563,0.0042,-0.5352
bored,0.0844,0.3734,0.0799,-12.3357
bored,0.0828,0.3405,0.127,-7.7033
bored,0.4457,0.3894,0.3138,-2.1057
bored,0.2971,0.4188,0.0176,-13.9679
bored,0.182,0.3959,0.0134,3.468
bored,0.2966,0.3356,0.0746,-13.095
bored,0.3051,0.333,0.0616,25.9493
bored,0.2123,0.3596,0.234,-37.1622
bored,0.0928,0.412,0.1647,-1.0814
bored,0.1588,0.3523,0.0658,-10.5855
bored,0.2813,0.3614,0.0317,-4.0759
bored,0.2638,0.3404,0.017,-11.1188
bored,0.2927,0.3855,0.0219,-6.8658
bored,0.2084,0.4275,0.0489,9.8217
bored,0.2812,0.2752,0.0484,-27.4264
bored,0.4098,0.4861,0.0948,1.3612
bored,0.2077,0.4907,0.0055,-1.7204
bored,0.2797,0.5029,0.0403,5.5465
bored,0.2585,0.3749,0.0337,-18.8413
bored,0.2249,0.4786,0.0892,-7.1979
bored,0.0281,0.499,0.0021,-1.9521
bored,0.1227,0.4514,0.1714,-28.9736
bored,0.2996,0.4722,0.0038,-1.2037
bored,0.3142,0.717,0.0113,-4.382
bored,0.047,0.4163,0.0051,-1.7883
bored,0.1868,0.2831,0.292,-6.1254
bored,0.1333,0.4343,0.0109,-4.7437
bored,0.6361,0.2169,0.1475,-29.6648
bored,0.0907,0.5345,0.0125,1.8883
bored,0.2645,0.4869,0.0884,-6.292
bored,0.1621,0.2759,0.0902,24.2895
bored,0.4061,0.5266,0.0034,1.7995
bored,0.1275,0.4926,0.0597,-2.9074
bored,0.2861,0.2391,0.191,-21.6868
bored,0.2919,0.4168,0.0424,0.0724
bored,0.3381,0.4323,0.0756,-23.9413
bored,0.4046,0.5033,0.096,-4.0757
bored,0.3979,0.4115,0.0098,-2.4304
bored,0.2311,0.3699,0.3959,-4.3163
bored,0.3292,0.4561,0.0816,3.0815
bored,0.0235,0.3736,0.3854,5.9393
bored,0.3811,0.5724,0.0532,-4.3743
bored,0.191,0.3264,0.3356,-40.5909
bored,0.0518,0.4019,0.071,11.3162
bored,0.1454,0.5699,0.0693,2.7925
bored,0.1677,0.4953,0.0114,-21.1285
bored,0.1378,0.2337,0.4039,23.2045
bored,0.0555,0.2509,0.0177,-34.2878
bored,0.3043,0.4742,0.0326,-5.0627
bored,0.3086,0.4728,0.0628,0.8058
bored,0.3296,0.4971,0.0118,-3.6244
bored,0.285,0.3986,0.0152,-8.864
bored,0.6245,0.4148,0.0368,-47.3711
bored,0.0862,0.4452,0.0128,-4.3919
bored,0.2719,0.4557,0.07,1.0898
bored,0.4746,0.3998,0.4794,0.0848
bored,0.0759,0.3537,0.023,-12.3641
bored,0.063,0.4027,0.3865,3.2578
bored,0.149,0.294,0.0029,-0.3207
bored,0.2458,0.4732,0.0552,-30.9958
bored,0.366,0.4736,0.0122,-5.6203
bored,0.1757,0.5743,0.0076,2.7509
bored,0.3285,0.471,0.0216,-6.4487
bored,0.2781,0.4402,0.0845,-0.0032
bored,0.2623,0.4308,0.1984,-0.1145
bored,0.4086,0.4789,0.0311,-6.1129
bored,0.1906,0.4809,0.0594,0.1751
bored,0.2981,0.4961,0.2561,-3.2825
bored,0.2256,0.2396,0.1814,-23.2595
bored,0.4209,0.4415,0.205,9.6497
bored,0.3987,0.4625,0.1337,-10.7663
bored,0.0164,0.5068,0.0201,4.4688
bored,0.3279,0.4885,0.0168,-5.9046
bored,0.1893,0.4252,0.2668,-2.8018
bored,0.1117,0.4909,0.005,-15.645
bored,0.3185,0.4783,0.005,3.1635
bored,0.2172,0.4555,0.0228,-1.7274
bored,0.1264,0.4509,0.0427,-7.3656
bored,0.2238,0.4168,0.4062,2.7794
bored,0.4375,0.6328,0.0101,-15.7474
bored,0.4361,0.3786,0.1117,1.3638
bored,0.3756,0.582,0.0064,10.9478
bored,0.5733,0.3777,0.3919,-6.7556
bored,0.3646,0.4787,0.0424,-5.8224
bored,0.1842,0.4307,0.319,2.7616
bored,0.0669,0.4451,0.0219,-19.3991
bored,0.3841,0.4238,0.2162,-12.1988
bored,0.1237,0.3595,0.0387,-28.4345
bored,0.3076,0.2501,0.0293,30.7763
bored,0.2698,0.2382,0.0911,4.4602
bored,0.3658,0.3563,0.0194,-32.8525
bored,0.1771,0.4263,0.0106,-8.7114
bored,0.2041,0.4447,0.1805,-5.2556
bored,0.3471,0.6725,0.0196,2.15
bored,0.2253,0.4046,0.021,2.7563
bored,0.0865,0.2951,0.1127,-9.9295
bored,0.1377,0.2993,0.1442,13.9784
bored,0.0378,0.5681,0.0291,3.2439
bored,0.2095,0.3717,0.0054,2.292
bored,0.3235,0.5013,0.107,-8.8983
bored,0.2479,0.4865,0.3121,3.0621
bored,0.1994,0.5498,0.1551,0.3214
bored,0.1428,0.4322,0.1315,5.4308
bored,0.3238,0.4924,0.0186,-2.2633
bored,0.3428,0.3759,0.0144,7.6444
bored,0.3202,0.5586,0.0506,1.1265
bored,0.2711,0.3624,0.0184,16.5534
bored,0.183,0.3488,0.0607,6.6907
bored,0.3179,0.362,0.0202,-3.5469
bored,0.3112,0.3567,0.0291,34.138
bored,0.3415,0.3531,0.2692,5.734
bored,0.0749,0.5935,0.011,4.4849
bored,0.3521,0.3814,0.0224,1.8058
bored,0.4224,0.2416,0.1511,9.7035
bored,0.297,0.2517,0.2669,-45.7819
bored,0.2141,0.432,0.0628,21.7745
bored,0.0669,0.4933,0.0018,-24.5363
bored,0.2275,0.4287,0.0346,11.7432
bored,0.3308,0.4345,0.0921,-4.1088
bored,0.3166,0.3419,0.0183,33.9896
bored,0.0856,0.5132,0.03,37.2695
bored,0.228,0.3849,0.3145,-5.7028
bored,0.2434,0.4705,0.0252,-0.3495
bored,0.4317,0.676,0.004,3.4118
bored,0.1256,0.4629,0.0082,3.0878
bored,0.1377,0.5198,0.0503,-1.9641
bored,0.2356,0.2818,0.2326,-4.7456
bored,0.2954,0.4967,0.0036,-6.5754
bored,0.1549,0.4466,0.001,-8.1009
bored,0.0327,0.4198,0.0608,1.7941
bored,0.1845,0.4407,0.0025,-2.6874
bored,0.1324,0.4345,0.0957,-21.2771
bored,0.3361,0.4683,0.2193,-5.7317
bored,0.3905,0.651,0.011,-14.8263
bored,0.1142,0.5188,0.0067,4.7434
bored,0.3543,0.2874,0.028,-19.094
bored,0.025,0.4457,0.4737,17.724
bored,0.0388,0.571,0.0133,-41.8527
bored,0.6469,0.2163,0.2103,62.2584
bored,0.3977,0.445,0.1135,-14.3034
bored,0.3994,0.4113,0.0655,4.2327
bored,0.5369,0.4836,0.0138,-12.0529
bored,0.3379,0.438,0.2328,-1.6991
bored,0.3027,0.4153,0.0111,-3.2034
bored,0.3467,0.3431,0.035,-10.215
bored,0.3481,0.3295,0.844,-6.385
bored,0.3806,0.528,0.0669,-0.328
bored,0.3333,0.5152,0.5553,7.5449
bored,0.3357,0.2672,0.0313,-22.2977
bored,0.2995,0.5888,0.0095,15.5441
bored,0.1458,0.3145,0.3038,-7.4217
bored,0.1093,0.5157,0.0375,-3.9989
bored,0.19,0.4227,0.4676,4.1218
bored,0.0411,0.5537,0.0078,-15.2073
bored,0.4566,0.4714,0.0038,15.9993
bored,0.1088,0.4868,0.0429,-20.2605
bored,0.2622,0.4335,0.0069,0.8604
bored,0.2093,0.3475,0.1989,-2.4824
bored,0.1908,0.3247,0.0152,-0.02
bored,0.1622,0.2715,0.1031,1.1161
bored,0.1807,0.4214,0.0564,-6.2542
bored,0.0483,0.4523,0.1608,2.2389
bored,0.2653,0.3903,0.006,9.1406
bored,0.3691,0.4963,0.1413,8.3573
bored,0.3183,0.3403,0.1026,-0.7478
bored,0.2881,0.4679,0.0074,-5.6631
bored,0.3285,0.4369,0.0253,-6.2403
bored,0.2965,0.5252,0.0075,3.1811
bored,0.0877,0.3324,0.3725,-2.5962
bored,0.2565,0.4279,0.0046,0.4585
bored,0.2614,0.4248,0.1337,-2.9581
bored,0.0363,0.3382,0.0416,-1.9277
bored,0.097,0.4159,0.0218,-7.4084
bored,0.1731,0.277,0.0344,-18.9195
bored,0.1096,0.2802,0.037,-5.8373
bored,0.2556,0.3865,0.0204,-27.1458
bored,0.2718,0.2418,0.0093,39.3594
bored,0.3951,0.5442,0.2104,-9.4288
bored,0.1154,0.5337,0.1104,3.7463
bored,0.1278,0.3838,0.0201,-66.2727
bored,0.2083,0.4774,0.0209,-5.2848
bored,0.1694,0.532,0.0061,-3.1079
bored,0.0668,0.4692,0.0058,-1.8527
bored,0.3247,0.4792,0.1685,2.6285
bored,0.4835,0.3695,0.4017,-4.4286
bored,0.0502,0.5465,0.009,16.3913
bored,0.0816,0.3892,0.096,-10.3478
bored,0.3184,0.4364,0.0224,6.8793
bored,0.3123,0.4484,0.0574,0.1915
bored,0.4216,0.537,0.0098,-12.6457
bored,0.3328,0.4933,0.0209,-3.7504
bored,0.3716,0.3387,0.4493,4.5953
bored,0.1083,0.4074,0.0363,-11.9681
bored,0.4522,0.4998,0.0851,1.4667
bored,0.1436,0.3372,0.3794,-2.9532
bored,0.1253,0.2394,0.027,12.8953
bored,0.428,0.4012,0.0519,25.8353
bored,0.4615,0.5941,0.0109,7.2838
bored,0.2795,0.5657,0.0169,-13.9023
bored,0.2209,0.4645,0.0618,-4.3832
bored,0.3336,0.4905,0.009,-5.2409
bored,0.1842,0.3671,0.1298,10.505
bored,0.2558,0.463,0.2052,-1.1754
bored,0.1229,0.4178,0.0036,-5.6978
bored,0.3544,0.6453,0.0046,3.2181
bored,0.5191,0.3313,0.0293,-27.3812
bored,0.3908,0.4792,0.0732,-16.1361
bored,0.2292,0.4474,0.3697,-9.4576
bored,0.088,0.4413,0.0499,-2.3855
bored,0.0285,0.5288,0.0244,0.8804
bored,0.2567,0.4245,0.0166,-1.3443
bored,0.1663,0.5259,0.3754,17.663
bored,0.3113,0.5426,0.0306,-0.2608
bored,0.2801,0.355,0.0978,6.7983
bored,0.1279,0.3724,0.0763,0.8896
bored,0.5357,0.3347,0.0746,-14.1158
bored,0.0687,0.2799,0.4497,-7.0316
bored,0.3397,0.4833,0.1794,-7.4666
bored,0.1015,0.5197,0.2906,-14.9626
bored,0.1454,0.5745,0.0814,1.1207
bored,0.3555,0.3419,0.0043,-28.8157
bored,0.2767,0.4335,0.0722,0.2473
bored,0.3475,0.4397,0.027,3.2771
bored,0.3749,0.4275,0.0244,-14.6374
bored,0.3032,0.277,0.4899,-7.4651
bored,0.3339,0.4212,0.2553,-6.0886
bored,0.2252,0.3883,0.1571,8.1552
bored,0.1313,0.3178,0.0223,17.9693
bored,0.1417,0.5124,0.1612,-0.9739
bored,0.2398,0.4168,0.0072,-0.1409
bored,0.2197,0.5352,0.1272,-5.3812
bored,0.3521,0.5396,0.0015,0.4165
bored,0.3882,0.5102,0.0516,-4.9623
bored,0.1304,0.4846,0.0037,32.9797
bored,0.365,0.5454,0.0344,12.6049
bored,0.3482,0.5088,0.126,-11.7204
bored,0.3632,0.3569,0.0245,-7.1651
bored,0.3093,0.4254,0.0805,-0.221
bored,0.0632,0.3521,0.0039,64.4053
bored,0.3913,0.4176,0.0299,-6.4268
bored,0.4104,0.5111,0.0683,-0.3863
bored,0.1557,0.3457,0.0583,16.9966
bored,0.2884,0.311,0.0943,-14.8145
bored,0.0942,0.4573,0.0033,2.5559
bored,0.125,0.5116,0.1191,24.5151
bored,0.0912,0.5535,0.0145,-2.7953
bored,0.4526,0.3138,0.1395,-30.9545
bored,0.2893,0.4618,0.0047,0.8535
bored,0.3951,0.2987,0.0948,7.8882
bored,0.3728,0.4,0.041,1.6411
bored,0.4097,0.4399,0.1881,2.7199
bored,0.4627,0.4251,0.0419,4.4434
bored,0.2055,0.3795,0.0885,-37.7377
bored,0.1567,0.384,0.0231,-14.5117
bored,0.2688,0.4083,0.0347,-2.9802
bored,0.0879,0.4494,0.0461,-0.6951
bored,0.26,0.3886,0.014,-3.9942
bored,0.321,0.4351,0.0725,-20.7693
bored,0.1108,0.471,0.0045,6.2633
bored,0.2923,0.1642,0.1219,20.2011
bored,0.4125,0.5713,0.0164,-8.8134
bored,0.2706,0.241,0.0087,-12.288
bored,0.3713,0.5249,0.0187,1.6192
bored,0.4419,0.4455,0.0251,0.9522
bored,0.3352,0.3553,0.0068,-13.7895
bored,0.2941,0.2646,0.6364,35.9498
bored,0.2734,0.608,0.0126,26.1669
bored,0.2814,0.4299,0.2603,-6.4707
bored,0.3627,0.487,0.0675,-6.7546
bored,0.2197,0.5367,0.0176,2.1605
bored,0.1877,0.4594,0.01,-40.2346
bored,0.3103,0.4236,0.0207,4.1882
bored,0.1647,0.4951,0.0025,-0.9138
bored,0.1311,0.3733,0.0387,-13.3989
bored,0.2606,0.3447,0.0045,0.8479
bored,0.2203,0.4987,0.0176,-11.358
bored,0.2154,0.4585,0.1397,6.6728
bored,0.2218,0.4279,0.1476,-1.1619
bored,0.1537,0.5725,0.0154,1.0008
bored,0.0736,0.3889,0.5669,8.6836
bored,0.1181,0.4244,0.1203,3.6949
bored,0.3287,0.3878,0.0297,-7.6232
bored,0.401,0.387,0.012,-34.9094
bored,0.4407,0.4936,0.3807,5.0373
bored,0.3325,0.4046,0.0375,-12.0578
bored,0.2803,0.4351,0.0512,6.869
bored,0.3398,0.4137,0.0053,-0.7095
bored,0.3634,0.6358,0.0445,-6.5692
bored,0.4597,0.4451,0.0757,-3.7825
bored,0.0434,0.4902,0.0024,-18.2631
bored,0.3341,0.3569,0.0081,18.1012
bored,0.1895,0.39,0.2057,-8.532
bored,0.4381,0.4142,0.0686,-5.8127
bored,0.0499,0.5849,0.0137,-41.1648
bored,0.2454,0.5416,0.0467,-14.4418
bored,0.2913,0.4307,0.0108,-2.288
bored,0.1297,0.4882,0.0138,-40.3817
bored,0.1749,0.4964,0.0159,-2.5566
bored,0.0644,0.5227,0.0036,21.8427
bored,0.1933,0.4844,0.0966,-5.4114
bored,0.4244,0.3944,0.147,13.6166
bored,0.304,0.5726,0.0384,10.9937
bored,0.1667,0.3905,0.0078,-2.7765
bored,0.0963,0.4372,0.0243,7.9548
bored,0.0771,0.5745,0.0052,-10.7499
bored,0.0221,0.4649,0.0125,-0.0978
bored,0.3687,0.3685,0.2463,-2.8639
bored,0.2831,0.3292,0.0236,19.3141
bored,0.1569,0.4497,0.0378,-9.987
bored,0.0775,0.4794,0.2299,4.0404
bored,0.3847,0.4558,0.2748,-2.3152
bored,0.2039,0.5474,0.0229,-31.1434
bored,0.3398,0.4179,0.1076,2.2454
bored,0.2018,0.4108,0.1959,0.0056
bored,0.466,0.5236,0.0297,-8.766
bored,0.1926,0.4161,0.0146,-5.7328
bored,0.07,0.3529,0.5589,-5.6191
bored,0.1882,0.4079,0.0191,-4.7205
bored,0.1017,0.4608,0.1733,7.8059
bored,0.4186,0.3975,0.0084,15.4641
bored,0.3607,0.535,0.0709,2.1871
bored,0.3423,0.4617,0.143,1.9041
bored,0.3984,0.4401,0.4676,-8.4223
bored,0.2744,0.5079,0.3953,18.5769
bored,0.2742,0.379,0.2258,-13.5053
bored,0.3531,0.5124,0.0057,-0.2977
bored,0.3548,0.6424,0.1101,-16.0803
bored,0.2734,0.4554,0.2811,4.4169
bored,0.2606,0.4918,0.1179,-7.9327
bored,0.441,0.2984,0.2869,-2.976
bored,0.2346,0.3167,0.0186,21.9806
bored,0.0636,0.4823,0.0881,-20.1353
bored,0.2676,0.5262,0.219,3.1972
bored,0.2554,0.4277,0.1623,-3.4863
bored,0.3618,0.4779,0.4363,3.5264
bored,0.4341,0.5132,0.0032,-28.0516
bored,0.194,0.4114,0.0259,-12.4986
bored,0.2623,0.4545,0.0106,-2.3901
bored,0.4194,0.4585,0.1235,10.0723
bored,0.1967,0.2607,0.2534,-24.1051
bored,0.2526,0.4106,0.0068,-3.0039
bored,0.0421,0.4678,0.012,14.7253
bored,0.0973,0.4891,0.0825,-10.066
bored,0.1751,0.5757,0.0108,7.9871
bored,0.4263,0.5214,0.0077,-9.3517
bored,0.3556,0.4534,0.0305,4.3812
bored,0.57,0.4037,0.0861,-7.5265
bored,0.029,0.4789,0.0849,-0.0566
bored,0.7824,0.3798,0.6465,12.6988
bored,0.0907,0.3999,0.0037,17.1766
bored,0.3055,0.4043,0.1183,-19.2173
bored,0.0645,0.4461,0.0086,-11.6657
bored,0.2211,0.4714,0.0056,1.0648
bored,0.121,0.5054,0.0095,-19.9516
bored,0.0689,0.3974,0.5771,-2.3181
bored,0.1159,0.3049,0.0152,-2.4716
bored,0.3498,0.3867,0.049,-7.7284
bored,0.1338,0.4343,0.0812,11.1754
bored,0.4113,0.3672,0.1158,-3.5269
bored,0.1645,0.3515,0.3557,6.4998
bored,0.1352,0.4313,0.2367,27.9303
bored,0.0849,0.4457,0.0205,-23.0617
bored,0.1267,0.4218,0.116,3.2144
bored,0.132,0.4008,0.0268,-13.2409
bored,0.202,0.2666,0.2135,-6.6068
bored,0.3142,0.5318,0.0325,6.1209
bored,0.3755,0.5751,0.027,-0.8874
bored,0.291,0.4098,0.8576,-1.4705
bored,0.3778,0.5485,0.0775,1.9468
bored,0.1261,0.3133,0.1548,-1.7509
bored,0.1808,0.3507,0.1024,-24.8902
bored,0.3092,0.3851,0.1846,-10.4885
bored,0.2712,0.4906,0.095,5.8208
bored,0.3288,0.461,0.0039,-15.2371
bored,0.304,0.4531,0.0403,-15.9157
bored,0.3659,0.338,0.0538,-32.3756
bored,0.1828,0.5431,0.0019,30.2685
bored,0.2476,0.431,0.2883,-5.0114
bored,0.1275,0.3138,0.0191,5.8618
bored,0.3907,0.6857,0.0245,-3.0318
bored,0.1192,0.4919,0.0386,-35.4183
bored,0.2564,0.3284,0.12,-0.6664
bored,0.3332,0.2893,0.1182,-5.6989
bored,0.3913,0.5502,0.0088,8.2079
bored,0.391,0.4226,0.0333,9.548
bored,0.2449,0.3802,0.0066,1.9936
bored,0.3581,0.4533,0.0119,-0.9962
bored,0.3291,0.31,0.238,-4.589
bored,0.2984,0.3938,0.1996,-14.1883
bored,0.3779,0.3823,0.0098,-8.9441
bored,0.3288,0.4255,0.0338,-7.0927
bored,0.291,0.2876,0.3061,13.46
bored,0.0783,0.4109,0.0204,-38.0728
bored,0.0935,0.2904,0.3232,1.4557
bored,0.2391,0.3993,0.2482,-25.4325
bored,0.3188,0.5025,0.2756,3.875
bored,0.3108,0.4269,0.3052,1.0531
bored,0.3671,0.492,0.014,-4.0954
bored,0.3546,0.4762,0.0732,-7.1235
bored,0.2034,0.4088,0.0249,-18.2814
bored,0.2194,0.4777,0.0224,6.6159
bored,0.3118,0.4832,0.0456,-2.2579
bored,0.3944,0.3771,0.1164,0.4972
bored,0.2974,0.253,0.2709,-45.6905
bored,0.2981,0.4681,0.019,0.8021
bored,0.2721,0.4099,0.0239,10.4763
bored,0.2024,0.4204,0.0106,1.1183
bored,0.1938,0.436,0.3801,-2.8818
bored,0.1058,0.3274,0.1506,36.8822
bored,0.4345,0.4511,0.0897,-0.3622
bored,0.3544,0.5212,0.0077,1.6991
bored,0.2913,0.4714,0.017,-5.2708
bored,0.308,0.3528,0.0226,4.6463
bored,0.0544,0.3755,0.0291,5.2079
bored,0.3846,0.4305,0.0175,-11.8547
bored,0.0547,0.3727,0.4901,0.1174
bored,0.2718,0.4924,0.0062,-6.3745
bored,0.2927,0.4493,0.0191,-5.7708
bored,0.0216,0.456,0.0617,18.9277
bored,0.2283,0.4473,0.0068,3.7197
bored,0.4186,0.4133,0.2867,11.0073
bored,0.2798,0.2089,0.3438,63.6088
bored,0.2648,0.5045,0.1013,1.0613
bored,0.3318,0.3371,0.0706,31.6107
bored,0.335,0.3745,0.0104,47.4162
bored,0.271,0.4515,0.0936,-4.9988
bored,0.0514,0.395,0.1661,-9.1648
bored,0.2908,0.4284,0.0168,8.6484
bored,0.2776,0.4836,0.0492,-2.0575
bored,0.4164,0.5787,0.0248,11.0291
bored,0.2795,0.4354,0.0334,11.5393
bored,0.3505,0.4879,0.0143,-6.42
bored,0.3922,0.5006,0.0066,5.5075
bored,0.3861,0.5182,0.1071,-1.5325
bored,0.4003,0.4656,0.0018,8.4243
bored,0.4055,0.4989,0.0659,-0.4525
bored,0.0392,0.4866,0.0436,-0.7972
bored,0.239,0.3664,0.0243,23.2951
bored,0.0754,0.3517,0.0267,10.1406
bored,0.391,0.4776,0.3374,2.4974
bored,0.0642,0.4686,0.002,-4.4784
bored,0.3184,0.2837,0.0221,-11.3414
bored,0.0675,0.572,0.0098,-2.3388
bored,0.3346,0.4981,0.0076,-2.141
bored,0.3142,0.466,0.6647,-13.9538
bored,0.0534,0.4248,0.4707,-14.7899
bored,0.1859,0.4923,0.0217,1.4442
bored,0.3859,0.4474,0.0085,4.3492
bored,0.3366,0.3242,0.005,5.0915
bored,0.3974,0.3289,0.0422,3.5208
bored,0.2962,0.4692,0.0164,-7.6359
bored,0.3122,0.5552,0.0789,11.9378
bored,0.2542,0.4194,0.1873,3.5694
bored,0.3369,0.4572,0.1807,10.1444
bored,0.295,0.4145,0.0509,-0.9762
bored,0.2283,0.2484,0.116,35.4625
bored,0.3454,0.3849,0.0428,39.6861
bored,0.1461,0.4523,0.0615,-21.0669
bored,0.3343,0.2766,0.0035,-14.5246
bored,0.1674,0.44,0.0222,7.6998
bored,0.1004,0.4628,0.0114,-1.02
bored,0.5057,0.2997,0.661,-5.9991
bored,0.252,0.4004,0.0139,1.1178
bored,0.0626,0.5069,0.0103,7.4422
bored,0.4232,0.483,0.0037,-6.6648
bored,0.3355,0.4678,0.042,0.2031
bored,0.0661,0.382,0.0116,-1.6804
bored,0.3244,0.5329,0.0115,-2.0983
bored,0.2086,0.6488,0.0177,5.4816
bored,0.2688,0.4677,0.1791,20.647
bored,0.245,0.3642,0.0236,-20.0476
bored,0.2997,0.5717,0.02,-4.6129
bored,0.4037,0.4726,0.0147,4.064
bored,0.3193,0.5137,0.0121,10.4855
bored,0.4194,0.4884,0.0196,-8.8887
bored,0.1506,0.2808,0.0226,-2.989
bored,0.1505,0.4731,0.3873,1.0246
bored,0.3993,0.4226,0.0384,-3.1308
bored,0.3016,0.5857,0.0088,3.3791
bored,0.2294,0.5514,0.0497,-8.4643
bored,0.2874,0.3848,0.0533,2.5777
bored,0.3613,0.5372,0.0132,-4.5454
bored,0.4172,0.4243,0.2822,-7.954
bored,0.3243,0.4722,0.034,-2.1802
bored,0.3678,0.5158,0.0584,-4.1459
bored,0.3768,0.5801,0.0184,1.0395
bored,0.1,0.4369,0.1569,16.7091
bored,0.0826,0.3997,0.0115,-15.3246
bored,0.2709,0.4314,0.2121,3.3658
bored,0.2889,0.4274,0.1568,-5.768
bored,0.3473,0.3421,0.0239,4.3267
bored,0.3397,0.4171,0.052,6.0984
bored,0.2373,0.3615,0.1273,-23.3187
bored,0.3027,0.3877,0.3361,22.2993
bored,0.294,0.4411,0.0867,-16.1419
bored,0.2423,0.4451,0.0499,-0.1615
bored,0.3491,0.4165,0.1645,-3.6609
bored,0.2824,0.2953,0.1824,8.7052
bored,0.3335,0.5507,0.0073,9.1872
bored,0.319,0.445,0.0612,-3.3243
bored,0.4143,0.4258,0.0379,-3.3169
bored,0.2559,0.4198,0.0492,-44.3992
bored,0.1339,0.3522,0.0201,-14.1138
bored,0.3627,0.5305,0.0422,-2.7011
bored,0.2134,0.4547,0.2547,-1.0463
bored,0.4516,0.5614,0.0209,-2.2648
bored,0.3034,0.4851,0.0392,9.8615
bored,0.2677,0.2972,0.5136,-1.0597
bored,0.2373,0.4045,0.0524,24.1554
bored,0.3401,0.368,0.0073,-0.1258
bored,0.3682,0.4623,0.0028,0.19
bored,0.2728,0.387,0.0868,-2.6823
bored,0.1322,0.4495,0.0056,-18.8646
bored,0.4059,0.4946,0.0144,-7.4239
bored,0.1171,0.5482,0.0211,18.1984
bored,0.3819,0.4276,0.0161,-3.8468
bored,0.4845,0.4091,0.0079,-24.6755
bored,0.2884,0.4949,0.0855,-0.8759
bored,0.3429,0.4019,0.0213,3.0425
bored,0.1198,0.307,0.0835,-5.009
bored,0.183,0.5144,0.0011,13.1568
bored,0.0256,0.3888,0.2097,-2.3612
bored,0.2686,0.3168,0.13,4.3858
bored,0.4113,0.3117,0.0639,-34.919
bored,0.2733,0.4497,0.1091,-14.0966
bored,0.2696,0.3738,0.2033,-7.1619
bored,0.2413,0.4669,0.0088,-8.1612
bored,0.2137,0.5386,0.0895,8.5251
bored,0.3971,0.6197,0.022,-20.6017
bored,0.0804,0.449,0.3895,-5.9271
bored,0.1864,0.2694,0.5401,-15.7237
bored,0.4193,0.4072,0.0153,-5.88
bored,0.0997,0.3883,0.0298,1.6882
bored,0.2908,0.4478,0.5217,-3.0039
bored,0.2963,0.4188,0.034,12.4743
bored,0.2732,0.5698,0.1585,-16.6503
bored,0.1105,0.5902,0.0272,-10.7523
bored,0.0504,0.2592,0.05,21.3079
bored,0.2847,0.4292,0.2159,3.256
bored,0.0731,0.31,0.0137,-12.4742
bored,0.3231,0.3898,0.0121,-2.9575
bored,0.1836,0.4092,0.1872,-9.0484
bored,0.1902,0.2942,0.0355,12.5229
bored,0.3668,0.4452,0.3522,-12.2419
bored,0.2745,0.3922,0.029,1.4867
bored,0.3031,0.4288,0.1554,-3.8197
bored,0.258,0.3856,0.012,2.7809
bored,0.3215,0.4988,0.1248,-4.3548
bored,0.322,0.4816,0.1428,-4.348
bored,0.0481,0.4414,0.0449,-11.0865
bored,0.3473,0.3848,0.2089,13.4916
bored,0.3702,0.4003,0.0105,4.4642
bored,0.3191,0.4453,0.0047,-10.2888
bored,0.4175,0.4498,0.1367,10.1227
bored,0.3556,0.401,0.0979,4.4227
bored,0.375,0.4661,0.016,-6.0664
bored,0.3962,0.59,0.0035,10.2013
bored,0.2423,0.2669,0.5426,-9.8668
bored,0.3077,0.5017,0.0043,-0.0311
bored,0.2233,0.4239,0.1855,2.2145
bored,0.0497,0.2975,0.9082,-7.8533
bored,0.2735,0.4301,0.2953,-1.8081
bored,0.4108,0.496,0.0123,6.8206
bored,0.1129,0.4621,0.054,-0.8492
bored,0.3301,0.4998,0.0484,-0.5556
bored,0.4232,0.483,0.0037,-6.6648
bored,0.3497,0.5461,0.01,-3.2194
bored,0.2779,0.3966,0.0068,1.8616
bored,0.0717,0.366,0.0403,-6.8589
bored,0.327,0.4983,0.0735,-9.9485
bored,0.3785,0.3617,0.7489,-5.4138
bored,0.2004,0.466,0.0128,-11.4589
bored,0.1674,0.3735,0.0134,-0.1503
bored,0.1118,0.3442,0.0698,12.7737
bored,0.1689,0.6097,0.0261,-8.331
bored,0.054,0.4547,0.0355,15.4328
bored,0.1935,0.4018,0.0241,-10.5787
bored,0.443,0.4464,0.0324,2.2218
bored,0.1897,0.3724,0.2702,11.4285
bored,0.1359,0.3998,0.5886,9.4631
bored,0.3328,0.4874,0.0115,-8.9532
bored,0.1949,0.3798,0.0383,-3.3169
bored,0.2649,0.4244,0.2937,5.059
bored,0.1854,0.3053,0.0065,-27.622
bored,0.2494,0.4446,0.0055,-3.1801
bored,0.2659,0.3961,0.0032,-9.5713
bored,0.0249,0.4054,0.0893,6.983
bored,0.3702,0.5836,0.0142,-1.7086
bored,0.1526,0.435,0.3156,7.2435
bored,0.4188,0.4255,0.097,6.9633
bored,0.3979,0.4685,0.0212,1.8808
bored,0.3836,0.537,0.3009,-1.5579
bored,0.3253,0.5485,0.0114,0.2947
bored,0.4224,0.3706,0.3856,2.137
bored,0.3834,0.448,0.1422,-11.6107
bored,0.1554,0.4084,0.0195,-10.7901
bored,0.0919,0.3963,0.1968,-18.0614
bored,0.1514,0.3334,0.0739,10.5367
bored,0.1019,0.4687,0.0065,-4.2851
bored,0.1893,0.4186,0.0252,-23.17
bored,0.1975,0.4465,0.0722,-15.0616
bored,0.3938,0.4428,0.0528,-21.1576
bored,0.1229,0.475,0.0101,6.9814
bored,0.1247,0.3792,0.169,-12.6554
bored,0.0846,0.2876,0.0318,22.4692
bored,0.2941,0.4487,0.0181,-17.8919
bored,0.2831,0.3403,0.0112,-10.2408
bored,0.1746,0.5114,0.2881,-1.1493
bored,0.4579,0.46,0.088,1.7112
bored,0.1986,0.2984,0.019,-34.3877
bored,0.4492,0.3994,0.026,-10.4087
bored,0.2325,0.4723,0.0284,4.2569
bored,0.4596,0.3607,0.1912,-7.3272
bored,0.2661,0.3642,0.1736,31.6496
bored,0.3439,0.4937,0.0106,6.8137
bored,0.2226,0.453,0.0166,-1.4433
bored,0.0439,0.4286,0.5591,-3.5228
bored,0.3123,0.5472,0.0142,-0.7591
bored,0.4385,0.4567,0.1099,18.6957
bored,0.34,0.5083,0.0803,10.9618
bored,0.3503,0.3746,0.0059,-6.8388
bored,0.2355,0.4335,0.0263,-1.9481
bored,0.3338,0.5163,0.0379,4.6179
bored,0.2351,0.4362,0.2284,-3.0026
bored,0.0878,0.5396,0.0132,2.7116
bored,0.3192,0.4604,0.0154,-0.1525
bored,0.3544,0.5305,0.0092,2.163
bored,0.1493,0.5229,0.0225,-2.1392
bored,0.0276,0.4271,0.1785,0.3289
bored,0.1307,0.5714,0.0218,-4.6191
bored,0.1005,0.59,0.0134,2.0481
bored,0.3386,0.4109,0.4303,2.1315
bored,0.1806,0.3476,0.0033,-4.9172
bored,0.3228,0.5545,0.0045,2.3909
bored,0.35,0.5229,0.0052,-3.7886
bored,0.3368,0.4866,0.0496,-8.793
bored,0.0938,0.5046,0.0062,3.2904
bored,0.354,0.3635,0.1645,10.8576
bored,0.2755,0.4599,0.2429,-7.1859
bored,0.2506,0.4366,0.1557,-5.7629
bored,0.2892,0.4524,0.0364,18.0246
bored,0.0892,0.4224,0.0317,-9.1753
bored,0.3206,0.4494,0.0685,2.9044
bored,0.328,0.4436,0.5988,1.5087
bored,0.159,0.592,0.0755,-7.7953
bored,0.1099,0.3722,0.2227,-0.5111
bored,0.2141,0.5122,0.0063,4.4425
bored,0.2886,0.4466,0.0062,-5.8477
bored,0.3885,0.549,0.0385,2.3959
bored,0.2428,0.2407,0.0381,-61.3649
bored,0.1601,0.3901,0.0206,-2.4329
bored,0.1494,0.3054,0.003,33.3182
bored,0.1758,0.5064,0.023,-0.2921
bored,0.1943,0.4314,0.2976,-19.5324
bored,0.3603,0.5224,0.191,2.8244
bored,0.2494,0.3758,0.0485,-2.9227
bored,0.4556,0.5171,0.0417,6.4199
bored,0.3209,0.4172,0.1294,-12.9937
bored,0.4803,0.3622,0.0497,-21.0435
bored,0.3187,0.5904,0.0045,5.4256
bored,0.2275,0.3977,0.4072,0.9678
bored,0.0627,0.5326,0.0085,-17.7342
bored,0.2822,0.4885,0.0199,-16.2707
bored,0.2523,0.4381,0.0509,2.0851
bored,0.2643,0.3057,0.3058,2.3764
bored,0.4341,0.4939,0.2216,3.7226
bored,0.387,0.543,0.638,-13.7461
bored,0.4604,0.576,0.0259,-5.4404
bored,0.1943,0.3449,0.5018,2.4914
bored,0.3294,0.4524,0.5471,1.4416
bored,0.3783,0.4691,0.0532,-5.3474
bored,0.2908,0.4645,0.0635,-6.1492
bored,0.3082,0.4607,0.1514,-7.0525
bored,0.2851,0.4812,0.1782,4.3085
bored,0.092,0.3842,0.3603,6.6826
bored,0.0861,0.3984,0.3459,-16.5731
bored,0.2944,0.4075,0.1462,2.1866
bored,0.2524,0.4164,0.0047,-0.5284
bored,0.3182,0.4658,0.0558,-14.7608
bored,0.3039,0.4408,0.0733,1.4577
bored,0.3179,0.5248,0.1835,-2.35
bored,0.0594,0.4246,0.3995,-0.9322
bored,0.1909,0.393,0.0929,1.1447
bored,0.129,0.4789,0.4365,-9.8844
bored,0.3477,0.373,0.0809,-0.1793
bored,0.2639,0.4987,0.0062,3.1806
bored,0.0705,0.4247,0.2412,-3.3442
bored,0.2723,0.3617,0.0395,-3.4961
bored,0.3427,0.432,0.0168,-25.7585
bored,0.0466,0.4571,0.0415,-3.6004
bored,0.1881,0.3918,0.0921,1.2015
bored,0.0229,0.4012,0.3744,3.9346
bored,0.4298,0.4944,0.1137,-11.0512
bored,0.1951,0.404,0.0236,-2.7381
bored,0.4057,0.4398,0.0526,-5.4531
bored,0.3494,0.3615,0.4167,45.0397
bored,0.1192,0.3898,0.1762,12.5925
bored,0.0194,0.3854,0.6224,-8.3858
bored,0.4032,0.4464,0.0525,1.4178
bored,0.3793,0.4961,0.0649,6.1658
bored,0.1158,0.3479,0.0218,37.1376
bored,0.1889,0.3376,0.374,-18.2551
bored,0.3216,0.3175,0.2493,-8.4005
bored,0.3779,0.4877,0.025,-7.4559
bored,0.3374,0.4256,0.0347,4.3136
bored,0.2928,0.3374,0.0399,-0.3995
bored,0.3292,0.4913,0.0205,-0.9791
bored,0.2137,0.4754,0.0093,-6.3368
bored,0.5161,0.4085,0.0615,13.5756
bored,0.0494,0.4707,0.3322,27.0579
bored,0.3873,0.5618,0.0181,-17.1278
bored,0.3389,0.5082,0.0415,-4.1665
bored,0.1562,0.354,0.0067,35.6782
bored,0.2375,0.4353,0.0503,-5.5758
bored,0.077,0.465,0.1939,4.8707
bored,0.3132,0.3021,0.1868,29.0462
bored,0.2978,0.3579,0.6202,11.9025
bored,0.3581,0.4151,0.011,19.1339
bored,0.2677,0.4367,0.0407,-12.6485
bored,0.2148,0.4116,0.0473,18.4831
bored,0.3992,0.3401,0.0124,-21.9264
bored,0.333,0.3631,0.1551,-14.7334
bored,0.3459,0.4255,0.009,0.1209
bored,0.0613,0.5133,0.2393,3.021
bored,0.327,0.4161,0.1134,0.0748
bored,0.3732,0.4425,0.1478,-8.6931
bored,0.364,0.4032,0.0061,-0.1629
bored,0.217,0.4663,0.0128,-0.1716
bored,0.3517,0.4399,0.017,8.5735
bored,0.2841,0.3081,0.0028,-5.3302
bored,0.4077,0.505,0.0415,-5.4646
bored,0.354,0.3932,0.0716,-20.9824
bored,0.3017,0.4123,0.078,-4.9518
bored,0.2232,0.4284,0.054,7.7214
bored,0.3781,0.4597,0.1804,1.4702
bored,0.3114,0.3367,0.1233,28.972
bored,0.2116,0.3346,0.1146,-5.611
bored,0.293,0.3737,0.3648,-2.7945
bored,0.2975,0.4472,0.1759,8.6727
bored,0.1756,0.2704,0.0065,16.5763
bored,0.1927,0.4334,0.034,3.5652
bored,0.3654,0.4283,0.0276,4.4423
bored,0.307,0.4895,0.0087,5.6975
bored,0.2363,0.3452,0.0008,3.722
bored,0.3627,0.4053,0.0096,3.5554
bored,0.1306,0.5002,0.0102,0.0822
bored,0.3021,0.4824,0.1074,-25.0366
bored,0.4583,0.3503,0.4464,3.9602
bored,0.0613,0.6069,0.0051,-3.7686
bored,0.3452,0.5177,0.0067,14.4104
bored,0.206,0.449,0.3172,26.2961
bored,0.1232,0.2673,0.3506,3.908
bored,0.3115,0.3952,0.1362,-16.5382
bored,0.2801,0.3917,0.1107,7.8563
bored,0.1717,0.3544,0.0172,-2.3817
bored,0.1215,0.5373,0.0218,-6.4307
confused,0.3846,0.5093,0.1648,2.4284
confused,0.2125,0.2915,0.2841,6.673
confused,0.4243,0.3712,0.1762,4.0237
confused,0.3186,0.4345,0.5951,-1.985
confused,0.3314,0.3515,0.1414,-2.1865
confused,0.3521,0.3792,0.3634,-3.4932
confused,0.3002,0.5309,0.6699,-17.6112
confused,0.4441,0.4577,0.5886,0.7787
confused,0.4442,0.46,0.0424,1.3424
confused,0.341,0.3849,0.3131,-8.9283
confused,0.2656,0.5687,0.1171,-7.5468
confused,0.4152,0.3923,0.4609,-0.8021
confused,0.4542,0.4682,0.5039,5.1731
confused,0.4873,0.6086,0.4419,12.2306
confused,0.4379,0.5575,0.7244,-0.9962
confused,0.3781,0.4665,0.6803,-0.837
confused,0.1928,0.4855,0.0369,4.5033
confused,0.3485,0.5175,0.4094,-1.2527
confused,0.5031,0.519,0.4487,-1.831
confused,0.4015,0.5007,0.0248,1.4898
confused,0.4635,0.5481,0.3981,-1.81
confused,0.4082,0.4354,0.4488,4.6931
confused,0.3186,0.3926,0.2727,5.9374
confused,0.3892,0.4891,0.7349,7.7907
confused,0.3693,0.4369,0.2764,2.2049
confused,0.3462,0.355,0.6185,5.0276
confused,0.4075,0.3681,0.7487,9.5737
confused,0.3245,0.5219,0.2387,-1.8328
confused,0.3749,0.3692,0.5264,-2.2927
confused,0.4748,0.4983,0.7043,-0.5567
confused,0.4241,0.4025,0.4277,-5.9578
confused,0.3923,0.3961,0.4209,-9.2988
confused,0.1347,0.3815,0.3231,-5.4712
confused,0.4439,0.4406,0.1444,-4.0244
confused,0.3623,0.4742,0.0467,-1.081
confused,0.4659,0.4424,0.4185,-17.4351
confused,0.3776,0.3383,0.5729,5.4079
confused,0.4046,0.511,0.7479,0.0583
confused,0.4883,0.4227,0.388,-2.6908
confused,0.4948,0.478,0.4009,12.8345
confused,0.2631,0.4998,0.2358,1.4055
confused,0.4821,0.4931,0.2006,-2.8106
confused,0.4147,0.4582,0.0952,2.1314
confused,0.4283,0.5292,0.4722,1.7869
confused,0.1247,0.1356,0.0225,-8.6237
confused,0.2629,0.4148,0.1421,3.8606
confused,0.4877,0.5645,0.0209,0.518
confused,0.3804,0.4487,0.7091,0.662
confused,0.4307,0.6017,0.1617,-1.6078
confused,0.3427,0.5269,0.0124,-0.1627
confused,0.3919,0.4088,0.1986,2.8884
confused,0.3148,0.4461,0.5575,0.6309
confused,0.4771,0.4162,0.5808,0.0916
confused,0.4715,0.4592,0.295,-0.3299
confused,0.4364,0.4084,0.7265,-2.0358
confused,0.4787,0.5213,0.1213,3.6193
confused,0.4246,0.4629,0.0176,-0.4526
confused,0.3753,0.3845,0.0713,-0.6052
confused,0.2506,0.4942,0.3128,3.3375
confused,0.4048,0.3513,0.5301,12.8175
confused,0.4157,0.494,0.0199,0.9881
confused,0.3928,0.5161,0.4479,29.8738
confused,0.4259,0.4092,0.434,0.8282
confused,0.4147,0.5423,0.4025,-1.4093
confused,0.4078,0.5024,0.2231,2.5557
confused,0.4732,0.4953,0.5031,0.5787
confused,0.3306,0.435,0.4915,0.7517
confused,0.3294,0.4145,0.323,-8.1207
confused,0.4025,0.3286,0.7172,3.0934
confused,0.3095,0.5129,0.394,-1.0691
confused,0.418,0.541,0.2201,-11.6862
confused,0.4222,0.4364,0.3547,-0.2052
confused,0.4478,0.3684,0.2591,-2.8394
confused,0.4073,0.4159,0.248,-8.3255
confused,0.3659,0.4752,0.2425,-2.4337
confused,0.4017,0.3538,0.6673,0.6317
confused,0.4739,0.5637,0.5034,-7.1427
confused,0.3315,0.3601,0.287,31.5228
confused,0.3543,0.4942,0.2063,3.6448
confused,0.4283,0.5102,0.793,-24.2296
confused,0.3958,0.4816,0.0579,2.0205
confused,0.4497,0.4907,0.686,-2.8807
confused,0.3321,0.4037,0.8325,-0.2033
confused,0.479,0.4421,0.4079,-0.3788
confused,0.3874,0.4602,0.6159,-0.2605
confused,0.4125,0.5669,0.0074,5.6016
confused,0.3095,0.4492,0.4981,6.5923
confused,0.365,0.476,0.7243,0.8472
confused,0.4208,0.4826,0.5147,5.7412
confused,0.3752,0.4709,0.1045,-2.6326
confused,0.3969,0.4397,0.7667,0.567
confused,0.4389,0.5034,0.2795,0.8115
confused,0.3934,0.3767,0.4413,-1.5975
confused,0.4033,0.5232,0.2015,1.3431
confused,0.473,0.5578,0.3491,-0.3314
confused,0.3477,0.4795,0.2851,-3.901
confused,0.4021,0.4816,0.6581,-2.088
confused,0.4029,0.41,0.4072,-6.2226
confused,0.4454,0.4886,0.3363,-8.885
confused,0.4544,0.4495,0.4886,-4.9173
confused,0.472,0.6454,0.1814,0.6046
confused,0.3733,0.4933,0.1872,-0.9856
confused,0.5281,0.5164,0.0721,-9.5453
confused,0.4106,0.5472,0.0046,-1.1203
confused,0.3687,0.4351,0.3275,0.4919
confused,0.4304,0.3499,0.8356,-1.3241
confused,0.4596,0.3982,0.5807,0.181
confused,0.3426,0.496,0.1603,-3.8294
confused,0.4402,0.3961,0.5276,-9.5892
confused,0.4264,0.3873,0.4765,12.248
confused,0.4247,0.5353,0.5506,0.4755
confused,0.4429,0.4093,0.2438,0.6415
confused,0.4125,0.5669,0.0074,5.6016
confused,0.39,0.4866,0.6201,0.9743
confused,0.4175,0.4568,0.3962,-0.2946
confused,0.4297,0.5599,0.0649,-0.3714
confused,0.472,0.4044,0.5575,-0.2069
confused,0.3701,0.4668,0.7265,-0.2936
confused,0.3743,0.53,0.6991,-14.0398
confused,0.4902,0.4747,0.4899,-2.3939
confused,0.5273,0.3417,0.8677,-19.0435
confused,0.3964,0.5039,0.2264,-0.553
confused,0.4213,0.4718,0.2426,0.6485
confused,0.4109,0.3859,0.3174,-8.9974
confused,0.3517,0.3787,0.7738,-0.8924
confused,0.1808,0.4433,0.5986,-3.1335
confused,0.4701,0.6345,0.0303,-4.0297
confused,0.3471,0.395,0.8942,-2.3938
confused,0.4295,0.4144,0.2818,2.1923
confused,0.4169,0.4133,0.2021,-6.0831
confused,0.3771,0.5646,0.2353,-9.0403
confused,0.3399,0.4453,0.49,0.2765
confused,0.385,0.4181,0.2062,-5.7141
confused,0.4792,0.377,0.0738,11.0203
confused,0.3427,0.4667,0.0131,7.3867
confused,0.4278,0.3696,0.7679,6.1798
confused,0.3484,0.4164,0.0432,-1.062
confused,0.3273,0.3647,0.1786,-3.8098
confused,0.405,0.4638,0.5497,1.7491
confused,0.409,0.495,0.6266,-0.9031
confused,0.3789,0.3248,0.654,-2.7397
confused,0.4358,0.5195,0.1571,2.396
confused,0.4293,0.422,0.5304,1.7613
confused,0.3518,0.4475,0.5657,-8.4551
confused,0.4846,0.4298,0.5957,0.4769
confused,0.506,0.5302,0.0979,2.9621
confused,0.4586,0.467,0.0181,-2.8381
confused,0.3505,0.497,0.3334,-0.2868
confused,0.2439,0.3841,0.4739,-9.375
confused,0.406,0.5014,0.2263,-3.4378
confused,0.2705,0.5021,0.3486,-0.2312
confused,0.4262,0.5802,0.0502,0.8105
confused,0.4194,0.4037,0.3296,-1.5765
confused,0.4151,0.4509,0.4701,-11.7408
confused,0.486,0.5335,0.231,2.9536
confused,0.4834,0.5392,0.4802,1.993
confused,0.3606,0.5012,0.3486,0.9521
confused,0.3483,0.485,0.0146,-0.2385
confused,0.3951,0.4199,0.1483,0.7636
confused,0.4337,0.5314,0.0711,-0.3902
confused,0.4135,0.4507,0.1723,0.8531
confused,0.3736,0.4447,0.442,-3.8335
confused,0.4517,0.4829,0.3971,-1.1177
confused,0.5008,0.4428,0.4938,-5.9016
confused,0.4377,0.4508,0.5948,0.566
confused,0.4751,0.4304,0.918,-11.3486
confused,0.3769,0.5466,0.0815,-2.3511
confused,0.3739,0.5333,0.2129,-25.0864
confused,0.4225,0.5526,0.2348,-4.7882
confused,0.3716,0.4162,0.1041,11.6621
confused,0.6848,0.3041,0.244,-1.1756
confused,0.4562,0.5407,0.0349,0.9801
confused,0.3605,0.7011,0.284,-0.2241
confused,0.3595,0.4226,0.4431,-20.4328
confused,0.2723,0.2093,0.0082,5.7989
confused,0.2988,0.3739,0.1937,-3.3391
confused,0.2721,0.4411,0.3274,-0.8788
confused,0.3753,0.3845,0.0713,-0.6052
confused,0.3622,0.4013,0.2617,-8.796
confused,0.3529,0.4608,0.5746,-1.1496
confused,0.4405,0.4425,0.2346,0.522
confused,0.4409,0.3931,0.5614,-1.573
confused,0.4026,0.469,0.2951,-5.7661
confused,0.3832,0.4019,0.2688,0.4812
confused,0.4149,0.3529,0.6869,3.6959
confused,0.3881,0.4624,0.5781,-1.2798
confused,0.4539,0.4302,0.7507,-3.1164
confused,0.3639,0.3579,0.9329,-3.9147
confused,0.4055,0.4295,0.8338,-6.4186
confused,0.3449,0.403,0.7973,-8.0568
confused,0.452,0.475,0.402,-0.3222
confused,0.3172,0.3797,0.3534,-1.1494
confused,0.3856,0.4216,0.2934,3.9666
confused,0.4098,0.5085,0.3185,-0.2112
confused,0.4282,0.4595,0.4266,2.3742
confused,0.3391,0.3908,0.2625,8.0951
confused,0.4016,0.4473,0.6129,1.4809
confused,0.3484,0.4318,0.7293,-4.2976
confused,0.4317,0.4716,0.6956,-2.0799
confused,0.3594,0.4242,0.0699,-0.4329
confused,0.3795,0.3603,0.8269,1.7578
confused,0.3568,0.5373,0.3063,-1.2698
confused,0.4268,0.4326,0.518,-3.5835
confused,0.4297,0.5757,0.0056,1.4057
confused,0.4611,0.4844,0.9313,9.2568
confused,0.4042,0.3966,0.2433,1.6432
confused,0.3647,0.4722,0.1643,-11.2394
confused,0.4799,0.5304,0.1773,-1.0017
confused,0.366,0.4465,0.2924,1.4777
confused,0.4588,0.486,0.1327,-3.7428
confused,0.3743,0.5484,0.4698,-13.8912
confused,0.345,0.4581,0.1712,-1.3824
confused,0.2959,0.4262,0.4712,-0.2422
confused,0.3647,0.4908,0.0919,23.3297
confused,0.3704,0.3954,0.4654,6.3202
confused,0.3833,0.5199,0.414,1.2881
confused,0.3449,0.4725,0.0547,-2.7908
confused,0.4518,0.3235,0.7631,-21.5371
confused,0.4268,0.4693,0.0213,-4.5077
confused,0.2825,0.4664,0.5238,-3.8552
confused,0.3758,0.4213,0.7767,2.8528
confused,0.4576,0.5453,0.5007,-3.3368
confused,0.4166,0.605,0.0219,-4.1671
confused,0.367,0.3563,0.11,-3.6917
confused,0.4617,0.4979,0.4485,-4.2027
confused,0.4561,0.6091,0.2961,-4.7342
confused,0.1957,0.1298,0.0104,17.9978
confused,0.4734,0.4415,0.2349,-0.328
confused,0.3779,0.4353,0.55,0.2918
confused,0.3753,0.464,0.4002,0.4115
confused,0.4448,0.6786,0.2961,-0.6107
confused,0.3943,0.4924,0.0906,-0.0475
confused,0.4544,0.3945,0.566,0.8917
confused,0.3806,0.4247,0.2753,-1.312
confused,0.4752,0.5964,0.443,3.8196
confused,0.3147,0.4335,0.5887,8.5691
confused,0.288,0.3907,0.0806,4.3882
confused,0.4864,0.4704,0.5201,-7.3961
confused,0.3485,0.5175,0.4094,-1.2527
confused,0.415,0.4853,0.1604,5.8318
confused,0.3715,0.348,0.203,5.6424
confused,0.3818,0.5234,0.028,-0.4237
confused,0.4561,0.5449,0.0282,-2.9038
confused,0.4242,0.4823,0.2158,1.1588
confused,0.303,0.4155,0.7462,-1.2577
confused,0.4994,0.4345,0.5434,-11.7836
confused,0.3966,0.4741,0.4894,-7.9096
confused,0.3996,0.317,0.3569,-9.2819
confused,0.3565,0.4419,0.4243,2.492
confused,0.4595,0.5661,0.5279,1.239
confused,0.3564,0.2645,0.2608,-10.3805
confused,0.387,0.6212,0.4619,0.4075
confused,0.2561,0.3655,0.4989,2.7608
confused,0.4034,0.387,0.2812,-4.3614
confused,0.2076,0.4269,0.3132,5.7679
confused,0.3776,0.4102,0.5534,2.5994
confused,0.4821,0.5257,0.013,3.0298
confused,0.4626,0.3862,0.8965,-8.2051
confused,0.4227,0.5207,0.0315,-1.3411
confused,0.3375,0.5003,0.0247,3.8612
confused,0.424,0.6289,0.116,3.9994
confused,0.4255,0.6553,0.0182,-3.0422
confused,0.4159,0.4939,0.2286,8.5153
confused,0.3316,0.5176,0.0696,7.1782
confused,0.363,0.4331,0.2239,-9.148
confused,0.3596,0.3889,0.6921,1.7728
confused,0.4819,0.4284,0.6249,1.5722
confused,0.4988,0.7321,0.1963,1.4207
confused,0.247,0.3771,0.7455,-6.0669
confused,0.4397,0.4755,0.3334,-5.2295
confused,0.2959,0.482,0.4188,-3.0553
confused,0.4821,0.5594,0.2296,-1.2236
confused,0.531,0.5867,0.0152,1.8676
confused,0.3432,0.505,0.5556,2.9696
confused,0.4442,0.4469,0.4745,-2.2706
confused,0.2906,0.3091,0.0459,-6.2547
confused,0.429,0.5281,0.0339,1.0548
confused,0.3557,0.3926,0.6235,0.6625
confused,0.3953,0.5287,0.8296,-11.7225
confused,0.3435,0.5213,0.2699,14.3656
confused,0.3679,0.4598,0.2666,2.3798
confused,0.3938,0.5111,0.1488,-0.6528
confused,0.4128,0.4712,0.1509,4.5947
confused,0.4037,0.4358,0.5824,1.3113
confused,0.4761,0.4399,0.3865,-2.4095
confused,0.298,0.3951,0.5836,-3.4057
confused,0.3604,0.5237,0.0074,2.437
confused,0.3397,0.426,0.049,7.8374
confused,0.2443,0.3995,0.9079,2.1425
confused,0.3148,0.4461,0.5575,0.6309
confused,0.3358,0.4521,0.0142,0.5995
confused,0.3029,0.3483,0.1824,3.5466
confused,0.5058,0.493,0.9165,-0.9105
confused,0.4201,0.4015,0.4971,-1.3397
confused,0.4206,0.4937,0.1463,1.0565
confused,0.3913,0.4377,0.3097,-14.7845
confused,0.41,0.4601,0.1391,5.9267
confused,0.4677,0.4705,0.695,-3.39
confused,0.4125,0.4102,0.349,-8.0621
confused,0.3042,0.4955,0.1608,-7.943
confused,0.327,0.3084,0.3266,0.2247
confused,0.3297,0.4501,0.4489,-0.5939
confused,0.4241,0.4116,0.29,2.2449
confused,0.4259,0.4073,0.3489,-0.8844
confused,0.3942,0.4371,0.6668,-1.1772
confused,0.4487,0.5866,0.3853,5.6737
confused,0.4598,0.5104,0.0132,-2.7721
confused,0.4306,0.5422,0.2527,6.584
confused,0.4464,0.4504,0.3535,0.0342
confused,0.4493,0.4984,0.1875,-3.0935
confused,0.3551,0.3661,0.4078,0.4768
confused,0.3624,0.5555,0.4024,-6.2622
confused,0.367,0.5488,0.0146,-6.7007
confused,0.3631,0.2554,0.0344,3.3385
confused,0.4338,0.5285,0.1469,-0.5123
confused,0.3617,0.2776,0.0123,3.0242
confused,0.3576,0.4195,0.2295,-2.2391
confused,0.4518,0.5355,0.2575,2.2571
confused,0.4057,0.4312,0.2815,-0.9767
confused,0.3258,0.4598,0.6641,26.7199
confused,0.4096,0.4826,0.5328,-1.4324
confused,0.4282,0.4567,0.3226,-8.4971
confused,0.426,0.4037,0.603,-3.8353
confused,0.405,0.3527,0.0276,-1.9456
confused,0.4297,0.4289,0.4126,0.3308
confused,0.3693,0.3592,0.4059,-6.0796
confused,0.4426,0.5485,0.4164,1.3372
confused,0.4269,0.4364,0.6671,-2.7667
confused,0.4484,0.445,1.0338,-15.9646
confused,0.486,0.6095,0.0944,-11.7718
confused,0.4506,0.5335,0.1265,-8.1392
confused,0.3784,0.5114,0.2093,-0.3078
confused,0.4558,0.4307,0.7659,-5.4403
confused,0.4011,0.4773,0.4946,-0.4085
confused,0.3144,0.3388,0.256,-3.5915
confused,0.4533,0.4558,0.1704,-3.9544
confused,0.4399,0.3839,0.5636,-1.1555
confused,0.4109,0.3859,0.3174,-8.9974
confused,0.3969,0.4561,0.1277,-0.1645
confused,0.4326,0.3912,0.4224,2.2701
confused,0.4482,0.4037,0.5274,-1.6836
confused,0.4124,0.4098,0.3146,4.8245
confused,0.3895,0.3731,0.9694,0.8243
confused,0.4262,0.456,0.3824,-5.3346
confused,0.4544,0.4769,0.062,-2.8691
confused,0.4235,0.4354,0.8624,-3.5522
confused,0.4737,0.5734,0.6734,0.1989
confused,0.4388,0.3342,0.6055,-8.6668
confused,0.4189,0.5744,0.0201,-14.1622
confused,0.4109,0.4665,0.0261,1.8778
confused,0.1984,0.5481,0.3918,0.2052
confused,0.3765,0.4163,0.4751,-0.5134
confused,0.4283,0.4455,0.2842,-8.3789
confused,0.3632,0.4156,0.733,13.6265
confused,0.4321,0.2798,0.6325,3.116
confused,0.3951,0.5697,0.1395,-13.2277
confused,0.4462,0.6107,0.6561,0.7699
confused,0.4037,0.65,0.3238,0.1797
confused,0.3422,0.4078,0.3452,10.9445
confused,0.2981,0.4354,0.2958,1.6143
confused,0.4297,0.3475,0.0248,-3.6222
confused,0.3596,0.478,0.218,-5.0831
confused,0.288,0.2973,0.2839,1.1008
confused,0.2218,0.4946,0.1613,-5.5766
confused,0.3927,0.4202,0.5759,-2.0583
confused,0.4022,0.4575,0.0707,0.4866
confused,0.4536,0.5967,0.251,-1.9375
confused,0.3645,0.4466,0.6284,0.0651
confused,0.4172,0.3819,0.5353,5.6557
confused,0.4221,0.4544,0.2555,-0.9873
confused,0.4031,0.5243,0.1501,1.0931
confused,0.3682,0.3908,0.3544,-1.2516
confused,0.3839,0.5008,0.1899,-3.5855
confused,0.3784,0.4954,0.6866,0.7214
confused,0.3485,0.4236,0.262,17.3245
confused,0.3778,0.414,0.7117,-4.6466
confused,0.4553,0.4297,0.3123,-3.6593
confused,0.3739,0.4412,0.3776,-0.3474
confused,0.3738,0.5203,0.5936,-0.5959
confused,0.3913,0.4697,0.4822,-1.2972
confused,0.4354,0.5809,0.58,3.2048
confused,0.3841,0.4392,0.3309,-0.4757
confused,0.4253,0.421,0.2161,-4.9419
confused,0.407,0.3894,0.3105,-2.3835
confused,0.3595,0.4007,0.5171,1.8465
confused,0.4665,0.3922,0.3048,-9.6944
confused,0.405,0.4226,0.3917,-2.5513
confused,0.288,0.3907,0.0806,4.3882
confused,0.3892,0.4832,0.3419,-9.2466
confused,0.3876,0.3729,0.609,-2.3553
confused,0.3814,0.4188,0.4723,2.2839
confused,0.3415,0.5474,0.1005,-1.1612
confused,0.5142,0.4844,0.5175,3.4595
confused,0.4072,0.4704,0.4638,-1.0327
confused,0.4282,0.4302,0.5187,-0.5043
confused,0.4174,0.4607,0.6866,5.2569
confused,0.4379,0.3589,0.6423,1.3445
confused,0.4243,0.3712,0.1762,4.0237
confused,0.4508,0.3453,0.781,-0.9809
confused,0.4668,0.4481,0.684,-0.8926
confused,0.4221,0.4546,0.2098,13.2378
confused,0.3962,0.4788,0.0945,-1.6864
confused,0.4181,0.4692,0.4714,11.517
confused,0.4752,0.4928,0.8513,-4.9416
confused,0.4232,0.4305,0.4625,-4.4098
confused,0.3403,0.4851,0.614,-0.4133
confused,0.4188,0.5355,0.3392,32.3809
confused,0.4286,0.5521,0.7444,8.6761
confused,0.3386,0.6261,0.0173,3.4341
confused,0.4284,0.4767,0.4078,-0.1514
confused,0.3631,0.4002,0.4287,-20.4503
confused,0.0993,0.4601,0.2368,16.6631
confused,0.4042,0.4186,0.6865,3.6091
confused,0.3705,0.4305,0.1671,-3.1398
confused,0.3516,0.4425,0.0279,-3.3525
confused,0.4271,0.5612,0.6209,2.1473
confused,0.3782,0.4666,0.2342,7.2281
confused,0.2234,0.2944,0.2211,6.1966
confused,0.3791,0.6316,0.3984,-0.1699
confused,0.4642,0.5712,0.4266,3.4779
confused,0.4857,0.4227,0.7268,-1.2168
confused,0.406,0.5454,0.5163,10.9884
confused,0.4517,0.4829,0.3971,-1.1177
confused,0.4472,0.4651,0.5957,6.6941
confused,0.4298,0.3695,0.6229,-1.6856
confused,0.3624,0.5796,0.3056,2.0847
confused,0.3398,0.4309,0.3092,-6.5877
confused,0.4551,0.4788,0.3149,-4.3193
confused,0.3708,0.4645,0.4874,-8.6815
confused,0.3557,0.5091,0.6397,-2.8982
confused,0.3255,0.494,0.0627,-7.9491
confused,0.4271,0.4543,0.7406,2.5435
confused,0.4335,0.4718,0.3333,0.6995
confused,0.3981,0.4948,0.1907,-7.0823
confused,0.3786,0.4075,0.3914,-1.7344
confused,0.414,0.4673,0.3906,-1.976
confused,0.2863,0.4051,0.0857,-2.0426
confused,0.2593,0.3809,0.2032,-2.4498
confused,0.4034,0.387,0.2812,-4.3614
confused,0.4251,0.2923,0.148,0.4633
confused,0.3744,0.4525,0.3671,-15.581
confused,0.3438,0.4717,0.3432,-1.7542
confused,0.3895,0.3731,0.9694,0.8243
confused,0.3234,0.4317,0.2442,1.3706
confused,0.4066,0.5259,0.3078,9.5609
confused,0.3069,0.4074,0.0855,-1.7386
confused,0.4022,0.3978,0.8546,1.664
confused,0.417,0.3351,0.7171,-7.1951
confused,0.3327,0.2951,0.4238,-11.4372
confused,0.4096,0.416,0.4256,-4.9927
confused,0.4537,0.4415,0.4346,-6.9762
confused,0.4288,0.4701,0.1096,-4.4037
confused,0.4612,0.6847,0.0059,1.0128
confused,0.2785,0.4099,0.5289,3.5214
confused,0.4252,0.4544,0.3312,5.3961
confused,0.3824,0.438,0.1062,-12.4038
confused,0.4289,0.5544,0.7622,-1.5614
confused,0.3453,0.4628,0.2081,1.9509
confused,0.48,0.5113,0.2885,-2.3717
confused,0.4174,0.4712,0.2688,1.8009
confused,0.3092,0.4459,0.2996,14.9727
confused,0.3427,0.4818,0.715,-0.064
confused,0.3733,0.4111,0.7478,-0.1908
confused,0.417,0.5065,0.0371,-6.3674
confused,0.3284,0.3239,0.4327,24.0365
confused,0.4129,0.4378,0.0763,-6.4776
confused,0.419,0.4066,0.7136,-2.9928
confused,0.3544,0.3826,0.8728,-1.4366
confused,0.4508,0.4493,0.0477,5.3594
confused,0.4531,0.4303,0.6894,1.1569
confused,0.417,0.415,0.3376,1.7141
confused,0.4285,0.4707,0.3155,5.8958
confused,0.398,0.5186,0.2095,-0.6114
confused,0.3514,0.4856,0.1595,-0.1247
confused,0.4025,0.459,0.3356,0.795
confused,0.4254,0.4671,0.8608,0.0051
confused,0.2959,0.4262,0.4712,-0.2422
confused,0.4709,0.4455,0.3755,6.9098
confused,0.3491,0.4463,0.2496,-5.9251
confused,0.3576,0.5157,0.4968,-3.6112
confused,0.3799,0.4119,0.2567,-4.0784
confused,0.3293,0.5893,0.146,26.862
confused,0.3866,0.465,0.4325,-6.5968
confused,0.4463,0.5489,0.2276,1.0506
confused,0.3716,0.4312,0.4637,-6.3883
confused,0.3829,0.4636,0.6502,25.5152
confused,0.4633,0.4419,0.4968,1.2578
confused,0.366,0.5254,0.2742,3.1768
confused,0.3956,0.4923,0.7059,-1.5455
confused,0.4229,0.4346,0.1545,-1.3827
confused,0.3605,0.7011,0.284,-0.2241
confused,0.313,0.4713,0.3294,-4.8117
confused,0.51,0.4759,0.1846,4.4101
confused,0.3819,0.5248,0.1932,6.918
confused,0.3987,0.5559,0.5575,0.1414
confused,0.4991,0.3868,1.0577,-10.447
confused,0.4268,0.5244,0.2826,0.852
confused,0.5052,0.4553,0.5465,-11.0981
confused,0.3687,0.4198,0.6031,-0.4471
confused,0.4402,0.3961,0.5276,-9.5892
confused,0.3893,0.3095,0.3734,-3.9839
confused,0.4437,0.5373,0.2512,-4.2281
confused,0.449,0.4993,0.1909,-0.9745
confused,0.4283,0.4753,0.387,-1.5345
confused,0.1997,0.169,0.0154,-39.3513
confused,0.4005,0.4686,0.3329,-0.4457
confused,0.4151,0.3876,0.7616,-3.467
confused,0.4248,0.4607,0.2298,-5.6998
confused,0.3669,0.3786,0.2975,-10.6149
confused,0.4304,0.4575,0.5159,-3.9059
confused,0.2399,0.284,1.0598,-5.749
confused,0.4954,0.5755,0.0308,1.528
confused,0.3709,0.3849,0.3232,0.7636
confused,0.4042,0.4186,0.6865,3.6091
confused,0.4404,0.4955,0.0197,-4.7514
confused,0.3686,0.2774,0.4279,5.1349
confused,0.3644,0.4888,0.0833,-3.0861
confused,0.3495,0.3761,0.9658,-6.9669
confused,0.5126,0.3136,0.1566,2.6658
confused,0.4497,0.5418,0.404,2.0225
confused,0.4395,0.5527,0.0229,-7.9835
confused,0.2604,0.3119,0.027,2.6315
confused,0.3898,0.4724,0.7556,3.3135
confused,0.394,0.3896,0.2039,0.736
confused,0.3937,0.4804,0.6834,0.2018
confused,0.4067,0.4499,0.4613,-0.6071
confused,0.4227,0.3902,0.8714,-0.8545
confused,0.3632,0.446,0.5295,-0.3537
confused,0.4059,0.4354,0.647,2.885
confused,0.3829,0.5998,0.5022,-3.4903
confused,0.4684,0.5025,0.43,2.101
confused,0.4075,0.3196,0.0343,1.1103
confused,0.3425,0.4868,0.1982,-4.2549
confused,0.4551,0.6073,0.3433,-5.3489
confused,0.4397,0.3515,0.4016,2.9114
confused,0.2979,0.3659,0.477,0.1891
confused,0.4577,0.435,0.6245,-4.3939
confused,0.4046,0.4969,0.3198,-4.7053
confused,0.2898,0.3803,0.5931,-2.4709
confused,0.3851,0.4234,0.0986,0.254
confused,0.1249,0.3046,0.7073,6.3368
confused,0.3944,0.4531,0.2416,13.0056
confused,0.3184,0.4302,0.4155,-0.1936
confused,0.4009,0.5053,0.3355,3.6931
confused,0.3777,0.666,0.0069,-0.6083
confused,0.3407,0.4544,0.4457,-10.9728
confused,0.388,0.6047,0.3499,3.6646
confused,0.4611,0.3868,0.3694,-10.1662
confused,0.4022,0.4581,0.1611,-2.5917
confused,0.3774,0.451,0.0269,16.0022
confused,0.3952,0.2576,0.6747,-1.8846
confused,0.4253,0.4526,0.1784,4.9048
confused,0.4442,0.3924,0.5391,-5.4544
confused,0.4127,0.4558,0.0201,-0.4727
confused,0.3875,0.4523,0.2395,2.9829
confused,0.3833,0.4666,0.276,2.158
confused,0.6321,0.3958,0.5391,15.7322
confused,0.443,0.4383,0.4062,-1.7068
confused,0.4407,0.5316,0.3602,-0.9949
confused,0.3685,0.4398,0.4464,-15.5117
confused,0.4079,0.5441,0.012,-1.7721
confused,0.3744,0.485,0.732,1.8724
confused,0.4458,0.4935,0.0182,-3.8602
confused,0.4576,0.5453,0.5007,-3.3368
confused,0.4081,0.5849,0.089,0.2519
confused,0.4709,0.517,0.6949,2.7511
confused,0.4765,0.4782,0.3178,8.9576
confused,0.4493,0.4984,0.1875,-3.0935
confused,0.4291,0.3886,0.5457,9.9475
confused,0.442,0.4536,0.2277,1.1849
confused,0.3645,0.4733,0.0935,-0.5344
confused,0.4136,0.5321,0.6378,-4.4094
confused,0.4492,0.4204,1.0718,-1.8879
confused,0.4331,0.4041,0.605,-4.3297
confused,0.4029,0.4625,0.3891,0.7985
confused,0.4643,0.5622,0.6635,0.5808
confused,0.3914,0.4141,0.5251,-0.9601
confused,0.4553,0.509,0.4053,-2.9083
confused,0.4165,0.5194,0.0059,-1.9442
confused,0.4051,0.4262,0.1604,2.0848
confused,0.4278,0.4672,0.6477,-0.5031
confused,0.4172,0.4378,0.049,-1.0185
confused,0.4264,0.5245,0.3496,0.8222
confused,0.3946,0.5508,0.0091,3.1544
confused,0.4653,0.4959,0.6892,5.1058
confused,0.467,0.439,0.346,-0.3133
confused,0.4168,0.4752,0.2523,-6.8493
confused,0.434,0.5726,0.5264,5.4639
confused,0.4454,0.49,0.4936,3.4089
confused,0.395,0.4207,0.5534,-1.3348
confused,0.3849,0.5379,0.4452,3.6935
confused,0.359,0.3996,0.8637,13.1899
confused,0.3632,0.3963,0.4029,-11.6606
confused,0.4642,0.5712,0.4266,3.4779
confused,0.3585,0.4081,0.7163,-3.6525
confused,0.4406,0.4031,0.3283,1.9666
confused,0.3304,0.4597,0.4761,-0.9342
confused,0.1559,0.4405,0.3549,7.4328
confused,0.4477,0.493,0.2237,-2.9626
confused,0.4271,0.5348,0.0626,0.6974
confused,0.4716,0.426,0.6133,1.4949
confused,0.3655,0.5384,0.2284,-12.8548
confused,0.2528,0.5107,0.3397,-6.5529
confused,0.2741,0.4283,0.4809,3.3448
confused,0.4005,0.4144,0.3734,-0.003
confused,0.4387,0.4528,0.6556,0.91
confused,0.3927,0.4972,0.3047,-0.5988
confused,0.4636,0.4526,0.5906,2.2075
confused,0.4126,0.4973,0.3514,-11.5714
confused,0.4321,0.4898,0.1905,-0.9421
confused,0.3738,0.4236,0.2095,-2.4531
confused,0.4152,0.3923,0.4609,-0.8021
confused,0.5273,0.3417,0.8677,-19.0435
confused,0.4347,0.3948,0.5484,-10.7009
confused,0.4331,0.49,0.2851,10.6104
confused,0.3606,0.4435,0.4451,-3.367
confused,0.4407,0.51,0.1463,0.7951
confused,0.4446,0.4993,0.0106,-4.2575
confused,0.299,0.535,0.388,-26.3536
confused,0.4432,0.4326,0.3731,-0.5343
confused,0.4861,0.426,0.6591,2.3366
confused,0.4578,0.5466,0.3115,-0.1124
confused,0.4668,0.4481,0.684,-0.8926
confused,0.531,0.5592,0.5381,-9.4042
confused,0.2859,0.4164,0.2621,-4.6439
confused,0.4932,0.3153,0.2762,4.7391
confused,0.2893,0.3623,0.3923,8.9657
confused,0.414,0.4929,0.1709,-1.0583
confused,0.4239,0.4777,0.499,-2.6025
confused,0.2076,0.4269,0.3132,5.7679
confused,0.3654,0.4024,0.6802,-0.8125
confused,0.4274,0.4774,0.3632,-5.474
confused,0.3912,0.4975,0.0781,-1.6728
confused,0.4578,0.5288,0.3568,-3.036
confused,0.3781,0.459,0.0915,1.0415
confused,0.1222,0.4536,0.0763,12.5634
confused,0.3814,0.4998,0.5376,2.0504
confused,0.4268,0.5326,0.6497,-1.9701
confused,0.3411,0.4099,0.2373,-7.1682
confused,0.4659,0.4336,0.7974,-3.0088
confused,0.3679,0.3894,0.6348,1.0179
confused,0.398,0.5374,0.6271,-4.7659
confused,0.4032,0.4465,0.1036,1.0494
confused,0.4069,0.4382,0.8036,0.4444
confused,0.4229,0.4638,0.3132,1.4231
confused,0.3953,0.4252,0.6988,-9.6685
confused,0.4635,0.5361,0.1001,3.532
confused,0.4092,0.6568,0.1852,4.3
confused,0.4165,0.4504,0.5749,-11.684
confused,0.4263,0.3979,0.009,-1.2436
confused,0.4561,0.5449,0.0282,-2.9038
confused,0.398,0.4494,0.4512,-0.867
confused,0.337,0.42,0.7195,-3.0772
confused,0.3645,0.3709,0.6653,-5.3765
confused,0.3336,0.4651,0.6858,-4.756
confused,0.3792,0.3053,0.3873,-1.4568
confused,0.1847,0.3183,0.5766,6.8801
confused,0.2487,0.3406,0.3336,-6.0822
confused,0.3739,0.4189,0.6527,-4.9039
confused,0.4411,0.3887,0.2508,-3.6819
confused,0.3394,0.4366,0.2097,-6.0398
confused,0.3119,0.394,0.5684,-1.0008
confused,0.3807,0.4445,0.8415,1.1811
confused,0.4194,0.3612,0.5873,-10.1942
confused,0.4262,0.456,0.3824,-5.3346
confused,0.3947,0.4401,0.0742,-14.703
confused,0.3361,0.4627,0.088,-9.8284
confused,0.4486,0.4631,0.5599,1.1287
confused,0.4175,0.4319,0.0155,-3.8008
confused,0.3975,0.5021,0.3991,0.8772
confused,0.4304,0.4575,0.5159,-3.9059
confused,0.4514,0.4438,0.4531,0.0984
confused,0.3464,0.3361,0.052,13.4221
confused,0.3948,0.5431,0.02,-3.2367
confused,0.3746,0.5188,0.2177,-14.5671
confused,0.4865,0.4217,0.229,-2.7272
confused,0.3593,0.4336,0.4571,1.3781
confused,0.4166,0.3432,0.2074,1.0725
confused,0.4264,0.382,0.2363,-1.5387
confused,0.5218,0.4285,0.1184,3.2335
confused,0.3255,0.5182,0.0739,-8.9148
confused,0.485,0.4054,0.3294,2.3333
confused,0.457,0.451,0.555,-3.9872
confused,0.3653,0.3385,0.353,-2.0199
confused,0.4445,0.498,0.4576,2.1668
confused,0.3969,0.4553,0.1893,13.4944
confused,0.4208,0.4067,0.6263,-0.8073
confused,0.4917,0.4917,0.3047,-7.7266
confused,0.4035,0.5194,0.0751,2.6013
confused,0.3874,0.4886,0.4055,2.1561
confused,0.4151,0.3876,0.7616,-3.467
confused,0.4024,0.4596,0.5906,15.8054
confused,0.2919,0.225,0.2738,11.5273
confused,0.3859,0.374,0.6229,1.4578
confused,0.347,0.4254,0.773,-0.2699
confused,0.4153,0.4349,0.513,5.2433
confused,0.4005,0.4348,0.8989,2.0474
confused,0.4276,0.4189,0.6637,0.6762
confused,0.4024,0.5145,0.4971,-0.16
confused,0.4034,0.387,0.2812,-4.3614
confused,0.3522,0.5123,0.0405,-1.9201
confused,0.3595,0.4007,0.5171,1.8465
confused,0.2053,0.3121,0.2917,-7.4968
confused,0.4636,0.4526,0.5906,2.2075
confused,0.322,0.5223,0.0987,-5.9528
confused,0.4707,0.4476,0.5357,0.2933
confused,0.3465,0.6428,0.0044,12.4619
confused,0.4759,0.5281,0.468,-2.133
confused,0.4256,0.4851,0.2847,0.8126
confused,0.4176,0.4165,0.4648,3.898
confused,0.3544,0.3826,0.8728,-1.4366
confused,0.3781,0.4665,0.6803,-0.837
confused,0.345,0.4581,0.1712,-1.3824
confused,0.3727,0.5109,0.2328,-0.3823
confused,0.3781,0.4665,0.6803,-0.837
confused,0.4147,0.4085,0.8809,-0.6286
confused,0.4619,0.5629,0.4498,4.5971
confused,0.3849,0.4475,0.6384,0.2105
confused,0.5032,0.5735,0.4722,12.4889
confused,0.4926,0.5965,0.1843,12.396
confused,0.4303,0.4435,0.3518,-3.0275
confused,0.4611,0.4546,0.6043,0.2125
confused,0.406,0.4273,0.405,-1.3118
confused,0.3915,0.5836,0.0134,-0.6866
confused,0.4438,0.4434,0.1754,-5.7795
confused,0.3835,0.3729,0.6591,2.1327
confused,0.3732,0.5923,0.0703,-1.5067
confused,0.3434,0.4975,0.2886,-7.0452
confused,0.4429,0.4093,0.2438,0.6415
confused,0.3881,0.4107,0.4501,1.5033
confused,0.4091,0.4767,0.8808,2.2387
confused,0.4396,0.3774,0.9427,1.3328
confused,0.4302,0.4651,0.1524,0.7178
confused,0.3722,0.3732,0.3404,-4.9755
confused,0.3985,0.3874,0.3676,-2.8015
confused,0.4194,0.4418,0.7488,15.1091
confused,0.3616,0.3815,0.3722,3.7749
confused,0.497,0.4149,1.0853,-11.5243
confused,0.4407,0.5316,0.3602,-0.9949
confused,0.3527,0.3838,0.0719,7.8971
confused,0.4289,0.4736,0.4079,-0.2403
confused,0.3962,0.436,0.5873,0.3943
confused,0.3282,0.4355,0.408,5.1305
confused,0.3469,0.347,0.459,15.6413
confused,0.3497,0.4319,0.3056,4.6364
confused,0.4354,0.4735,0.7047,-5.1674
confused,0.4514,0.4438,0.4531,0.0984
confused,0.423,0.5221,0.0195,1.2921
confused,0.4244,0.4856,0.4593,1.3809
confused,0.4653,0.4959,0.6892,5.1058
confused,0.286,0.3967,0.3809,-4.2231
confused,0.4121,0.4521,0.8435,-3.0279
confused,0.392,0.379,0.0388,-3.5311
confused,0.3708,0.4842,0.2421,-4.1061
confused,0.3679,0.4433,0.1671,-2.8703
confused,0.4716,0.4658,0.2213,-5.7629
confused,0.5145,0.4929,0.4755,-5.8231
confused,0.4188,0.466,0.2995,-1.7431
confused,0.3065,0.4662,0.5678,2.1631
confused,0.3333,0.4005,0.3459,17.0655
confused,0.4471,0.3922,0.902,-2.0933
confused,0.4401,0.6428,0.0626,-4.0538
confused,0.4558,0.4911,0.7038,9.3959
confused,0.4153,0.4546,0.7535,-0.6101
