emotion,eye_openness,eyebrow_distance,mouth_opening,head_tilt,mouth_width,mouth_height,eyebrow_asymmetry
frustrated,0.3419,0.3397,0.01,10.6004,0.1892,0.0019,0.0755
frustrated,0.582,0.3397,0.1389,-6.2976,0.094,0.0131,0.0043
frustrated,0.3114,0.4258,0.3295,-9.7185,0.2571,0.0847,0.0872
frustrated,0.3504,0.4697,0.2605,-1.9388,0.2567,0.0669,0.0047
frustrated,0.1695,0.3636,0.0699,-10.3468,0.2578,0.018,0.0805
frustrated,0.3793,0.3872,0.2508,-4.9532,0.3013,0.0756,0.0408
frustrated,0.122,0.3818,0.6634,0.1545,0.291,0.193,0.0013
frustrated,0.3648,0.3432,0.1125,0.0743,0.1318,0.0148,0.0048
frustrated,0.3073,0.4879,0.0082,0.0825,0.2736,0.0023,0.0053
frustrated,0.4149,0.4546,0.5623,-0.7736,0.1889,0.1062,0.0069
frustrated,0.3602,0.4489,0.0664,-3.3272,0.246,0.0163,0.0418
frustrated,0.3194,0.5009,0.0319,0.1611,0.2949,0.0094,0.0084
frustrated,0.3101,0.5048,0.0123,-6.4397,0.3332,0.0041,0.0691
frustrated,0.255,0.4779,0.7541,-11.9876,0.3017,0.2275,0.1375
frustrated,0.2059,0.4974,0.5475,-1.8863,0.3344,0.1831,0.0077
frustrated,0.3708,0.5345,0.5115,-1.1598,0.303,0.155,0.0077
frustrated,0.3409,0.3701,0.0141,5.1121,0.2139,0.003,0.0525
frustrated,0.2706,0.3462,0.1095,14.7008,0.198,0.0217,0.1062
frustrated,0.229,0.3653,0.4528,6.4144,0.274,0.1241,0.0397
frustrated,0.3685,0.4654,0.0089,3.2305,0.2466,0.0022,0.0149
frustrated,0.0727,0.4572,0.1339,-3.6346,0.3373,0.0452,0.0373
frustrated,0.0594,0.4246,0.3995,-0.9322,0.2941,0.1175,0.012
frustrated,0.407,0.4948,0.0146,-1.8966,0.2475,0.0036,0.0516
frustrated,0.3843,0.6017,0.0429,-0.3193,0.2863,0.0123,0.0031
frustrated,0.2834,0.336,0.2653,-8.8201,0.2107,0.0559,0.0509
frustrated,0.1045,0.5492,0.35,0.7226,0.4409,0.1543,0.003
frustrated,0.2631,0.6269,0.1032,2.8955,0.2986,0.0308,0.025
frustrated,0.1547,0.5282,0.1268,1.3982,0.2993,0.038,0.0176
frustrated,0.3062,0.4037,0.5917,0.9279,0.2652,0.1569,0.0055
frustrated,0.4182,0.4543,0.6871,-3.8741,0.2485,0.1708,0.0393
frustrated,0.3003,0.3903,0.4663,-1.1446,0.3106,0.1449,0.014
frustrated,0.3082,0.5049,0.1171,-2.4302,0.2528,0.0296,0.0201
frustrated,0.3272,0.4754,0.1775,-15.8914,0.2546,0.0452,0.1372
frustrated,0.155,0.2843,0.008,-2.1734,0.1537,0.0012,0.0005
frustrated,0.2931,0.3962,0.0213,25.7733,0.243,0.0052,0.1916
frustrated,0.3945,0.4476,0.0699,6.5719,0.2167,0.0152,0.0575
frustrated,0.3598,0.5335,0.0057,-1.0017,0.2512,0.0014,0.0021
frustrated,0.0228,0.3183,0.5507,2.6478,0.1972,0.1086,0.0129
frustrated,0.2691,0.5144,0.0042,0.4445,0.3145,0.0013,0.0066
frustrated,0.2519,0.4166,0.0202,-3.5854,0.2881,0.0058,0.0196
frustrated,0.3885,0.5559,0.0075,-15.2656,0.2616,0.002,0.1498
frustrated,0.361,0.644,0.0049,3.3184,0.3447,0.0017,0.0345
frustrated,0.3271,0.304,0.6143,-2.6041,0.2037,0.1252,0.0192
frustrated,0.2502,0.4886,0.2348,-14.4057,0.3206,0.0753,0.1338
frustrated,0.0527,0.4155,0.0094,10.0772,0.3314,0.0031,0.1019
frustrated,0.3683,0.3515,0.0308,24.4094,0.1818,0.0056,0.1628
frustrated,0.3298,0.4698,0.0182,2.3409,0.2619,0.0048,0.0241
frustrated,0.3664,0.4834,0.0106,9.7724,0.2162,0.0023,0.0877
frustrated,0.3653,0.3993,0.6618,-9.5001,0.2036,0.1347,0.0831
frustrated,0.4474,0.4568,0.0518,4.1174,0.1741,0.009,0.0761
frustrated,0.2651,0.4692,0.6559,1.3165,0.3016,0.1979,0.0099
frustrated,0.2526,0.3817,0.0024,-1.0903,0.3248,0.0008,0.0184
frustrated,0.0902,0.3379,0.5324,1.497,0.257,0.1368,0.022
frustrated,0.1352,0.4085,0.6984,0.8504,0.2565,0.1791,0.0144
frustrated,0.3178,0.4251,0.5626,18.3304,0.3174,0.1785,0.1383
frustrated,0.2567,0.439,0.0598,-5.7785,0.2448,0.0146,0.0516
frustrated,0.1619,0.3729,0.611,-13.4924,0.2138,0.1306,0.0953
frustrated,0.0728,0.35,0.9657,-2.1677,0.2693,0.26,0.0132
frustrated,0.2336,0.3511,1.0081,-16.7164,0.1843,0.1858,0.1149
frustrated,0.1997,0.4719,0.0274,15.393,0.2519,0.0069,0.1454
frustrated,0.2805,0.4941,0.2361,19.1807,0.2483,0.0586,0.1985
frustrated,0.3992,0.48,0.318,-6.138,0.2176,0.0692,0.0491
frustrated,0.0198,0.3211,0.4904,1.2408,0.237,0.1162,0.0013
frustrated,0.4255,0.3806,0.0277,22.895,0.1965,0.0054,0.1479
frustrated,0.2106,0.2693,0.0468,0.2167,0.1702,0.008,0.0024
frustrated,0.433,0.382,1.1161,-16.3129,0.1389,0.155,0.0783
frustrated,0.0409,0.4257,0.4725,-2.846,0.3007,0.1421,0.0181
frustrated,0.2037,0.4157,0.4713,-0.2277,0.3208,0.1512,0.0233
frustrated,0.3557,0.5985,0.3009,1.2064,0.4023,0.1211,0.0014
frustrated,0.3393,0.5279,0.1253,0.6786,0.2614,0.0327,0.0157
frustrated,0.3374,0.3654,0.3887,-24.7816,0.2719,0.1057,0.1621
frustrated,0.2919,0.3884,0.8557,-1.917,0.2976,0.2546,0.023
frustrated,0.4328,0.4968,0.0121,-0.5441,0.2303,0.0028,0.0089
frustrated,0.3662,0.4674,0.8121,1.0754,0.3148,0.2556,0.0124
frustrated,0.4169,0.5335,0.0217,0.5885,0.2588,0.0056,0.0146
frustrated,0.2335,0.4119,0.6513,5.5738,0.2671,0.174,0.055
frustrated,0.2415,0.4355,0.3174,-7.2473,0.3156,0.1002,0.0768
frustrated,0.2927,0.3499,0.2529,3.5651,0.2085,0.0527,0.0374
frustrated,0.3625,0.4909,0.0398,3.6342,0.2698,0.0107,0.0292
frustrated,0.3774,0.5182,0.4195,1.8013,0.3546,0.1487,0.0215
frustrated,0.3771,0.4516,0.0196,2.4334,0.261,0.0051,0.0291
frustrated,0.2759,0.352,0.0102,-4.1158,0.1912,0.0019,0.039
frustrated,0.0501,0.465,0.2717,-29.1662,0.3921,0.1065,0.2866
frustrated,0.359,0.3955,0.0131,5.4808,0.2272,0.003,0.0591
frustrated,0.2532,0.5357,0.0205,26.2955,0.2914,0.006,0.2368
frustrated,0.4911,0.5162,0.3111,0.5084,0.231,0.0718,0.0158
frustrated,0.3493,0.4606,0.0151,0.0425,0.206,0.0031,0.0088
frustrated,0.2567,0.439,0.0598,-5.7785,0.2448,0.0146,0.0516
frustrated,0.3159,0.3913,0.6641,2.2384,0.1952,0.1297,0.0129
frustrated,0.3976,0.4544,0.3383,5.4259,0.3523,0.1192,0.0586
frustrated,0.3014,0.5141,0.4487,-8.4369,0.3428,0.1538,0.0742
frustrated,0.4026,0.3469,0.9131,0.1613,0.2145,0.1958,0.0068
frustrated,0.3683,0.554,0.5347,-1.1093,0.3827,0.2046,0.0152
frustrated,0.4072,0.5041,0.0087,-2.9281,0.2645,0.0023,0.0181
frustrated,0.2743,0.4713,0.0055,4.3569,0.3068,0.0017,0.043
frustrated,0.3734,0.4525,0.0064,18.1344,0.2731,0.0017,0.1435
frustrated,0.3462,0.3125,0.0131,-26.7313,0.1575,0.0021,0.1498
frustrated,0.2892,0.4256,0.0149,-11.5883,0.2288,0.0034,0.1083
frustrated,0.1778,0.3276,1.0139,-4.2801,0.2318,0.235,0.032
frustrated,0.1718,0.392,0.1807,21.1708,0.2568,0.0464,0.1477
frustrated,0.3061,0.3356,0.752,-0.2921,0.2677,0.2013,0.0122
frustrated,0.4029,0.4377,0.7644,-15.4701,0.2304,0.1761,0.1468
frustrated,0.3451,0.4204,0.0855,2.9962,0.2013,0.0172,0.0115
frustrated,0.3052,0.4081,0.6692,6.425,0.2932,0.1962,0.0452
frustrated,0.4069,0.5294,0.2649,5.189,0.3618,0.0958,0.0584
frustrated,0.0606,0.4644,0.3099,-1.4537,0.3288,0.1019,0.0346
frustrated,0.2353,0.4851,0.0023,1.7403,0.2923,0.0007,0.0263
frustrated,0.1865,0.3807,0.6215,8.336,0.3278,0.2037,0.0661
frustrated,0.3232,0.3783,0.5312,-8.6914,0.2931,0.1557,0.1162
frustrated,0.2972,0.4108,0.0247,-16.1041,0.2226,0.0055,0.125
frustrated,0.216,0.3519,0.1241,8.9212,0.1878,0.0233,0.0578
frustrated,0.2705,0.4822,0.4076,-3.8688,0.2903,0.1183,0.0383
frustrated,0.2323,0.4698,0.0063,9.0206,0.2411,0.0015,0.0729
frustrated,0.291,0.4451,0.243,-5.0258,0.2209,0.0537,0.0532
frustrated,0.3414,0.4851,0.4793,28.0054,0.2412,0.1156,0.2779
frustrated,0.1977,0.4752,0.6809,0.9078,0.3061,0.2084,0.0337
frustrated,0.4091,0.3915,0.93,-19.7577,0.1997,0.1857,0.1337
frustrated,0.3231,0.4838,0.0217,6.2453,0.2878,0.0062,0.061
frustrated,0.1552,0.2998,0.7548,3.7948,0.1888,0.1425,0.0194
frustrated,0.4928,0.4376,0.1766,-3.3934,0.2106,0.0372,0.0112
frustrated,0.3589,0.2873,0.0766,13.5355,0.1331,0.0102,0.069
frustrated,0.3459,0.5678,0.2511,0.1206,0.3211,0.0806,0.0041
frustrated,0.2533,0.4293,0.0094,4.1813,0.2361,0.0022,0.032
frustrated,0.3613,0.5271,0.3111,-12.9503,0.3398,0.1057,0.1282
frustrated,0.0848,0.3895,0.4771,-3.1192,0.2603,0.1242,0.0146
frustrated,0.594,0.4185,0.0894,4.1001,0.1415,0.0126,0.0064
frustrated,0.2324,0.548,0.0182,-20.4231,0.2757,0.005,0.2
frustrated,0.3158,0.3313,0.009,6.9524,0.2396,0.0022,0.0517
frustrated,0.3582,0.432,0.2143,0.7606,0.3118,0.0668,0.001
frustrated,0.4836,0.5687,0.2806,19.0047,0.2607,0.0731,0.1959
frustrated,0.3787,0.3832,0.0477,-0.3075,0.2483,0.0118,0.002
frustrated,0.2089,0.4657,0.2793,-10.4501,0.3763,0.1051,0.1058
frustrated,0.3183,0.4456,0.0043,-2.9255,0.2612,0.0011,0.041
frustrated,0.2243,0.5024,0.252,-11.0143,0.3304,0.0833,0.1109
frustrated,0.2792,0.455,0.0471,-8.0951,0.2931,0.0138,0.0671
frustrated,0.272,0.4103,0.133,-1.4974,0.2207,0.0294,0.0203
frustrated,0.4406,0.4147,0.2093,6.6421,0.1928,0.0404,0.0528
frustrated,0.273,0.5147,0.146,-1.4185,0.3419,0.0499,0.0024
frustrated,0.3976,0.3558,0.9125,2.8006,0.1992,0.1818,0.0158
frustrated,0.1985,0.3271,0.0075,3.9291,0.2439,0.0018,0.0308
frustrated,0.262,0.464,0.0543,-17.3838,0.229,0.0124,0.1227
frustrated,0.2892,0.3634,0.194,-12.907,0.2417,0.0469,0.0861
frustrated,0.3347,0.4804,0.0109,10.1686,0.2448,0.0027,0.0953
frustrated,0.3869,0.3815,0.2947,6.203,0.3249,0.0957,0.048
frustrated,0.1611,0.3683,0.02,-8.8927,0.256,0.0051,0.0848
frustrated,0.3334,0.4116,0.0549,-4.8743,0.2615,0.0144,0.0468
frustrated,0.3879,0.4214,0.6223,5.0251,0.2283,0.1421,0.0453
frustrated,0.3206,0.3546,0.0107,-4.4406,0.225,0.0024,0.0382
frustrated,0.2102,0.3218,0.2836,-5.1814,0.1828,0.0518,0.0294
frustrated,0.4423,0.4244,0.1657,-1.3425,0.3147,0.0521,0.009
frustrated,0.1616,0.0748,0.0486,-19.641,0.0332,0.0016,0.032
frustrated,0.2243,0.3869,0.0083,0.0833,0.2583,0.0021,0.001
frustrated,0.2897,0.3858,0.2504,-1.1212,0.2285,0.0572,0.003
frustrated,0.2913,0.4191,0.0237,3.3295,0.2121,0.005,0.0392
frustrated,0.3159,0.4101,0.4235,-6.5831,0.1986,0.0841,0.0436
frustrated,0.1737,0.3401,0.0131,10.3308,0.2239,0.0029,0.0661
frustrated,0.3998,0.5472,0.0592,-0.9114,0.2517,0.0149,0.0263
frustrated,0.4134,0.5121,0.0115,-4.6812,0.35,0.004,0.0332
frustrated,0.3583,0.454,0.0204,-3.7089,0.23,0.0047,0.0482
frustrated,0.2989,0.4208,0.0142,3.7025,0.2471,0.0035,0.0343
frustrated,0.3627,0.3494,0.5693,-27.3658,0.2145,0.1221,0.1727
frustrated,0.2217,0.3021,0.0122,-8.5764,0.1966,0.0024,0.0428
frustrated,0.255,0.3291,0.4866,-5.7212,0.2097,0.1021,0.0248
frustrated,0.2312,0.3463,0.1407,2.4848,0.2441,0.0343,0.0231
frustrated,0.452,0.4086,0.3024,1.1233,0.1819,0.055,0.0028
frustrated,0.3435,0.3915,0.1797,-6.212,0.2507,0.045,0.0541
frustrated,0.3839,0.4797,0.2535,7.4925,0.2923,0.0741,0.0914
frustrated,0.3112,0.3451,0.006,1.2204,0.193,0.0012,0.0017
frustrated,0.2791,0.4677,0.4563,-11.367,0.2936,0.134,0.1343
frustrated,0.0646,0.425,0.8132,-1.2583,0.2214,0.1801,0.029
frustrated,0.3415,0.476,0.0161,-11.4084,0.258,0.0042,0.1056
frustrated,0.1165,0.4552,0.4247,7.5831,0.3133,0.1331,0.0639
frustrated,0.2734,0.2215,0.1122,62.4189,0.1118,0.0125,0.2193
frustrated,0.2778,0.3093,0.7842,0.7934,0.2547,0.1997,0.0008
frustrated,0.1551,0.3805,0.0596,1.1638,0.2115,0.0126,0.002
frustrated,0.3308,0.409,0.0447,-4.5326,0.18,0.008,0.0296
frustrated,0.2405,0.4337,0.4692,-4.4668,0.2779,0.1304,0.0331
frustrated,0.3461,0.403,0.7628,0.8815,0.1724,0.1315,0.0204
frustrated,0.3246,0.4799,0.2757,-18.8597,0.3051,0.0841,0.1712
frustrated,0.2797,0.4871,0.0032,9.8587,0.2531,0.0008,0.0895
frustrated,0.42,0.3242,0.142,-7.4403,0.1158,0.0165,0.0188
frustrated,0.254,0.2515,0.185,11.0253,0.1918,0.0355,0.0595
frustrated,0.2343,0.5893,0.0011,13.223,0.3856,0.0004,0.1362
frustrated,0.3138,0.4,0.058,-8.1201,0.3115,0.0181,0.0702
frustrated,0.2623,0.3854,0.0997,3.1111,0.1966,0.0196,0.0266
frustrated,0.2999,0.4963,0.0213,2.6063,0.2372,0.0051,0.0231
frustrated,0.3663,0.4428,0.035,-1.0639,0.2469,0.0086,0.0061
frustrated,0.1153,0.4589,0.0447,7.2734,0.297,0.0133,0.0723
frustrated,0.1809,0.5045,0.6403,-5.6552,0.1841,0.1179,0.0548
frustrated,0.2172,0.6539,0.0144,-2.3479,0.3599,0.0052,0.0461
frustrated,0.2657,0.4286,0.3911,-7.8079,0.2076,0.0812,0.0602
frustrated,0.3447,0.4061,0.0045,2.2448,0.2548,0.0011,0.0128
frustrated,0.274,0.3501,0.0077,-6.5609,0.231,0.0018,0.0419
frustrated,0.3403,0.4149,0.0911,2.6804,0.2051,0.0187,0.0166
frustrated,0.0318,0.4289,0.5623,3.2978,0.342,0.1923,0.0367
frustrated,0.3587,0.307,0.2199,-6.9893,0.0947,0.0208,0.0465
frustrated,0.3228,0.3299,0.7199,-1.6528,0.2131,0.1534,0.0167
frustrated,0.3084,0.2892,0.2281,6.6444,0.099,0.0226,0.0377
frustrated,0.2718,0.4729,0.4372,-7.6762,0.354,0.1548,0.0911
frustrated,0.3266,0.2496,0.2996,-26.9947,0.1276,0.0382,0.124
frustrated,0.3949,0.4442,0.0131,-5.1687,0.2106,0.0028,0.04
frustrated,0.1794,0.4944,0.0147,-1.5997,0.2425,0.0036,0.015
frustrated,0.2912,0.4054,0.0173,3.0493,0.2482,0.0043,0.0182
frustrated,0.3269,0.4106,0.0701,-18.6115,0.2148,0.0151,0.1354
frustrated,0.3758,0.5088,0.285,14.0172,0.3227,0.092,0.1251
frustrated,0.2861,0.3629,0.0476,3.9028,0.1431,0.0068,0.003
frustrated,0.161,0.3663,0.4414,0.1121,0.277,0.1223,0.0043
frustrated,0.2669,0.4047,0.0301,-36.1534,0.2819,0.0085,0.3093
frustrated,0.2577,0.3795,0.0208,-30.2285,0.1943,0.004,0.2052
frustrated,0.1893,0.4794,0.1304,18.2417,0.3249,0.0424,0.1822
frustrated,0.3609,0.4901,0.4031,-3.1479,0.3232,0.1303,0.0326
frustrated,0.2014,0.3497,0.6115,7.9718,0.1447,0.0885,0.0427
frustrated,0.2527,0.3904,0.4508,-6.3172,0.244,0.11,0.052
frustrated,0.2747,0.4778,0.0048,-0.2083,0.2997,0.0014,0.0133
frustrated,0.3032,0.4614,0.0174,-2.6195,0.2503,0.0044,0.0124
frustrated,0.1964,0.5307,0.027,-2.5604,0.2638,0.0071,0.0387
frustrated,0.3115,0.3439,0.1182,7.3011,0.204,0.0241,0.0631
frustrated,0.4174,0.4699,0.0818,1.2674,0.2418,0.0198,0.0245
frustrated,0.342,0.4148,0.4465,-0.7653,0.2929,0.1308,0.0147
frustrated,0.43,0.3842,0.2537,-3.8819,0.1815,0.0461,0.0203
frustrated,0.3628,0.4579,0.0487,36.8023,0.2423,0.0118,0.3165
frustrated,0.3096,0.429,0.0896,4.0877,0.2498,0.0224,0.0408
frustrated,0.0689,0.3609,0.0639,4.3082,0.2831,0.0181,0.0466
frustrated,0.0976,0.4175,0.6497,0.9194,0.3418,0.2221,0.0102
frustrated,0.3367,0.469,0.01,7.9009,0.258,0.0026,0.0478
frustrated,0.3125,0.3753,0.0068,19.9442,0.2203,0.0015,0.1375
frustrated,0.1682,0.3607,0.3091,-22.9786,0.17,0.0525,0.1373
frustrated,0.3748,0.4194,0.3745,21.1742,0.2332,0.0874,0.1581
frustrated,0.3802,0.4597,0.0672,-7.7392,0.249,0.0167,0.0753
frustrated,0.338,0.3703,0.6787,-0.7922,0.2171,0.1474,0.0091
frustrated,0.3413,0.4817,0.0198,-29.5653,0.281,0.0056,0.2433
frustrated,0.1774,0.4365,0.2018,-1.118,0.2648,0.0535,0.0039
frustrated,0.269,0.3554,0.0498,0.3503,0.2149,0.0107,0.0127
frustrated,0.3209,0.4374,0.0084,-5.8838,0.2421,0.002,0.0597
frustrated,0.4333,0.5274,0.2016,-11.9226,0.2549,0.0514,0.1385
frustrated,0.1467,0.4148,0.1547,8.2649,0.2968,0.0459,0.0778
frustrated,0.2901,0.365,0.0202,-12.7809,0.2404,0.0048,0.0916
frustrated,0.2669,0.4624,0.0011,3.6756,0.239,0.0003,0.0458
frustrated,0.3178,0.4518,0.0239,-6.5184,0.2457,0.0059,0.0606
frustrated,0.3277,0.4424,0.5629,-28.9015,0.2511,0.1414,0.2302
frustrated,0.0704,0.3402,0.4481,0.4343,0.3704,0.166,0.0061
frustrated,0.3465,0.3727,0.0774,8.6952,0.2438,0.0189,0.0651
frustrated,0.2832,0.4587,0.0384,1.0339,0.3183,0.0122,0.0107
frustrated,0.1594,0.3799,0.5528,11.591,0.2095,0.1158,0.0828
frustrated,0.2467,0.3443,0.0275,20.9676,0.1291,0.0036,0.1034
frustrated,0.5192,0.4375,0.0608,0.2366,0.1263,0.0077,0.0251
frustrated,0.2996,0.5446,0.0071,-2.6835,0.2604,0.0018,0.0066
frustrated,0.3939,0.4042,0.0188,3.3455,0.2197,0.0041,0.0143
frustrated,0.4226,0.3722,0.2545,1.8037,0.2768,0.0704,0.021
frustrated,0.3898,0.2945,0.5761,4.5456,0.1554,0.0895,0.0307
frustrated,0.2851,0.4479,0.5171,-17.9805,0.3489,0.1804,0.1541
frustrated,0.2726,0.3572,0.4326,-5.6523,0.2243,0.097,0.0361
frustrated,0.0217,0.4377,0.2394,1.0048,0.3176,0.076,0.0088
frustrated,0.3335,0.3886,0.1846,-6.6664,0.2474,0.0457,0.061
frustrated,0.2794,0.4191,0.0136,-0.1409,0.2224,0.003,0.0008
frustrated,0.2951,0.4419,0.0045,-13.2261,0.2974,0.0013,0.1194
frustrated,0.3477,0.4168,0.792,5.969,0.2329,0.1845,0.0421
frustrated,0.117,0.3891,0.501,0.0162,0.2944,0.1475,0.0002
frustrated,0.2952,0.4647,0.2909,-19.5486,0.3544,0.1031,0.1726
frustrated,0.3763,0.686,0.0209,-7.7834,0.3455,0.0072,0.1221
frustrated,0.2313,0.4309,0.0465,1.285,0.239,0.0111,0.0
frustrated,0.3445,0.4829,0.0686,-17.8464,0.3067,0.021,0.1704
frustrated,0.3655,0.5099,0.018,-0.9428,0.2825,0.0051,0.0271
frustrated,0.4329,0.5753,0.2779,-2.1254,0.3028,0.0841,0.0026
frustrated,0.3687,0.4154,0.01,-2.5494,0.2427,0.0024,0.0181
frustrated,0.3602,0.4716,0.4564,-2.458,0.2038,0.093,0.0069
frustrated,0.3488,0.4018,0.8179,0.6322,0.2863,0.2342,0.0221
frustrated,0.3037,0.5147,0.014,0.9667,0.2481,0.0035,0.0245
frustrated,0.3972,0.4092,0.0674,0.7065,0.23,0.0155,0.0062
frustrated,0.3701,0.4664,0.3294,-0.4849,0.3047,0.1004,0.0028
frustrated,0.2506,0.6188,0.0144,-6.0216,0.3366,0.0049,0.0639
frustrated,0.2637,0.3833,0.202,6.8654,0.2214,0.0447,0.0572
frustrated,0.3635,0.4242,0.3003,-0.915,0.2326,0.0698,0.0118
frustrated,0.3472,0.4363,0.0099,20.7188,0.2797,0.0028,0.1568
frustrated,0.2635,0.2808,0.0075,3.8299,0.1503,0.0011,0.0176
frustrated,0.3517,0.4886,0.009,-3.694,0.2584,0.0023,0.0389
frustrated,0.2678,0.4868,0.1713,-0.2006,0.2435,0.0417,0.0168
frustrated,0.3272,0.3436,0.0045,22.4849,0.1721,0.0008,0.1513
frustrated,0.0323,0.2636,0.7592,10.9714,0.236,0.1792,0.0669
frustrated,0.3214,0.4504,0.1695,7.2487,0.2976,0.0504,0.0663
frustrated,0.2855,0.2666,0.0328,3.6465,0.1748,0.0057,0.0203
frustrated,0.3178,0.4988,0.1993,0.6707,0.2362,0.0471,0.0089
frustrated,0.0586,0.4111,0.3389,-11.2943,0.3067,0.104,0.1196
frustrated,0.0311,0.3813,0.7267,-2.0214,0.2216,0.161,0.0282
frustrated,0.3415,0.4706,0.3169,-1.3369,0.2551,0.0808,0.0235
frustrated,0.3334,0.3969,0.0053,5.5982,0.2,0.0011,0.0296
frustrated,0.3865,0.4856,0.2026,12.5025,0.2819,0.0571,0.0988
frustrated,0.1938,0.4157,0.6371,-18.5437,0.2257,0.1438,0.1531
frustrated,0.2846,0.2,0.2413,59.7201,0.1051,0.0254,0.1901
frustrated,0.4284,0.6189,0.0226,-11.6921,0.3086,0.007,0.1235
frustrated,0.2778,0.5544,0.5781,1.1995,0.3635,0.2101,0.0089
frustrated,0.3027,0.4629,0.051,1.0101,0.2251,0.0115,0.0068
frustrated,0.3077,0.3564,0.3205,2.1596,0.2427,0.0778,0.0152
frustrated,0.4206,0.4059,0.0466,-10.4054,0.2431,0.0113,0.0866
frustrated,0.3667,0.3829,0.0263,-3.8806,0.2174,0.0057,0.0298
frustrated,0.357,0.4823,0.1004,7.1656,0.262,0.0263,0.0586
frustrated,0.1113,0.3616,0.6197,1.1903,0.2494,0.1546,0.0013
frustrated,0.2523,0.3912,0.021,-0.1205,0.299,0.0063,0.0086
frustrated,0.3606,0.4487,0.3215,-5.8126,0.2155,0.0693,0.0566
frustrated,0.2243,0.4626,0.5784,-6.5173,0.3255,0.1882,0.0676
frustrated,0.2711,0.3952,0.5991,0.3448,0.252,0.151,0.0119
frustrated,0.2882,0.4858,0.4347,-17.2285,0.275,0.1195,0.1862
frustrated,0.2053,0.4073,0.4781,-19.2905,0.2845,0.136,0.1521
frustrated,0.2548,0.4599,0.04,2.6979,0.2673,0.0107,0.0147
frustrated,0.0268,0.5062,0.0732,6.2444,0.294,0.0215,0.0752
frustrated,0.2891,0.4969,0.0247,1.8827,0.2605,0.0064,0.0244
frustrated,0.4174,0.4699,0.0818,1.2674,0.2418,0.0198,0.0245
frustrated,0.2962,0.3009,0.4097,23.1363,0.2069,0.0847,0.1317
frustrated,0.3557,0.3238,0.6958,-7.7762,0.1838,0.1279,0.0638
frustrated,0.2335,0.3547,0.5219,3.2328,0.2642,0.1379,0.0193
frustrated,0.4215,0.3433,0.6329,-14.0232,0.2029,0.1284,0.1065
frustrated,0.4129,0.4125,0.0166,-1.8237,0.2337,0.0039,0.0121
frustrated,0.4025,0.4948,0.0513,-14.3998,0.3036,0.0156,0.1198
frustrated,0.1994,0.3425,0.2072,38.3573,0.1798,0.0373,0.2334
frustrated,0.2735,0.4482,0.0428,-10.6159,0.2486,0.0106,0.1037
frustrated,0.3009,0.5404,0.0273,-9.5145,0.2974,0.0081,0.0843
frustrated,0.3902,0.5311,0.0141,0.9616,0.2887,0.0041,0.0111
frustrated,0.2862,0.3079,0.1355,13.985,0.1649,0.0223,0.0744
frustrated,0.3104,0.4653,0.1448,0.2636,0.2856,0.0414,0.008
frustrated,0.3996,0.4284,0.9669,1.1751,0.2616,0.253,0.0097
frustrated,0.0954,0.435,0.0095,-7.277,0.2407,0.0023,0.084
frustrated,0.3569,0.4261,0.0347,-1.7157,0.2423,0.0084,0.0065
frustrated,0.3204,0.4056,0.2545,2.202,0.2673,0.068,0.0355
frustrated,0.2574,0.3854,0.5624,-6.0876,0.216,0.1215,0.0478
frustrated,0.3552,0.4105,0.0523,0.3975,0.2113,0.0111,0.0031
frustrated,0.3139,0.429,0.172,3.6688,0.245,0.0421,0.0483
frustrated,0.1386,0.3715,0.1625,7.4168,0.2601,0.0423,0.045
frustrated,0.3403,0.4437,0.4046,-0.7479,0.3216,0.1301,0.0116
frustrated,0.1366,0.5347,0.5358,5.8375,0.2895,0.1551,0.0702
frustrated,0.5707,0.2559,0.275,-8.0239,0.0672,0.0185,0.0363
frustrated,0.2758,0.3507,0.35,-24.7563,0.2457,0.086,0.1361
frustrated,0.2042,0.3611,0.3439,3.7299,0.3144,0.1081,0.0472
frustrated,0.0998,0.4011,0.1756,-7.5103,0.2353,0.0413,0.0585
frustrated,0.2386,0.4043,0.0531,2.6397,0.2251,0.012,0.0308
frustrated,0.2486,0.3302,0.1242,-8.898,0.1019,0.0127,0.0359
frustrated,0.137,0.3404,0.0696,44.8225,0.1762,0.0123,0.3087
frustrated,0.3902,0.5311,0.0141,0.9616,0.2887,0.0041,0.0111
frustrated,0.3508,0.4279,0.0098,-9.3346,0.2507,0.0025,0.0787
frustrated,0.2689,0.3748,0.9907,-14.7293,0.1979,0.1961,0.111
frustrated,0.3223,0.3832,0.1655,-12.8057,0.19,0.0314,0.1051
frustrated,0.1636,0.3382,0.9753,-22.6456,0.1612,0.1572,0.1196
frustrated,0.251,0.3135,0.0792,-12.9007,0.1399,0.0111,0.0829
frustrated,0.3116,0.4154,0.4307,-2.4992,0.2636,0.1135,0.0141
frustrated,0.3607,0.448,0.2767,-5.5823,0.2468,0.0683,0.0352
frustrated,0.2727,0.3656,0.0417,-5.9446,0.2829,0.0118,0.0781
frustrated,0.3568,0.4616,0.0052,2.7295,0.2445,0.0013,0.0372
frustrated,0.2752,0.4794,0.3538,-1.2948,0.2676,0.0947,0.0196
frustrated,0.1332,0.538,0.0224,-8.3237,0.3346,0.0075,0.0927
frustrated,0.3008,0.4038,0.6146,-5.841,0.2512,0.1544,0.057
frustrated,0.2145,0.4408,0.1034,-11.3773,0.278,0.0288,0.1164
frustrated,0.3242,0.4725,0.0789,-7.2849,0.2619,0.0207,0.0523
frustrated,0.1353,0.4441,0.6048,-2.6611,0.341,0.2062,0.0116
frustrated,0.3294,0.4043,0.1112,-12.3277,0.2237,0.0249,0.1206
frustrated,0.3613,0.4205,0.2391,9.3482,0.2383,0.057,0.0744
frustrated,0.2913,0.3131,0.064,-5.6435,0.1425,0.0091,0.0375
frustrated,0.3221,0.3939,0.3594,0.2847,0.2371,0.0852,0.003
frustrated,0.2525,0.524,0.6358,0.681,0.3435,0.2184,0.0089
frustrated,0.3114,0.4284,0.4619,-2.6636,0.3303,0.1526,0.0199
frustrated,0.2155,0.3219,1.0257,30.9445,0.2332,0.2392,0.2426
frustrated,0.2866,0.4047,0.4711,1.473,0.3117,0.1468,0.0169
frustrated,0.2304,0.2876,0.2005,8.3332,0.1617,0.0324,0.0477
frustrated,0.3124,0.4422,0.6631,-0.4467,0.3148,0.2087,0.0049
frustrated,0.2305,0.4407,0.0048,4.0973,0.2512,0.0012,0.0539
frustrated,0.3276,0.4834,0.076,-9.0469,0.2902,0.022,0.0816
frustrated,0.3481,0.3173,0.1848,-5.4183,0.1845,0.0341,0.0445
frustrated,0.2645,0.4619,0.5169,13.077,0.3349,0.1731,0.1378
frustrated,0.5057,0.4554,0.1961,4.5224,0.1962,0.0385,0.0565
frustrated,0.1701,0.4132,0.4709,-5.4544,0.2737,0.1289,0.052
frustrated,0.3048,0.3944,0.0119,-2.7,0.2677,0.0032,0.0149
frustrated,0.3833,0.5676,0.0094,25.8193,0.2771,0.0026,0.2394
frustrated,0.3221,0.4522,0.0022,7.2977,0.3203,0.0007,0.0775
frustrated,0.2101,0.3874,0.0332,6.8335,0.2788,0.0093,0.0598
frustrated,0.1247,0.3429,0.3701,-0.6371,0.1999,0.074,0.0102
frustrated,0.2707,0.4145,0.2159,1.506,0.3187,0.0688,0.0327
frustrated,0.3979,0.3941,0.3679,-1.7697,0.2695,0.0992,0.0224
frustrated,0.3388,0.4176,0.6335,19.079,0.3089,0.1957,0.1532
frustrated,0.3033,0.4807,0.0229,2.6188,0.2774,0.0064,0.0208
frustrated,0.0474,0.4294,0.6968,-6.0519,0.3217,0.2241,0.0611
frustrated,0.178,0.4245,0.22,-8.4192,0.31,0.0682,0.0838
frustrated,0.287,0.325,0.3432,-3.5485,0.2101,0.0721,0.0284
frustrated,0.3335,0.3886,0.1846,-6.6664,0.2474,0.0457,0.061
frustrated,0.3248,0.2876,0.7796,-4.6351,0.1152,0.0898,0.0019
frustrated,0.049,0.4534,0.4444,-13.5928,0.349,0.1551,0.1238
frustrated,0.2707,0.2912,0.0614,-6.9504,0.1125,0.0069,0.0539
frustrated,0.3467,0.3708,0.0099,-9.4823,0.2322,0.0023,0.0754
frustrated,0.2774,0.4448,0.4095,11.693,0.3882,0.1589,0.0973
frustrated,0.2524,0.6049,0.0909,5.0468,0.3197,0.0291,0.0456
frustrated,0.3145,0.4478,0.1937,3.1589,0.3094,0.0599,0.0379
frustrated,0.4697,0.2634,0.0524,17.908,0.0991,0.0052,0.0848
frustrated,0.2925,0.4267,0.6558,-16.2371,0.2213,0.1451,0.1368
frustrated,0.2941,0.4481,0.0036,-0.0044,0.2883,0.001,0.0023
frustrated,0.2772,0.4722,0.026,-14.2965,0.3418,0.0089,0.1495
frustrated,0.2959,0.4333,0.0147,-4.5121,0.242,0.0036,0.0556
frustrated,0.368,0.4346,0.0571,-8.5556,0.2854,0.0163,0.0533
frustrated,0.4058,0.4231,0.2179,3.0947,0.2865,0.0624,0.0125
frustrated,0.1878,0.3827,0.7864,-18.2041,0.2141,0.1684,0.1434
frustrated,0.34,0.4322,0.0054,-6.7501,0.2363,0.0013,0.0591
frustrated,0.2783,0.4172,0.009,0.1149,0.3104,0.0028,0.0053
frustrated,0.3438,0.3732,0.175,-6.1761,0.2433,0.0426,0.0559
frustrated,0.2959,0.3924,0.8271,-6.7113,0.2556,0.2114,0.0579
frustrated,0.2948,0.339,1.006,3.5888,0.2359,0.2374,0.0182
frustrated,0.3328,0.4129,0.7075,-6.1863,0.2964,0.2097,0.0431
frustrated,0.3846,0.3999,0.3216,-4.8057,0.2457,0.079,0.0507
frustrated,0.1787,0.4629,0.654,-21.9098,0.2973,0.1944,0.162
frustrated,0.2606,0.4833,0.0996,-7.2684,0.2239,0.0223,0.0824
frustrated,0.1309,0.4205,0.1864,1.8064,0.3381,0.063,0.0146
frustrated,0.2709,0.4735,0.4386,-7.5865,0.3505,0.1537,0.089
frustrated,0.2577,0.3835,0.3749,-2.7588,0.3007,0.1127,0.0281
frustrated,0.3196,0.567,0.4421,-1.8172,0.4097,0.1811,0.0283
frustrated,0.3045,0.6253,0.1834,-2.6184,0.3171,0.0581,0.0383
frustrated,0.2287,0.3927,0.0111,13.4265,0.2594,0.0029,0.0999
frustrated,0.3677,0.4556,0.11,14.2636,0.2428,0.0267,0.1289
frustrated,0.2904,0.4357,0.0157,11.3925,0.2789,0.0044,0.0978
frustrated,0.3249,0.3239,0.0636,3.7264,0.1519,0.0097,0.0238
frustrated,0.3987,0.4147,0.2458,-6.9971,0.1781,0.0438,0.049
frustrated,0.2697,0.5766,0.3026,1.1605,0.2892,0.0875,0.0196
frustrated,0.3207,0.3048,0.1884,-20.7708,0.1458,0.0275,0.1104
frustrated,0.228,0.4115,0.8911,0.9112,0.2796,0.2492,0.0234
frustrated,0.4162,0.4201,0.6036,-0.8479,0.2826,0.1706,0.015
frustrated,0.3133,0.3008,0.1314,-36.6945,0.1511,0.0199,0.1842
frustrated,0.3063,0.4384,0.0622,28.8789,0.2391,0.0149,0.2186
frustrated,0.3518,0.4298,0.5172,9.02,0.262,0.1355,0.0744
frustrated,0.2343,0.4406,0.054,-9.8046,0.2452,0.0132,0.1129
frustrated,0.3782,0.4296,0.3692,-6.5642,0.2319,0.0856,0.0575
frustrated,0.2689,0.3089,0.0183,5.1646,0.1853,0.0034,0.0286
frustrated,0.3999,0.3335,1.001,2.1564,0.1829,0.1831,0.0153
frustrated,0.4257,0.4834,0.0189,-1.0567,0.1851,0.0035,0.0278
frustrated,0.1804,0.4791,0.2107,-5.9378,0.2019,0.0425,0.054
frustrated,0.1665,0.3375,0.584,-0.0905,0.2412,0.1409,0.0046
frustrated,0.2157,0.2989,0.646,-8.2621,0.0973,0.0628,0.0156
frustrated,0.3424,0.4407,0.0191,0.4474,0.2598,0.005,0.0071
frustrated,0.245,0.4352,0.0073,1.284,0.2596,0.0019,0.007
frustrated,0.3677,0.4379,0.5242,1.4436,0.2653,0.1391,0.0233
frustrated,0.355,0.5858,0.0667,8.4474,0.4002,0.0267,0.1067
frustrated,0.3485,0.3024,0.4406,-10.7818,0.1354,0.0596,0.0618
frustrated,0.3599,0.4642,0.5705,-0.1262,0.2208,0.126,0.0181
frustrated,0.204,0.4926,0.0763,-2.0946,0.3159,0.0241,0.0007
frustrated,0.4159,0.4198,0.0847,-9.586,0.2403,0.0203,0.0913
frustrated,0.3324,0.4188,0.0246,13.0606,0.2521,0.0062,0.1408
frustrated,0.2192,0.4572,0.4743,1.5325,0.2996,0.1421,0.0042
frustrated,0.3642,0.3454,0.0436,-3.3447,0.1965,0.0086,0.0175
frustrated,0.2657,0.4577,0.0252,-15.0286,0.2627,0.0066,0.1277
frustrated,0.1924,0.3263,0.505,6.126,0.2306,0.1164,0.0435
frustrated,0.3818,0.4964,0.0181,-4.0134,0.2613,0.0047,0.0399
frustrated,0.3128,0.3782,0.0689,-0.0494,0.1615,0.0111,0.0086
frustrated,0.3639,0.5114,0.0026,13.2489,0.2771,0.0007,0.1069
frustrated,0.3186,0.277,0.0089,0.9966,0.1296,0.0012,0.0159
frustrated,0.3151,0.3008,0.8358,-5.6982,0.1607,0.1343,0.0346
frustrated,0.248,0.3879,0.6746,-2.3955,0.2221,0.1498,0.0109
frustrated,0.2507,0.4987,0.0388,1.7375,0.2749,0.0107,0.0041
frustrated,0.2561,0.3441,0.4046,9.6515,0.2041,0.0826,0.0506
frustrated,0.3445,0.4749,0.0134,0.6156,0.2245,0.003,0.0011
frustrated,0.387,0.5132,0.1275,2.4022,0.2668,0.034,0.0554
frustrated,0.3729,0.4888,0.5293,0.0333,0.3386,0.1792,0.0214
frustrated,0.193,0.4374,0.392,-1.2761,0.3544,0.1389,0.0154
frustrated,0.3058,0.6964,0.0502,-2.6343,0.3456,0.0174,0.0255
frustrated,0.2835,0.4664,0.6198,-16.542,0.2893,0.1793,0.157
frustrated,0.2302,0.4135,0.1253,-2.4345,0.2879,0.0361,0.0323
frustrated,0.4317,0.4465,0.03,-34.8312,0.2068,0.0062,0.2304
frustrated,0.2315,0.5448,0.5158,-9.8958,0.3744,0.1931,0.0803
frustrated,0.2348,0.49,0.0025,-2.0442,0.3406,0.0008,0.0214
frustrated,0.3601,0.366,0.6554,25.4899,0.1943,0.1273,0.156
frustrated,0.342,0.3747,0.2033,-7.9525,0.2134,0.0434,0.066
frustrated,0.291,0.4098,0.8576,-1.4705,0.2162,0.1854,0.0173
frustrated,0.2881,0.2972,0.0193,-6.2915,0.1851,0.0036,0.046
frustrated,0.227,0.3556,0.108,0.5739,0.2547,0.0275,0.0044
frustrated,0.0919,0.4513,0.4116,-6.4907,0.2353,0.0969,0.093
frustrated,0.341,0.5116,0.0045,-2.161,0.2994,0.0014,0.0124
frustrated,0.2568,0.368,0.3322,-2.2334,0.2499,0.083,0.025
frustrated,0.0504,0.4316,0.3835,-13.3936,0.3288,0.1261,0.1163
frustrated,0.2792,0.4469,0.7249,-15.5301,0.2921,0.2117,0.1514
frustrated,0.3175,0.3047,0.0054,2.7361,0.1792,0.001,0.0123
frustrated,0.3955,0.3571,0.3162,22.1962,0.2077,0.0657,0.1524
frustrated,0.2804,0.4606,0.0161,-13.2345,0.292,0.0047,0.1474
frustrated,0.3133,0.4413,0.1689,-4.9248,0.2608,0.044,0.0604
frustrated,0.3822,0.4331,0.1882,-1.6838,0.2555,0.0481,0.0226
frustrated,0.2918,0.3801,0.4535,-6.6282,0.2127,0.0965,0.0584
frustrated,0.3504,0.3513,0.0289,-21.067,0.1385,0.004,0.1306
frustrated,0.3217,0.5282,0.0469,-15.1674,0.3228,0.0151,0.1513
frustrated,0.3152,0.4014,0.0343,-1.909,0.2444,0.0084,0.0172
frustrated,0.2901,0.502,0.1519,-7.5858,0.2863,0.0435,0.1096
frustrated,0.3674,0.4177,0.3044,3.1909,0.2732,0.0832,0.0412
frustrated,0.3545,0.3369,0.0176,-15.3938,0.1752,0.0031,0.1027
frustrated,0.344,0.459,0.7843,-13.4967,0.2475,0.1942,0.1149
frustrated,0.3802,0.5037,0.0023,5.2824,0.2705,0.0006,0.0474
frustrated,0.2697,0.4397,0.1217,-4.6504,0.2442,0.0297,0.0256
frustrated,0.3055,0.4227,0.4876,-1.0477,0.2364,0.1153,0.0152
frustrated,0.3446,0.3248,0.9526,-9.8425,0.148,0.141,0.0384
frustrated,0.2892,0.484,0.0026,8.5938,0.2733,0.0007,0.0937
frustrated,0.1849,0.4097,0.5006,0.2558,0.3105,0.1555,0.0037
frustrated,0.4675,0.3854,0.3073,7.75,0.2297,0.0706,0.0677
frustrated,0.2821,0.4977,0.0087,-20.4933,0.2907,0.0025,0.1624
frustrated,0.2998,0.3937,0.4444,15.1893,0.2812,0.125,0.1343
frustrated,0.2407,0.3007,0.5983,2.1794,0.2052,0.1228,0.0147
frustrated,0.3971,0.5201,0.2238,-7.3619,0.2208,0.0494,0.0913
frustrated,0.0932,0.4563,0.004,6.7024,0.2328,0.0009,0.0659
frustrated,0.4029,0.3775,0.0919,25.5859,0.2795,0.0257,0.1959
frustrated,0.3236,0.4035,0.0103,0.3244,0.2175,0.0022,0.0059
frustrated,0.3497,0.3738,0.0467,-26.9222,0.2441,0.0114,0.2043
frustrated,0.3989,0.4297,0.6205,-3.06,0.2957,0.1834,0.0212
frustrated,0.0262,0.3343,0.5182,-0.803,0.3555,0.1842,0.0051
frustrated,0.1722,0.4324,0.3028,2.7781,0.1955,0.0592,0.0215
frustrated,0.239,0.3046,0.0343,-39.6338,0.1657,0.0057,0.2218
frustrated,0.4345,0.4139,0.0581,9.5035,0.205,0.0119,0.0393
frustrated,0.3745,0.452,0.0061,-0.2226,0.2371,0.0015,0.0079
frustrated,0.1949,0.4399,0.0148,1.8141,0.236,0.0035,0.008
frustrated,0.3278,0.5392,0.0048,19.5372,0.3195,0.0015,0.1702
frustrated,0.3289,0.4878,0.7294,6.3767,0.331,0.2415,0.0666
frustrated,0.2434,0.3926,0.4592,0.8521,0.3454,0.1586,0.0064
frustrated,0.2871,0.304,0.2788,17.3753,0.1756,0.049,0.0952
frustrated,0.3335,0.4865,0.0394,-20.9991,0.2689,0.0106,0.1817
frustrated,0.3795,0.5063,0.0093,-2.3965,0.2535,0.0024,0.0501
frustrated,0.0356,0.4851,0.2177,0.6983,0.2836,0.0617,0.0056
frustrated,0.2408,0.4301,0.0605,2.5321,0.2292,0.0139,0.0162
frustrated,0.419,0.4936,0.5396,3.4471,0.2197,0.1185,0.0034
frustrated,0.1382,0.3309,0.0078,11.1882,0.2484,0.0019,0.0778
frustrated,0.0536,0.441,0.8178,-2.5192,0.3045,0.2491,0.0291
frustrated,0.484,0.4434,0.1392,5.6282,0.1849,0.0257,0.0538
frustrated,0.5363,0.2994,0.4437,-25.572,0.1487,0.066,0.133
frustrated,0.3866,0.4705,0.1916,18.1967,0.1972,0.0378,0.1323
frustrated,0.1204,0.3665,0.5317,-0.8011,0.3133,0.1666,0.0231
frustrated,0.3583,0.5244,0.0336,-7.1639,0.2805,0.0094,0.0626
frustrated,0.3691,0.462,0.011,3.3399,0.2587,0.0028,0.0197
frustrated,0.2884,0.3035,0.0862,-7.5672,0.1457,0.0126,0.0419
frustrated,0.4405,0.5081,0.1648,5.7018,0.2234,0.0368,0.0772
frustrated,0.3651,0.3785,0.0142,-10.631,0.2286,0.0033,0.0772
frustrated,0.2472,0.4728,0.1816,-25.8289,0.3605,0.0655,0.2301
frustrated,0.3879,0.4214,0.6223,5.0251,0.2283,0.1421,0.0453
frustrated,0.366,0.5123,0.0505,-3.7421,0.2668,0.0135,0.0394
frustrated,0.3364,0.3144,0.4575,-4.1829,0.1319,0.0603,0.025
frustrated,0.2898,0.3941,0.4701,1.1908,0.2354,0.1106,0.0282
frustrated,0.1797,0.2399,0.6915,-0.7421,0.2691,0.1861,0.0023
frustrated,0.2429,0.5287,0.0666,-11.4694,0.2401,0.016,0.1477
frustrated,0.2656,0.5727,0.2705,11.2426,0.386,0.1044,0.1133
frustrated,0.4002,0.4344,0.3889,-7.0152,0.2358,0.0917,0.0395
frustrated,0.2447,0.4018,0.3029,0.4645,0.3211,0.0973,0.0008
frustrated,0.381,0.467,0.0186,3.2699,0.2579,0.0048,0.0112
frustrated,0.378,0.3976,0.2849,3.7376,0.213,0.0607,0.0222
frustrated,0.3352,0.4945,0.0146,-1.2659,0.2551,0.0037,0.0111
frustrated,0.3023,0.3295,0.4202,-15.4359,0.1657,0.0696,0.09
frustrated,0.375,0.52,0.3032,14.2919,0.3516,0.1066,0.1433
frustrated,0.3601,0.4388,0.7513,2.0885,0.2962,0.2225,0.0107
frustrated,0.3432,0.354,0.8671,-14.4798,0.1643,0.1424,0.0709
frustrated,0.3616,0.4845,0.2517,-5.6003,0.234,0.0589,0.048
frustrated,0.0392,0.302,0.7815,-0.9305,0.1805,0.1411,0.0188
frustrated,1.2571,0.3836,0.1046,-16.9653,0.0877,0.0092,0.0795
frustrated,0.2738,0.4072,0.0127,-8.2508,0.2562,0.0032,0.0659
frustrated,0.2373,0.4505,0.0107,-6.6309,0.2392,0.0026,0.0422
frustrated,0.2895,0.4132,0.0946,12.3356,0.2021,0.0191,0.0911
frustrated,0.3334,0.4369,0.664,5.6934,0.2208,0.1466,0.061
frustrated,0.328,0.3874,0.1762,-6.6276,0.255,0.0449,0.0637
frustrated,0.2002,0.4118,0.0905,-1.7363,0.2474,0.0224,0.0134
frustrated,0.1671,0.4485,0.6583,-1.8779,0.2999,0.1974,0.0077
frustrated,0.33,0.4923,0.001,-3.209,0.285,0.0003,0.0306
frustrated,0.3077,0.4879,0.5858,7.2255,0.3094,0.1812,0.0376
frustrated,0.2959,0.4724,0.5993,8.1721,0.2158,0.1293,0.0859
frustrated,0.3364,0.4755,0.6034,-1.9089,0.3767,0.2273,0.0239
frustrated,0.1954,0.2411,0.5812,8.9451,0.1487,0.0865,0.0482
frustrated,0.3768,0.3915,0.5168,-10.4177,0.2881,0.1489,0.0571
frustrated,0.3233,0.3054,0.382,-4.3729,0.211,0.0806,0.0054
frustrated,0.4331,0.3261,0.088,-7.1209,0.1297,0.0114,0.033
frustrated,0.3748,0.4762,0.0141,-9.6737,0.2412,0.0034,0.0996
frustrated,0.2161,0.3663,0.3512,-15.4896,0.3035,0.1066,0.1336
frustrated,0.3968,0.5192,0.2841,17.8075,0.207,0.0588,0.1378
frustrated,0.4469,0.4851,0.3848,-2.249,0.3733,0.1436,0.0209
frustrated,0.1204,0.289,0.3016,12.4584,0.1431,0.0432,0.0724
frustrated,0.1735,0.373,0.6417,-1.7929,0.2343,0.1504,0.0024
frustrated,0.2429,0.4533,0.5302,0.9942,0.3526,0.187,0.0119
frustrated,0.3865,0.4739,0.1758,-7.8599,0.2121,0.0373,0.0834
frustrated,0.3559,0.3935,0.3042,12.269,0.2046,0.0622,0.1026
frustrated,0.2775,0.3529,0.0274,9.6947,0.2267,0.0062,0.0712
frustrated,0.3912,0.4903,0.0048,-50.3602,0.2673,0.0013,0.4084
frustrated,0.3536,0.4666,0.0133,-0.1353,0.293,0.0039,0.0023
frustrated,0.2877,0.3375,0.0047,-8.9475,0.2335,0.0011,0.0692
frustrated,0.312,0.4924,0.0021,1.9417,0.272,0.0006,0.0176
frustrated,0.3354,0.472,0.0327,-0.0868,0.2514,0.0082,0.0085
frustrated,0.1379,0.4639,0.2766,0.5977,0.3575,0.0989,0.0068
frustrated,0.3192,0.4843,0.493,-13.7972,0.254,0.1252,0.1386
frustrated,0.1089,0.4278,0.5868,-5.1261,0.2725,0.1599,0.0343
frustrated,0.276,0.357,0.0063,0.8204,0.2338,0.0015,0.004
frustrated,0.3421,0.4471,0.4736,2.8141,0.2727,0.1292,0.0152
frustrated,0.297,0.4659,0.5436,-4.2458,0.3794,0.2063,0.0387
frustrated,0.3993,0.4444,0.6827,-1.5344,0.2676,0.1827,0.0166
frustrated,0.229,0.5323,0.1549,7.0013,0.2853,0.0442,0.0748
frustrated,0.3283,0.5173,0.1891,-2.5933,0.3317,0.0627,0.0318
frustrated,0.2823,0.5142,0.3495,9.9023,0.2878,0.1006,0.1035
frustrated,0.3354,0.5262,0.0208,-2.6023,0.2909,0.0061,0.031
frustrated,0.3372,0.4917,0.5191,-1.9753,0.2888,0.1499,0.0187
frustrated,0.4483,0.3321,0.0196,2.6475,0.1345,0.0026,0.0113
frustrated,0.3793,0.5847,0.0108,-1.787,0.3119,0.0034,0.0056
frustrated,0.2273,0.4999,0.0153,-0.0577,0.2336,0.0036,0.0112
frustrated,0.3815,0.5874,0.5387,-19.956,0.3046,0.1641,0.2042
frustrated,0.2577,0.5145,0.5412,-6.6272,0.3674,0.1988,0.0763
frustrated,0.2768,0.3786,0.0035,0.3317,0.2961,0.001,0.0009
frustrated,0.3879,0.4214,0.6223,5.0251,0.2283,0.1421,0.0453
frustrated,0.2132,0.2568,0.9765,-3.3202,0.1546,0.151,0.0273
frustrated,0.3927,0.4025,0.2971,1.7473,0.2157,0.0641,0.0145
frustrated,0.1848,0.4285,0.0179,0.5061,0.2671,0.0048,0.0035
frustrated,0.2206,0.4896,0.0805,-24.8251,0.2948,0.0237,0.2338
frustrated,0.3098,0.4714,0.1043,-8.9641,0.2821,0.0294,0.0935
frustrated,0.3431,0.5435,0.0078,8.322,0.317,0.0025,0.0901
frustrated,0.2569,0.2751,0.6467,-2.4998,0.1217,0.0787,0.0227
frustrated,0.3769,0.3001,0.6314,-22.464,0.14,0.0884,0.1113
frustrated,0.3747,0.4508,0.0233,7.2847,0.2385,0.0056,0.0731
frustrated,0.0493,0.3534,0.3751,-0.4076,0.3263,0.1224,0.0104
frustrated,0.212,0.4366,0.0486,7.2502,0.2305,0.0112,0.036
frustrated,0.2209,0.4636,0.1383,-2.6934,0.3146,0.0435,0.0369
frustrated,0.2869,0.3592,0.2273,-14.7898,0.2108,0.0479,0.0936
frustrated,0.4862,0.3592,0.6152,1.1917,0.0992,0.061,0.029
frustrated,0.3422,0.4117,0.2016,-2.0271,0.203,0.0409,0.0167
frustrated,0.3862,0.4306,0.8814,4.3381,0.2366,0.2085,0.026
frustrated,0.1998,0.4111,0.0674,-3.242,0.2046,0.0138,0.0382
frustrated,0.4325,0.3988,0.2394,-0.5866,0.2208,0.0529,0.0075
frustrated,0.0194,0.3289,0.5376,-0.1998,0.3051,0.1641,0.0124
frustrated,0.3024,0.481,0.4988,3.2622,0.2087,0.1041,0.0404
frustrated,0.4053,0.4518,0.6057,-2.8255,0.3071,0.186,0.0162
frustrated,0.1186,0.4716,0.1255,2.0185,0.2595,0.0326,0.0095
frustrated,0.3862,0.4038,0.0606,-3.1995,0.2143,0.013,0.0283
frustrated,0.2675,0.3805,0.0166,6.3287,0.3142,0.0052,0.0457
frustrated,0.1512,0.5592,0.4126,-5.3509,0.3671,0.1515,0.0685
frustrated,0.2385,0.4349,0.4769,0.9643,0.2979,0.1421,0.0091
frustrated,0.3506,0.3794,0.4023,-2.9235,0.2263,0.091,0.0252
frustrated,0.3121,0.3723,0.3562,10.1091,0.1977,0.0704,0.0714
frustrated,0.1568,0.3864,0.6787,-2.1908,0.3351,0.2275,0.0289
frustrated,0.058,0.4169,0.3737,-0.7495,0.2883,0.1077,0.0194
frustrated,0.2353,0.4509,0.0116,0.5806,0.2477,0.0029,0.014
frustrated,0.3077,0.4879,0.5858,7.2255,0.3094,0.1812,0.0376
frustrated,0.2382,0.3684,0.0328,-0.8998,0.1995,0.0066,0.021
frustrated,0.3794,0.5393,0.1958,-2.9129,0.3358,0.0658,0.0443
frustrated,0.433,0.3661,0.6805,3.4407,0.2266,0.1542,0.0084
frustrated,0.3979,0.444,0.2938,3.8742,0.2584,0.0759,0.0382
frustrated,0.3299,0.3991,0.5242,-0.8464,0.3409,0.1787,0.0147
frustrated,0.3243,0.5694,0.7054,2.9202,0.4055,0.2861,0.0202
frustrated,0.4573,0.4606,0.0572,7.0756,0.2277,0.013,0.0721
frustrated,0.3452,0.3586,0.0025,-1.7376,0.2122,0.0005,0.014
frustrated,0.2105,0.3668,0.9335,-15.8662,0.2806,0.2619,0.1321
frustrated,0.2428,0.3647,0.2645,-13.6639,0.2727,0.0721,0.0913
frustrated,0.2656,0.4143,0.0062,0.3251,0.2062,0.0013,0.0307
frustrated,0.1499,0.3687,0.4036,-22.598,0.1817,0.0733,0.1444
frustrated,0.3845,0.4632,0.0245,1.9002,0.2318,0.0057,0.0205
frustrated,0.3853,0.3827,0.0321,-3.0679,0.2287,0.0073,0.0277
frustrated,0.3127,0.5001,0.0112,-1.3559,0.3213,0.0036,0.012
frustrated,0.4086,0.3861,0.0672,25.8793,0.188,0.0126,0.1732
frustrated,0.3552,0.402,0.2552,10.4201,0.2062,0.0526,0.0642
frustrated,0.1523,0.4155,0.4177,-3.3658,0.2675,0.1117,0.0328
frustrated,0.2699,0.4436,0.1748,-0.1901,0.2643,0.0462,0.0128
frustrated,0.2745,0.4775,0.0065,-2.57,0.292,0.0019,0.0375
frustrated,0.279,0.2811,0.9079,-2.7703,0.225,0.2043,0.0171
frustrated,0.2888,0.5538,0.2959,-24.3896,0.3113,0.0921,0.2589
frustrated,0.2753,0.4326,0.279,0.285,0.2543,0.0709,0.0084
frustrated,0.3811,0.4034,0.0092,5.3703,0.207,0.0019,0.039
frustrated,0.2321,0.4241,0.0439,3.095,0.2039,0.0089,0.0046
frustrated,0.1451,0.2331,0.0595,-3.6913,0.1033,0.0061,0.0101
frustrated,0.3918,0.3634,0.2547,-7.3252,0.1893,0.0482,0.0405
frustrated,0.4205,0.4094,0.0087,-8.9423,0.2074,0.0018,0.0669
frustrated,0.2885,0.3349,0.7444,23.2777,0.2718,0.2023,0.1658
frustrated,0.2134,0.511,0.5849,-1.9334,0.3586,0.2097,0.0058
frustrated,0.2761,0.4937,0.3274,-8.4927,0.3523,0.1154,0.0796
frustrated,0.3795,0.374,0.0707,-5.4785,0.2216,0.0157,0.0394
frustrated,0.2554,0.5654,0.0158,-3.4597,0.2762,0.0044,0.0055
frustrated,0.2288,0.566,0.4835,1.121,0.3633,0.1756,0.0253
frustrated,0.3616,0.6777,0.01,-1.9196,0.4525,0.0045,0.0277
frustrated,0.3346,0.4114,0.0785,17.7603,0.2194,0.0172,0.1505
frustrated,0.3196,0.5159,0.0241,-15.9157,0.3024,0.0073,0.1474
frustrated,0.1523,0.4155,0.4177,-3.3658,0.2675,0.1117,0.0328
frustrated,0.1599,0.5571,0.009,-1.0128,0.3361,0.003,0.0146
frustrated,0.3008,0.3246,0.1424,-31.8955,0.2254,0.0321,0.1951
frustrated,0.2752,0.267,0.1563,11.1613,0.1775,0.0277,0.0493
frustrated,0.3,0.3432,0.0388,-4.1258,0.1463,0.0057,0.0218
frustrated,0.2242,0.3348,0.8724,7.1933,0.2634,0.2298,0.0693
frustrated,0.1212,0.4371,0.0059,2.2889,0.3334,0.002,0.0248
frustrated,0.0735,0.3764,0.598,-4.2162,0.2692,0.161,0.0357
frustrated,0.3074,0.5297,0.0079,2.693,0.2542,0.002,0.0008
frustrated,0.3787,0.3478,0.0538,-21.1899,0.179,0.0096,0.1331
frustrated,0.1518,0.4424,0.316,-3.5773,0.2758,0.0872,0.0313
frustrated,0.2322,0.3675,0.0255,-3.9288,0.2252,0.0058,0.0596
frustrated,0.3756,0.4277,0.8501,1.7833,0.2502,0.2127,0.0042
frustrated,0.0837,0.3868,0.596,-5.8977,0.292,0.174,0.0579
frustrated,0.3411,0.4315,0.5095,6.7989,0.2143,0.1092,0.0333
frustrated,0.3617,0.4555,0.5145,2.3014,0.3038,0.1563,0.0263
frustrated,0.2981,0.6828,0.0552,3.3529,0.3467,0.0191,0.0706
frustrated,0.3438,0.5025,0.3139,0.3153,0.3215,0.1009,0.0019
frustrated,0.2942,0.46,0.1189,-6.2352,0.274,0.0326,0.0497
frustrated,0.2914,0.3364,0.006,5.1877,0.2347,0.0014,0.0351
frustrated,0.2844,0.4183,0.2687,6.7367,0.2388,0.0642,0.0575
frustrated,0.2182,0.4051,0.3433,-1.6135,0.2645,0.0908,0.0243
frustrated,0.3968,0.4489,0.045,-6.586,0.2728,0.0123,0.058
frustrated,0.2014,0.4798,0.762,2.0954,0.327,0.2492,0.0209
frustrated,0.2984,0.5114,0.0061,-5.0049,0.3011,0.0018,0.032
frustrated,0.3145,0.4579,0.0076,11.3744,0.2216,0.0017,0.1071
frustrated,0.4174,0.4594,0.2962,-17.0391,0.2122,0.0629,0.139
frustrated,0.2859,0.4836,0.0286,0.7142,0.2716,0.0078,0.0132
frustrated,0.2875,0.3747,0.5419,8.83,0.2035,0.1103,0.0713
frustrated,0.2589,0.457,0.6134,-3.8117,0.2796,0.1715,0.0231
frustrated,0.3781,0.48,0.1395,-0.6756,0.2395,0.0334,0.0131
frustrated,0.2741,0.5172,0.5105,-3.525,0.3348,0.1709,0.0201
frustrated,0.392,0.4168,0.069,12.4501,0.2266,0.0156,0.1037
frustrated,0.1657,0.4436,0.0299,-3.8594,0.3256,0.0097,0.0349
frustrated,0.2714,0.4447,0.2034,8.4152,0.24,0.0488,0.0684
frustrated,0.4006,0.3604,0.6838,-16.1195,0.2113,0.1445,0.115
frustrated,0.0541,0.409,0.6426,1.829,0.2442,0.1569,0.0117
frustrated,0.1338,0.4331,0.6698,1.1273,0.2984,0.1999,0.0223
frustrated,0.3731,0.4526,0.0147,-5.8603,0.2343,0.0035,0.0472
frustrated,0.3286,0.323,0.0478,2.8878,0.1614,0.0077,0.0024
frustrated,0.1193,0.4976,0.2652,-4.4219,0.2213,0.0587,0.0511
frustrated,0.393,0.4274,0.6556,-5.3145,0.2597,0.1703,0.0565
frustrated,0.2471,0.3768,0.5404,4.3297,0.2526,0.1365,0.0374
frustrated,0.3463,0.5283,0.1274,-12.093,0.2843,0.0362,0.1335
frustrated,0.4048,0.3902,0.0679,-15.0808,0.1978,0.0134,0.1075
frustrated,0.2635,0.3915,0.003,19.0274,0.1892,0.0006,0.1151
frustrated,0.3997,0.3745,0.0669,-6.194,0.2321,0.0155,0.0496
frustrated,0.4023,0.4388,0.0397,1.088,0.1861,0.0074,0.0133
frustrated,0.3751,0.4088,0.7605,2.2027,0.2614,0.1988,0.0314
frustrated,0.1361,0.5665,0.2888,-4.1468,0.383,0.1106,0.0546
frustrated,0.3721,0.4325,0.1686,-4.5926,0.2139,0.0361,0.0435
frustrated,0.3472,0.4799,0.3115,11.9947,0.2501,0.0779,0.1037
frustrated,0.3876,0.4834,0.0033,5.4302,0.2527,0.0008,0.049
frustrated,0.3179,0.4118,0.6958,0.1981,0.2464,0.1714,0.0114
frustrated,0.0305,0.3646,0.4137,5.2652,0.2849,0.1179,0.0398
frustrated,0.2868,0.389,0.0237,-14.4114,0.2698,0.0064,0.1125
frustrated,0.31,0.4988,0.0481,0.3048,0.269,0.0129,0.0021
frustrated,0.3109,0.3739,0.27,-1.308,0.248,0.067,0.0047
frustrated,0.2906,0.3669,0.2753,-3.3456,0.296,0.0815,0.0188
frustrated,0.3271,0.5517,0.3799,-11.7246,0.2665,0.1013,0.1428
frustrated,0.2169,0.2875,0.4014,4.6899,0.1898,0.0762,0.0288
frustrated,0.4018,0.4813,0.0091,-6.9229,0.2248,0.002,0.0767
frustrated,0.2597,0.4356,0.3089,-13.3767,0.3217,0.0994,0.1124
frustrated,0.0876,0.3908,0.0168,5.6139,0.2687,0.0045,0.0369
frustrated,0.1641,0.4103,0.3967,-1.744,0.312,0.1238,0.0107
frustrated,0.3132,0.4065,0.1244,1.8708,0.186,0.0231,0.0239
frustrated,0.2535,0.2432,0.0194,32.4893,0.1345,0.0026,0.1598
frustrated,0.3152,0.5368,0.2076,4.0062,0.3441,0.0714,0.0415
frustrated,0.3525,0.4476,0.0248,1.8104,0.2414,0.006,0.0203
frustrated,0.2369,0.469,0.1209,9.6413,0.2542,0.0307,0.0834
frustrated,0.396,0.1292,0.0185,-58.9898,0.0508,0.0009,0.0954
frustrated,0.419,0.3963,0.2333,0.8437,0.2693,0.0628,0.0018
frustrated,0.4356,0.453,0.2451,1.4954,0.2496,0.0612,0.017
frustrated,0.2724,0.3929,0.089,9.167,0.1673,0.0149,0.0711
frustrated,0.4108,0.5721,0.0106,6.7889,0.2962,0.0031,0.0672
frustrated,0.2832,0.3128,0.5646,-0.5751,0.2185,0.1234,0.0027
frustrated,0.2334,0.5078,0.003,0.3636,0.3254,0.001,0.0063
frustrated,0.3416,0.6526,0.0411,-12.1531,0.2945,0.0121,0.1581
frustrated,0.2699,0.4001,0.0033,-3.4035,0.2965,0.001,0.0262
frustrated,0.4184,0.549,0.5607,2.4392,0.2566,0.1439,0.0325
frustrated,0.2594,0.4953,0.2307,0.9007,0.3351,0.0773,0.0089
frustrated,0.5187,0.3005,0.925,-5.7094,0.1118,0.1034,0.0373
frustrated,0.3375,0.4235,0.0098,-2.1086,0.2993,0.0029,0.0322
frustrated,0.2754,0.4077,0.3124,3.8417,0.3216,0.1005,0.0263
frustrated,0.4273,0.3972,0.2508,1.7562,0.2181,0.0547,0.0116
frustrated,0.1297,0.4774,0.3312,24.8748,0.3361,0.1113,0.2686
frustrated,0.2986,0.3852,0.0115,-0.8936,0.2413,0.0028,0.0168
frustrated,0.3481,0.4242,0.0302,0.5786,0.2579,0.0078,0.006
frustrated,0.2255,0.3661,0.0038,-1.6523,0.1889,0.0007,0.0268
frustrated,0.3265,0.4094,1.059,-1.2439,0.2289,0.2424,0.0113
frustrated,0.2895,0.4052,0.0177,-2.9459,0.2512,0.0045,0.0291
frustrated,0.0615,0.3722,0.2968,2.9137,0.2913,0.0865,0.0173
frustrated,0.2182,0.3265,0.0815,-1.2923,0.2153,0.0176,0.0102
frustrated,0.3061,0.3356,0.752,-0.2921,0.2677,0.2013,0.0122
frustrated,0.311,0.3855,0.2192,-9.5255,0.2313,0.0507,0.0666
frustrated,0.4309,0.3706,0.3101,6.0124,0.2101,0.0651,0.0555
frustrated,0.3778,0.3628,0.7349,5.9125,0.2529,0.1858,0.0566
frustrated,0.3197,0.4541,0.7037,-1.5005,0.2985,0.2101,0.0118
frustrated,0.3268,0.4028,0.0262,-11.3631,0.3251,0.0085,0.0828
frustrated,0.2886,0.3212,0.1024,0.4522,0.1865,0.0191,0.0119
frustrated,0.1278,0.3195,0.3531,11.896,0.2392,0.0844,0.1106
frustrated,0.2546,0.3858,0.5369,4.5844,0.2472,0.1327,0.0339
frustrated,0.3731,0.5997,0.0201,5.2017,0.3543,0.0071,0.0783
frustrated,0.0393,0.4685,0.4282,-2.0132,0.3168,0.1356,0.0203
frustrated,0.3788,0.4093,0.6078,3.7215,0.2227,0.1354,0.027
frustrated,0.3015,0.4685,0.0052,-0.7374,0.2304,0.0012,0.0011
frustrated,0.1209,0.4105,0.3496,3.6602,0.2959,0.1035,0.026
frustrated,0.2877,0.2283,0.6008,21.9509,0.1648,0.099,0.1069
frustrated,0.1699,0.484,0.0098,4.8714,0.2984,0.0029,0.0503
frustrated,0.3387,0.5852,0.2231,-1.6774,0.2993,0.0668,0.0154
frustrated,0.309,0.3303,0.0079,-2.2215,0.1933,0.0015,0.0361
frustrated,0.3636,0.3646,0.3449,-2.6241,0.2012,0.0694,0.0176
frustrated,0.2992,0.5796,0.5205,-0.713,0.418,0.2176,0.0105
frustrated,0.4761,0.4179,0.1065,1.0183,0.2333,0.0249,0.003
frustrated,0.328,0.3874,0.1762,-6.6276,0.255,0.0449,0.0637
frustrated,0.3851,0.5139,0.0283,14.4183,0.3088,0.0087,0.1285
frustrated,0.3993,0.5016,0.0031,-1.6082,0.2948,0.0009,0.0269
frustrated,0.3486,0.4081,0.0104,-0.2082,0.2753,0.0029,0.0005
frustrated,0.3415,0.4971,0.1095,-3.1946,0.2718,0.0298,0.0275
frustrated,0.275,0.4308,0.0302,-12.3165,0.248,0.0075,0.0943
frustrated,0.1602,0.4165,0.7296,12.2698,0.3412,0.2489,0.1122
frustrated,0.106,0.4355,0.5014,26.0446,0.3009,0.1509,0.2496
frustrated,0.3817,0.5575,0.1718,-5.8998,0.2236,0.0384,0.0362
frustrated,0.41,0.3533,0.6839,7.405,0.1492,0.102,0.0355
frustrated,0.1771,0.4086,0.6209,-3.6932,0.2615,0.1624,0.0374
frustrated,0.3532,0.4079,0.5171,1.7262,0.2229,0.1153,0.0115
frustrated,0.1895,0.4673,0.2013,6.5976,0.2426,0.0488,0.0632
frustrated,0.1654,0.4434,0.0419,9.6134,0.2359,0.0099,0.0514
frustrated,0.2821,0.4412,0.0054,4.4805,0.2142,0.0012,0.0173
frustrated,0.337,0.4556,0.012,4.7488,0.2685,0.0032,0.0373
frustrated,0.2742,0.4137,0.4521,7.9036,0.2908,0.1315,0.0779
frustrated,0.1197,0.3629,0.5158,5.8531,0.3162,0.1631,0.0459
frustrated,0.2699,0.3344,0.251,-6.325,0.2395,0.0601,0.0457
frustrated,0.3681,0.3736,0.1797,-6.3446,0.2188,0.0393,0.0411
frustrated,0.2958,0.453,0.0108,-9.42,0.2595,0.0028,0.0853
frustrated,0.2668,0.3147,0.5961,-7.5258,0.24,0.143,0.0542
frustrated,0.354,0.3463,0.0766,18.5373,0.1812,0.0139,0.0955
frustrated,0.2398,0.4715,0.203,0.7091,0.3092,0.0628,0.0133
frustrated,0.3372,0.3254,0.056,-8.3191,0.1656,0.0093,0.0728
frustrated,0.2328,0.4564,0.0286,1.6877,0.2986,0.0085,0.009
frustrated,0.3562,0.3895,0.429,-2.5593,0.2823,0.1211,0.0241
frustrated,0.4174,0.4699,0.0818,1.2674,0.2418,0.0198,0.0245
frustrated,0.4503,0.5018,0.0319,10.2293,0.195,0.0062,0.0634
frustrated,0.2712,0.4965,0.1083,-39.3635,0.2385,0.0258,0.3871
frustrated,0.0944,0.3913,0.2056,-6.9214,0.2893,0.0595,0.0507
frustrated,0.0482,0.4611,0.0174,36.7403,0.33,0.0057,0.3412
frustrated,0.307,0.3979,0.0238,-32.3191,0.1679,0.004,0.1977
frustrated,0.338,0.4616,0.0246,-0.1877,0.2342,0.0058,0.0162
frustrated,0.381,0.483,0.0609,-3.0764,0.2528,0.0154,0.0427
frustrated,0.1876,0.4851,0.0852,7.3022,0.3304,0.0281,0.079
frustrated,0.3214,0.3483,0.7753,0.9268,0.2073,0.1607,0.0037
frustrated,0.404,0.5103,0.4064,3.2981,0.3185,0.1294,0.0295
frustrated,0.2456,0.5059,0.3855,-7.586,0.4064,0.1567,0.088
frustrated,0.145,0.3564,0.3058,-7.4759,0.3005,0.0919,0.0517
frustrated,0.3181,0.4782,0.3279,-3.5977,0.2854,0.0936,0.03
frustrated,0.3277,0.4327,0.0339,-5.3853,0.2511,0.0085,0.0636
frustrated,0.2771,0.4708,0.1783,10.6952,0.2432,0.0434,0.0973
frustrated,0.3541,0.4216,0.7751,6.3064,0.3069,0.2379,0.0452
frustrated,0.2856,0.4008,0.4082,0.7777,0.3348,0.1367,0.0033
frustrated,0.3635,0.4386,0.1219,-8.9038,0.2085,0.0254,0.0988
frustrated,0.0431,0.4973,0.0074,-0.6684,0.2831,0.0021,0.0191
frustrated,0.4002,0.4344,0.3889,-7.0152,0.2358,0.0917,0.0395
frustrated,0.4011,0.2534,0.0458,-9.5589,0.1253,0.0057,0.0508
frustrated,0.3277,0.4424,0.5629,-28.9015,0.2511,0.1414,0.2302
frustrated,0.3356,0.4985,0.0513,6.5274,0.2716,0.0139,0.0693
frustrated,0.3094,0.3313,0.3703,10.0861,0.2203,0.0816,0.0426
frustrated,0.3879,0.5035,0.1592,-2.2377,0.2477,0.0394,0.0543
frustrated,0.4146,0.5034,0.2822,4.1854,0.2901,0.0819,0.0419
frustrated,0.2203,0.3295,0.1959,7.0331,0.2936,0.0575,0.057
frustrated,0.3139,0.4809,0.0036,6.9883,0.3319,0.0012,0.0712
frustrated,0.317,0.5061,0.0161,2.4363,0.2965,0.0048,0.0124
frustrated,0.3478,0.44,0.2889,13.5666,0.1894,0.0547,0.1149
frustrated,0.3261,0.4926,0.372,-2.3929,0.3103,0.1154,0.0102
frustrated,0.3994,0.4876,0.6267,0.4337,0.3167,0.1985,0.0054
frustrated,0.3985,0.4608,0.7027,-4.2404,0.142,0.0998,0.0317
frustrated,0.343,0.541,0.0151,5.4255,0.261,0.0039,0.0712
frustrated,0.3407,0.4255,0.0676,4.0905,0.1771,0.012,0.0384
frustrated,0.2448,0.5107,0.0723,-7.4842,0.3037,0.0219,0.0736
frustrated,0.1568,0.3378,0.0201,9.5122,0.2028,0.0041,0.0658
frustrated,0.2921,0.4155,0.1947,-3.5219,0.2511,0.0489,0.0451
frustrated,0.3699,0.4194,0.0131,1.4537,0.2008,0.0026,0.0212
frustrated,0.2899,0.4624,0.2671,-19.0657,0.3758,0.1004,0.2067
frustrated,0.4558,0.4472,0.0997,-10.6648,0.1816,0.0181,0.0849
frustrated,0.2773,0.43,0.7829,-17.2223,0.2323,0.1819,0.1392
frustrated,0.3902,0.416,0.9695,3.0661,0.2323,0.2253,0.0178
frustrated,0.3449,0.4145,0.0145,26.8279,0.1792,0.0026,0.1951
frustrated,0.0223,0.3548,0.0053,-3.789,0.2947,0.0016,0.0228
frustrated,0.3392,0.4821,0.0533,-6.5514,0.2413,0.0129,0.0594
frustrated,0.3657,0.478,0.2414,15.8286,0.2315,0.0559,0.1432
frustrated,0.0773,0.4364,0.0339,0.0252,0.1964,0.0067,0.0143
frustrated,0.3196,0.3606,0.0457,7.5605,0.2057,0.0094,0.0407
frustrated,0.2924,0.3896,0.6664,5.5119,0.2858,0.1904,0.0249
frustrated,0.3439,0.3966,0.5286,-6.1408,0.1796,0.095,0.0267
frustrated,0.3426,0.4505,0.7712,-3.5481,0.2564,0.1978,0.0365
frustrated,0.38,0.3749,0.3981,16.3242,0.2292,0.0912,0.0968
frustrated,0.2306,0.4141,0.5604,-5.3634,0.2357,0.1321,0.0685
frustrated,0.3838,0.4286,0.6658,2.1807,0.1632,0.1087,0.0181
frustrated,0.4871,0.2774,1.1246,-42.9886,0.1315,0.1479,0.138
frustrated,0.3261,0.4926,0.372,-2.3929,0.3103,0.1154,0.0102
frustrated,0.339,0.4594,0.0182,4.7263,0.2845,0.0052,0.022
frustrated,0.3062,0.4781,0.0309,0.9473,0.2543,0.0079,0.0055
frustrated,0.2696,0.3237,0.0338,-1.5221,0.1656,0.0056,0.0123
frustrated,0.3772,0.3831,0.0315,-8.0053,0.2333,0.0074,0.0532
frustrated,0.2254,0.4577,0.6306,3.4887,0.3484,0.2197,0.034
frustrated,0.3939,0.458,0.3403,-0.72,0.282,0.096,0.0001
frustrated,0.2541,0.4134,0.2937,-18.6659,0.3195,0.0938,0.145
frustrated,0.2893,0.3552,0.0502,2.1243,0.2149,0.0108,0.0133
frustrated,0.2999,0.3413,0.1035,-15.284,0.2653,0.0275,0.1244
frustrated,0.1124,0.5294,0.3166,-5.305,0.269,0.0852,0.0839
frustrated,0.092,0.3195,0.0162,1.6441,0.2149,0.0035,0.0133
frustrated,0.1903,0.3222,0.2859,-8.4415,0.217,0.062,0.0574
frustrated,0.3313,0.4247,0.2797,-7.9415,0.3042,0.0851,0.063
frustrated,0.3471,0.4475,0.0242,8.771,0.236,0.0057,0.0844
frustrated,0.3621,0.4016,0.0007,-8.8644,0.2083,0.0001,0.0433
frustrated,0.397,0.4253,0.8195,2.3649,0.2667,0.2186,0.0161
frustrated,0.38,0.4378,0.1641,-6.8439,0.2108,0.0346,0.0744
frustrated,0.2757,0.521,0.3249,-4.3278,0.4056,0.1318,0.0453
frustrated,0.111,0.4506,0.0143,-1.0402,0.2929,0.0042,0.0381
frustrated,0.2452,0.4104,0.1886,0.3744,0.2193,0.0414,0.0153
frustrated,0.3738,0.4513,0.4138,0.9704,0.3006,0.1244,0.0011
frustrated,0.0893,0.4077,0.0047,18.2697,0.2306,0.0011,0.1567
frustrated,0.3331,0.4012,0.5854,-3.4997,0.3263,0.191,0.0202
frustrated,0.458,0.4039,0.15,-2.5598,0.2069,0.031,0.0374
frustrated,0.1187,0.3686,0.7522,-5.6365,0.3243,0.244,0.0432
frustrated,0.3897,0.4951,0.0179,-0.4177,0.2439,0.0044,0.0096
frustrated,0.3694,0.5267,0.0325,-17.8566,0.2649,0.0086,0.1678
frustrated,0.4169,0.4382,0.1723,7.1963,0.1989,0.0343,0.0545
frustrated,0.3683,0.4171,0.0331,11.7342,0.2203,0.0073,0.0958
frustrated,0.0778,0.3944,0.8724,-10.7595,0.2707,0.2362,0.1028
frustrated,0.2547,0.6232,0.0054,-3.8493,0.3064,0.0017,0.0485
frustrated,0.3998,0.6461,0.2001,-5.3962,0.3139,0.0628,0.0853
frustrated,0.3371,0.479,0.1676,-7.5283,0.2608,0.0437,0.0668
frustrated,0.35,0.5374,0.0496,1.15,0.2426,0.012,0.0214
frustrated,0.3763,0.3815,0.0679,-5.7162,0.1831,0.0124,0.0549
frustrated,0.3151,0.5824,0.0499,-2.1508,0.3014,0.0151,0.0022
frustrated,0.3726,0.4121,0.6707,1.1351,0.2418,0.1622,0.0167
frustrated,0.4322,0.3173,0.0963,-5.4795,0.1631,0.0157,0.0444
frustrated,0.3733,0.4686,0.5042,-6.3895,0.3442,0.1736,0.0511
frustrated,0.3117,0.4939,0.06,8.3473,0.2539,0.0152,0.0813
frustrated,0.3082,0.4098,0.4494,-2.8165,0.2597,0.1167,0.0115
frustrated,0.3287,0.5682,0.0121,5.2938,0.2934,0.0036,0.0626
frustrated,0.3009,0.3923,0.049,4.4471,0.2106,0.0103,0.0347
frustrated,0.2679,0.5002,0.2788,-6.3432,0.2105,0.0587,0.0727
frustrated,0.2935,0.4672,0.7458,4.0023,0.298,0.2222,0.0404
frustrated,0.309,0.4001,0.0158,12.4587,0.286,0.0045,0.1052
frustrated,0.4983,0.4562,0.3433,19.4191,0.2449,0.0841,0.151
frustrated,0.2643,0.5019,0.0168,-8.4542,0.3045,0.0051,0.0881
frustrated,0.3422,0.4744,0.3725,-8.2435,0.2324,0.0866,0.0769
frustrated,0.3472,0.4665,0.0109,3.9605,0.2627,0.0029,0.0212
frustrated,0.3458,0.481,0.0094,-4.3132,0.2686,0.0025,0.059
frustrated,0.3757,0.3666,0.0103,-24.7999,0.2258,0.0023,0.1538
frustrated,0.2151,0.4411,0.6934,4.21,0.2867,0.1988,0.0356
frustrated,0.2614,0.4602,0.0799,-5.7236,0.2405,0.0192,0.0432
frustrated,0.4059,0.5181,0.0036,5.468,0.2295,0.0008,0.0515
frustrated,0.3288,0.4577,0.021,5.23,0.2726,0.0057,0.051
frustrated,0.3473,0.381,0.0219,-2.6237,0.1966,0.0043,0.0304
frustrated,0.1613,0.2903,0.601,-16.7397,0.234,0.1406,0.0942
frustrated,0.2111,0.4408,0.4148,9.0656,0.369,0.153,0.087
frustrated,0.2962,0.5777,0.0428,-1.7555,0.3042,0.013,0.0364
frustrated,0.3046,0.445,0.0096,0.5276,0.2473,0.0024,0.0003
frustrated,0.2943,0.3613,0.0356,-9.1712,0.2431,0.0086,0.0611
frustrated,0.242,0.4382,0.6213,-3.0986,0.292,0.1815,0.0134
frustrated,0.3195,0.2961,0.0031,-3.5575,0.1603,0.0005,0.0186
frustrated,0.3966,0.4489,0.0067,-4.7838,0.2139,0.0014,0.02
frustrated,0.2844,0.543,0.5957,-13.9449,0.2776,0.1653,0.1387
frustrated,0.28,0.4282,0.0327,-11.2124,0.2831,0.0093,0.1151
frustrated,0.3204,0.4056,0.2545,2.202,0.2673,0.068,0.0355
frustrated,0.2237,0.3271,0.6525,17.0679,0.3163,0.2064,0.1351
frustrated,0.1357,0.4209,0.0127,-19.9177,0.3092,0.0039,0.141
frustrated,0.2392,0.4495,0.04,-1.3243,0.2154,0.0086,0.0042
frustrated,0.2297,0.4202,0.012,11.4671,0.2708,0.0033,0.1102
frustrated,0.1501,0.2701,1.0029,3.5842,0.1625,0.1629,0.0078
frustrated,0.3057,0.4672,0.3116,-3.1669,0.2722,0.0848,0.0261
frustrated,0.3264,0.4069,0.0009,12.7842,0.2349,0.0002,0.09
frustrated,0.2409,0.2419,0.8669,4.3689,0.1993,0.1728,0.0187
frustrated,0.2014,0.3698,0.0201,-7.2979,0.25,0.005,0.0501
frustrated,0.4459,0.467,0.0105,-12.8685,0.2159,0.0023,0.0993
frustrated,0.299,0.4391,0.0227,-9.1766,0.3194,0.0073,0.0686
frustrated,0.2619,0.4312,0.4173,-3.5862,0.2795,0.1166,0.0411
frustrated,0.3127,0.4257,0.1897,-6.9479,0.3234,0.0613,0.0734
frustrated,0.0419,0.3863,0.2095,-17.0468,0.2904,0.0608,0.1455
frustrated,0.3703,0.4952,0.0185,-14.6521,0.2955,0.0055,0.1524
frustrated,0.2656,0.4143,0.0062,0.3251,0.2062,0.0013,0.0307
frustrated,0.3653,0.3808,0.7876,2.7992,0.2109,0.1661,0.0105
frustrated,0.4893,0.4418,0.0287,6.0526,0.2041,0.0059,0.0349
frustrated,0.2196,0.449,0.0432,2.4512,0.2267,0.0098,0.0505
frustrated,0.3604,0.572,0.3216,-1.2041,0.3159,0.1016,0.0162
frustrated,0.3596,0.4654,0.0069,4.0866,0.2816,0.0019,0.0238
frustrated,0.4169,0.453,0.1378,9.5614,0.2504,0.0345,0.073
frustrated,0.2996,0.3425,0.0088,-6.9889,0.2439,0.0021,0.039
frustrated,0.2575,0.3823,0.6079,2.0208,0.3371,0.2049,0.0181
frustrated,0.4275,0.3698,0.1112,24.5085,0.1544,0.0172,0.1286
frustrated,0.3426,0.5819,0.0179,3.1654,0.2841,0.0051,0.0256
frustrated,0.4765,0.1154,0.0556,59.7955,0.0676,0.0038,0.0931
frustrated,0.3518,0.467,0.0029,-2.6472,0.2403,0.0007,0.0184
frustrated,0.1194,0.4205,0.1458,-14.0175,0.3248,0.0474,0.1259
frustrated,0.4303,0.4602,0.0138,4.4862,0.2207,0.003,0.0309
frustrated,0.3238,0.44,0.5848,-15.5335,0.2814,0.1645,0.1513
frustrated,0.0199,0.571,0.0309,0.9663,0.3447,0.0106,0.0084
frustrated,0.3485,0.3033,0.4713,16.1562,0.1679,0.0791,0.1009
frustrated,0.3326,0.3998,0.2007,27.5069,0.1982,0.0398,0.2103
frustrated,0.318,0.4027,0.0207,-4.2342,0.2048,0.0042,0.0366
frustrated,0.2858,0.3806,0.2633,-17.0046,0.2675,0.0704,0.1328
frustrated,0.2733,0.4215,0.2884,-11.775,0.3346,0.0965,0.0917
frustrated,0.18,0.4568,0.0283,0.1167,0.308,0.0087,0.0023
frustrated,0.3214,0.4522,0.3356,-0.8078,0.2756,0.0925,0.0179
frustrated,0.3063,0.4385,0.0945,-7.512,0.2312,0.0219,0.0649
frustrated,0.3005,0.476,0.1629,-8.0634,0.3108,0.0506,0.0855
frustrated,0.3589,0.4477,0.1954,2.7572,0.281,0.0549,0.0056
frustrated,0.2773,0.3859,0.4892,-5.9709,0.2994,0.1465,0.0555
frustrated,0.2519,0.4166,0.0202,-3.5854,0.2881,0.0058,0.0196
frustrated,0.3323,0.4965,0.0762,-2.9491,0.3083,0.0235,0.0454
frustrated,0.2708,0.5063,0.4161,-13.3994,0.3015,0.1255,0.1623
frustrated,0.3404,0.2671,0.0237,-6.4965,0.103,0.0024,0.0427
frustrated,0.3449,0.4946,0.0054,2.3768,0.3008,0.0016,0.0213
frustrated,0.358,0.441,0.0159,-2.2078,0.1667,0.0026,0.0158
frustrated,0.442,0.3238,0.0426,-23.3668,0.1732,0.0074,0.1232
frustrated,0.3826,0.3994,0.4034,-7.2326,0.2428,0.0979,0.0277
frustrated,0.3505,0.4813,0.3207,2.7439,0.31,0.0994,0.0129
frustrated,0.2643,0.4932,0.8699,-2.002,0.3096,0.2694,0.0246
frustrated,0.5217,0.2716,0.0312,9.3588,0.1006,0.0031,0.0467
frustrated,0.2636,0.4092,0.0145,36.2573,0.2291,0.0033,0.2651
frustrated,0.3215,0.4493,0.0116,5.9657,0.1964,0.0023,0.0243
frustrated,0.3428,0.3627,0.4803,-1.3018,0.326,0.1566,0.0165
frustrated,0.3939,0.458,0.3403,-0.72,0.282,0.096,0.0001
frustrated,0.4859,0.466,0.0439,-24.1933,0.2385,0.0105,0.1968
frustrated,0.5409,0.2473,1.3553,-9.6882,0.0751,0.1018,0.0481
frustrated,0.5057,0.3118,0.9395,-30.4469,0.1493,0.1402,0.131
frustrated,0.2747,0.532,0.0634,0.2546,0.3508,0.0222,0.0254
frustrated,0.3907,0.5139,0.0915,9.2826,0.2964,0.0271,0.0696
frustrated,0.122,0.3449,0.3742,-1.8748,0.2937,0.1099,0.0018
frustrated,0.2994,0.3706,0.5445,38.9227,0.2616,0.1425,0.2688
frustrated,0.3773,0.3707,0.0412,9.9159,0.1952,0.008,0.0837
frustrated,0.103,0.3753,0.0196,0.0225,0.2568,0.005,0.002
frustrated,0.188,0.3764,0.2904,-11.0431,0.2456,0.0713,0.0866
frustrated,0.3608,0.3809,0.0186,-3.2865,0.1944,0.0036,0.0153
frustrated,0.0397,0.4195,0.014,-33.9594,0.2203,0.0031,0.2491
frustrated,0.3462,0.4519,0.0227,0.4578,0.1927,0.0044,0.0038
frustrated,0.1654,0.5168,0.4607,2.9187,0.3524,0.1624,0.0456
frustrated,0.1171,0.4662,0.006,-4.7977,0.3386,0.002,0.0293
frustrated,0.0995,0.3932,0.083,5.1825,0.2171,0.018,0.0349
frustrated,0.2765,0.4674,0.0847,0.0814,0.2103,0.0178,0.0064
frustrated,0.2283,0.4135,0.0852,-0.6304,0.2437,0.0208,0.0068
frustrated,0.3239,0.4561,0.0273,-3.9908,0.2378,0.0065,0.0305
frustrated,0.363,0.4689,0.3778,11.873,0.2001,0.0756,0.1161
frustrated,0.0861,0.4275,0.1604,-4.4084,0.3167,0.0508,0.0356
frustrated,0.3616,0.4522,0.6236,-5.1194,0.2775,0.173,0.0123
frustrated,0.324,0.4756,0.1126,-6.1098,0.2647,0.0298,0.0703
frustrated,0.474,0.3451,0.5759,-3.5409,0.133,0.0766,0.0291
frustrated,0.3209,0.5217,0.1526,4.1166,0.2834,0.0433,0.0345
frustrated,0.3239,0.4137,0.1663,-1.2875,0.3292,0.0547,0.0261
frustrated,0.3515,0.5435,0.2188,-9.8752,0.3077,0.0673,0.1358
frustrated,0.2941,0.4219,0.2127,0.8603,0.3046,0.0648,0.0057
frustrated,0.3211,0.4184,0.7232,2.6784,0.2498,0.1807,0.0311
frustrated,0.0393,0.56,0.0158,-0.0399,0.297,0.0047,0.0126
frustrated,0.3839,0.4649,0.3175,4.3949,0.1768,0.0561,0.0615
frustrated,0.0634,0.4267,0.4332,0.6746,0.2998,0.1299,0.0005
frustrated,0.3108,0.5228,0.0344,-0.161,0.3165,0.0109,0.0092
frustrated,0.1903,0.5053,0.0136,-16.219,0.341,0.0046,0.1538
frustrated,0.0433,0.4724,0.1506,7.6534,0.3787,0.057,0.0733
frustrated,0.3581,0.4473,0.5483,1.6319,0.2624,0.1439,0.0033
frustrated,0.2132,0.4117,0.5483,8.7337,0.3378,0.1852,0.0615
frustrated,0.1822,0.469,0.078,-3.7512,0.2668,0.0208,0.0495
frustrated,0.3508,0.4022,0.4959,-5.0843,0.2442,0.1211,0.0454
frustrated,0.1315,0.4506,0.0512,2.4698,0.3021,0.0155,0.0242
frustrated,0.1333,0.4999,0.3025,-10.0818,0.299,0.0904,0.0838
frustrated,0.067,0.4399,0.1378,2.5136,0.272,0.0375,0.0168
frustrated,0.3364,0.5391,0.4064,-5.8068,0.2939,0.1195,0.0578
frustrated,0.365,0.5268,0.2773,0.4872,0.2209,0.0612,0.0083
frustrated,0.3272,0.5648,0.0807,-0.9503,0.3688,0.0298,0.0052
frustrated,0.0239,0.4845,0.0065,11.7976,0.2824,0.0018,0.1054
frustrated,0.3074,0.4733,0.5977,6.9323,0.262,0.1566,0.0806
frustrated,0.1294,0.5255,0.2081,-19.2085,0.3014,0.0627,0.1981
frustrated,0.2618,0.4441,0.1859,-0.2063,0.2858,0.0531,0.0059
frustrated,0.2442,0.4742,0.1698,0.4707,0.2716,0.0461,0.01
frustrated,0.305,0.4445,0.015,1.5014,0.2295,0.0035,0.001
frustrated,0.3438,0.4231,0.0688,-5.6839,0.2592,0.0178,0.0437
frustrated,0.3043,0.4251,0.382,7.877,0.3125,0.1194,0.0589
frustrated,0.3641,0.3979,0.6885,5.3841,0.2649,0.1824,0.0561
frustrated,0.3609,0.6994,0.1482,-5.8933,0.3726,0.0552,0.0868
frustrated,0.1629,0.4554,0.0098,0.1616,0.2431,0.0024,0.0094
frustrated,0.3279,0.4164,0.1764,-2.1091,0.2744,0.0484,0.0268
frustrated,0.2977,0.5168,0.5754,-2.8315,0.3143,0.1808,0.02
frustrated,0.1315,0.4506,0.0512,2.4698,0.3021,0.0155,0.0242
frustrated,0.0995,0.4256,0.331,-1.0772,0.3127,0.1035,0.0064
frustrated,0.2887,0.5193,0.2904,0.7636,0.358,0.104,0.0386
frustrated,0.352,0.4508,0.3419,-5.3851,0.2239,0.0766,0.0349
frustrated,0.3379,0.4371,0.3731,-11.7444,0.2549,0.0951,0.0902
frustrated,0.1375,0.4167,0.1499,2.7607,0.2386,0.0358,0.0252
frustrated,0.3717,0.5303,0.2684,0.3988,0.2153,0.0578,0.0023
frustrated,0.0204,0.4255,0.3369,0.1579,0.2972,0.1001,0.0005
frustrated,0.3468,0.5328,0.2099,-18.9216,0.2922,0.0613,0.1637
frustrated,0.019,0.4953,0.186,1.071,0.2999,0.0558,0.0008
frustrated,0.334,0.4985,0.0163,-0.8564,0.2732,0.0045,0.0144
frustrated,0.3514,0.5686,0.7194,-0.8426,0.3661,0.2634,0.011
frustrated,0.3039,0.5064,0.3213,16.6189,0.3516,0.113,0.156
frustrated,0.3242,0.5131,0.3438,-28.7214,0.2778,0.0955,0.2517
frustrated,0.0615,0.4044,0.0733,1.6999,0.2356,0.0173,0.0119
frustrated,0.2641,0.43,0.3401,-9.6264,0.2812,0.0957,0.0764
frustrated,0.3097,0.5127,0.2707,0.878,0.3354,0.0908,0.01
frustrated,0.224,0.3331,0.4078,7.0287,0.1504,0.0613,0.0394
frustrated,0.1354,0.5183,0.1571,-2.7764,0.4137,0.065,0.0011
frustrated,0.1427,0.5064,0.0131,-2.1115,0.3625,0.0048,0.0163
frustrated,0.2804,0.408,0.4576,3.6311,0.2207,0.101,0.027
frustrated,0.3633,0.3806,0.6094,5.1521,0.2617,0.1595,0.0491
frustrated,0.3996,0.3723,0.3526,-6.8885,0.2382,0.084,0.0452
frustrated,0.459,0.4521,0.1223,3.646,0.2538,0.0311,0.0175
frustrated,0.2585,0.4627,0.2557,-3.7827,0.2574,0.0658,0.0339
frustrated,0.019,0.4953,0.186,1.071,0.2999,0.0558,0.0008
frustrated,0.2126,0.4964,0.0631,-9.2059,0.4361,0.0275,0.0917
frustrated,0.398,0.4929,0.21,2.7197,0.2015,0.0423,0.055
frustrated,0.0599,0.4329,0.2893,3.6675,0.1869,0.0541,0.0395
frustrated,0.2827,0.5773,0.36,1.2931,0.3647,0.1313,0.0209
frustrated,0.3617,0.4515,0.1406,-0.647,0.2275,0.032,0.0146
frustrated,0.2836,0.4262,0.4639,-4.2828,0.2735,0.1269,0.0432
frustrated,0.3044,0.4667,0.2566,14.1762,0.3511,0.0901,0.1527
frustrated,0.222,0.4699,0.4938,27.0876,0.2266,0.1119,0.1843
frustrated,0.3254,0.4253,0.2676,-8.1079,0.323,0.0864,0.078
frustrated,0.3326,0.5472,0.1588,2.1633,0.2839,0.0451,0.0326
frustrated,0.1996,0.511,0.4068,-7.489,0.2955,0.1202,0.1236
frustrated,0.3632,0.3593,0.5573,4.8017,0.2482,0.1383,0.0412
frustrated,0.343,0.5716,0.4943,9.4292,0.3124,0.1544,0.1127
frustrated,0.0682,0.4495,0.0625,-5.1264,0.2869,0.0179,0.0258
frustrated,0.234,0.4279,0.1806,1.9791,0.2968,0.0536,0.0156
frustrated,0.2809,0.5509,0.019,-8.9842,0.3464,0.0066,0.0844
frustrated,0.1618,0.4016,0.1089,7.7336,0.2548,0.0277,0.0672
frustrated,0.3373,0.5266,0.2853,-0.0671,0.3393,0.0968,0.0038
frustrated,0.2814,0.4336,0.4318,-4.1265,0.2913,0.1258,0.0404
frustrated,0.2297,0.48,0.1794,0.6646,0.2657,0.0477,0.0119
frustrated,0.3004,0.5129,0.0758,-0.0564,0.3165,0.024,0.0062
frustrated,0.2941,0.4219,0.2127,0.8603,0.3046,0.0648,0.0057
frustrated,0.1098,0.4333,0.1458,-5.7471,0.3147,0.0459,0.0421
frustrated,0.3322,0.4646,0.0226,0.4504,0.201,0.0045,0.0053
frustrated,0.0427,0.4284,0.6222,-0.2505,0.361,0.2246,0.0095
frustrated,0.3433,0.4525,0.1977,-6.7113,0.2632,0.052,0.0587
frustrated,0.2941,0.4219,0.2127,0.8603,0.3046,0.0648,0.0057
frustrated,0.2652,0.3764,0.1515,-0.903,0.2442,0.037,0.0103
frustrated,0.1357,0.4312,0.4747,-3.8848,0.2989,0.1419,0.0501
frustrated,0.2014,0.4357,0.1338,-2.8409,0.1773,0.0237,0.0287
frustrated,0.1325,0.4917,0.0752,0.3833,0.3253,0.0245,0.0
frustrated,0.3174,0.42,0.2951,5.9344,0.2669,0.0788,0.0482
frustrated,0.2355,0.5605,0.3053,-0.3268,0.3302,0.1008,0.0048
frustrated,0.0216,0.5372,0.0056,9.0111,0.2189,0.0012,0.0924
frustrated,0.0239,0.4845,0.0065,11.7976,0.2824,0.0018,0.1054
frustrated,0.2846,0.4241,0.4674,-4.3646,0.2846,0.133,0.041
frustrated,0.0551,0.4664,0.0159,-0.8943,0.2686,0.0043,0.0119
frustrated,0.0851,0.5075,0.0223,-5.9621,0.2966,0.0066,0.0294
frustrated,0.2549,0.4458,0.3541,-8.0306,0.3017,0.1068,0.0721
frustrated,0.2323,0.4615,0.3044,-5.5755,0.3024,0.092,0.0583
frustrated,0.3033,0.4159,0.2527,-0.6598,0.2579,0.0652,0.0013
frustrated,0.0848,0.393,0.0434,-8.518,0.201,0.0087,0.0806
frustrated,0.3741,0.4872,0.4546,-1.2007,0.2633,0.1197,0.0119
frustrated,0.1042,0.51,0.0115,-1.3363,0.3141,0.0036,0.0049
frustrated,0.2356,0.11,0.152,-57.26,0.0572,0.0087,0.0858
frustrated,0.234,0.4279,0.1806,1.9791,0.2968,0.0536,0.0156
frustrated,0.3717,0.5303,0.2684,0.3988,0.2153,0.0578,0.0023
frustrated,0.2524,0.4515,0.0132,-0.3649,0.2806,0.0037,0.0088
frustrated,0.0522,0.4256,0.4498,-1.4804,0.3198,0.1438,0.0079
frustrated,0.422,0.4663,0.0861,-12.1111,0.2246,0.0194,0.0744
frustrated,0.2207,0.364,0.2817,16.2546,0.2881,0.0812,0.1486
frustrated,0.0862,0.4178,0.1803,1.362,0.2296,0.0414,0.0151
frustrated,0.0834,0.5036,0.0079,-0.142,0.3173,0.0025,0.0002
frustrated,0.2338,0.4033,0.1636,0.2971,0.2286,0.0374,0.0039
frustrated,0.0493,0.4749,0.0109,-34.3685,0.2593,0.0028,0.2804
frustrated,0.3887,0.4836,0.3522,-2.4341,0.239,0.0842,0.0207
frustrated,0.2476,0.5547,0.0497,1.2294,0.3134,0.0156,0.0045
frustrated,0.0757,0.4338,0.4286,0.0234,0.3265,0.1399,0.021
frustrated,0.0861,0.4275,0.1604,-4.4084,0.3167,0.0508,0.0356
frustrated,0.1512,0.4907,0.0064,-0.2803,0.3289,0.0021,0.0144
frustrated,0.3356,0.5344,0.2815,0.4318,0.3288,0.0925,0.0039
frustrated,0.2084,0.4028,0.3674,-2.7311,0.2897,0.1064,0.0189
frustrated,0.3633,0.3806,0.6094,5.1521,0.2617,0.1595,0.0491
frustrated,0.0917,0.5467,0.0976,-16.322,0.2998,0.0292,0.1963
frustrated,0.0702,0.4899,0.0275,-0.4833,0.3055,0.0084,0.0024
frustrated,0.2878,0.4695,0.303,10.0011,0.247,0.0748,0.1017
frustrated,0.1642,0.4807,0.4266,-3.3478,0.3364,0.1435,0.0275
frustrated,0.4174,0.4946,0.2828,-20.6053,0.2735,0.0773,0.1649
frustrated,0.1827,0.4753,0.0919,7.5265,0.2555,0.0235,0.087
frustrated,0.2916,0.4921,0.3464,25.2659,0.2988,0.1035,0.2501
frustrated,0.1959,0.4035,0.533,5.6119,0.2524,0.1345,0.052
frustrated,0.3438,0.4231,0.0688,-5.6839,0.2592,0.0178,0.0437
frustrated,0.2536,0.4086,0.0082,4.3304,0.255,0.0021,0.0246
frustrated,0.1379,0.4206,0.2534,1.4413,0.2329,0.059,0.0219
frustrated,0.3996,0.3723,0.3526,-6.8885,0.2382,0.084,0.0452
frustrated,0.2297,0.5126,0.7154,24.9656,0.2195,0.157,0.1837
frustrated,0.3375,0.3864,0.5085,-8.6029,0.154,0.0783,0.047
frustrated,0.1642,0.4807,0.4266,-3.3478,0.3364,0.1435,0.0275
frustrated,0.2846,0.4241,0.4674,-4.3646,0.2846,0.133,0.041
frustrated,0.1857,0.5156,0.0767,-14.2767,0.3014,0.0231,0.1381
frustrated,0.3757,0.497,0.3781,17.0204,0.3226,0.122,0.157
frustrated,0.0999,0.6057,0.0163,7.4201,0.292,0.0048,0.1002
frustrated,0.2747,0.3042,0.2618,1.4586,0.163,0.0427,0.0011
frustrated,0.3662,0.4618,0.4908,-9.1894,0.2668,0.1309,0.0531
frustrated,0.2733,0.3808,0.0622,-1.6888,0.2868,0.0178,0.0149
frustrated,0.1098,0.4333,0.1458,-5.7471,0.3147,0.0459,0.0421
frustrated,0.2279,0.5251,0.1759,-4.9964,0.3216,0.0566,0.0574
frustrated,0.3045,0.4686,0.5725,4.492,0.2646,0.1515,0.0462
frustrated,0.3433,0.4525,0.1977,-6.7113,0.2632,0.052,0.0587
frustrated,0.2487,0.4644,0.1528,9.6835,0.2514,0.0384,0.074
frustrated,0.3142,0.4163,0.2784,-5.107,0.2557,0.0712,0.0501
frustrated,0.0842,0.4163,0.1904,-5.8119,0.3037,0.0578,0.0383
frustrated,0.3032,0.3972,0.2063,0.4688,0.2901,0.0598,0.009
frustrated,0.2547,0.4066,0.3159,7.2031,0.3388,0.107,0.0706
frustrated,0.146,0.4978,0.3333,-1.3575,0.2996,0.0998,0.0037
frustrated,0.2582,0.4526,0.0111,-3.0891,0.2104,0.0023,0.0034
frustrated,0.259,0.3782,0.4466,-2.7606,0.2156,0.0963,0.0319
frustrated,0.2447,0.4508,0.0115,-1.5957,0.2733,0.0031,0.0093
frustrated,0.135,0.4698,0.2004,-5.2701,0.2721,0.0545,0.0519
frustrated,0.2073,0.4335,0.2622,0.6448,0.3018,0.0792,0.0218
frustrated,0.3465,0.466,0.3421,9.5981,0.2536,0.0867,0.097
frustrated,0.38,0.6268,0.132,-4.6302,0.3352,0.0442,0.0464
frustrated,0.1622,0.5182,0.1696,-1.8128,0.2973,0.0504,0.0191
frustrated,0.3641,0.3979,0.6885,5.3841,0.2649,0.1824,0.0561
frustrated,0.1291,0.4892,0.122,-15.1218,0.2758,0.0337,0.1437
frustrated,0.272,0.4276,0.2046,-5.0732,0.2516,0.0515,0.042
frustrated,0.3371,0.4359,0.2344,2.1962,0.253,0.0593,0.0036
frustrated,0.3158,0.5361,0.0839,0.5518,0.2399,0.0201,0.0104
frustrated,0.3443,0.4388,0.3414,17.3781,0.2688,0.0918,0.1412
frustrated,0.4335,0.4873,0.2201,-12.0276,0.2488,0.0547,0.0787
frustrated,0.3074,0.4733,0.5977,6.9323,0.262,0.1566,0.0806
frustrated,0.2832,0.499,0.0919,-0.5354,0.2385,0.0219,0.0183
frustrated,0.1318,0.4179,0.3416,4.103,0.2465,0.0842,0.0498
frustrated,0.0273,0.469,0.0055,12.46,0.2843,0.0016,0.1106
frustrated,0.341,0.4816,0.0366,-1.8187,0.2355,0.0086,0.0034
frustrated,0.3119,0.3696,0.014,6.3202,0.2291,0.0032,0.0518
frustrated,0.3057,0.4861,0.0807,-6.2319,0.2747,0.0222,0.0707
frustrated,0.2672,0.448,0.3455,0.8849,0.3861,0.1334,0.0086
frustrated,0.3839,0.4649,0.3175,4.3949,0.1768,0.0561,0.0615
frustrated,0.3391,0.5203,0.4169,2.3324,0.3727,0.1554,0.0271
frustrated,0.1959,0.4035,0.533,5.6119,0.2524,0.1345,0.052
frustrated,0.2479,0.3998,0.3814,0.601,0.3395,0.1295,0.0115
frustrated,0.1215,0.4268,0.2907,18.8679,0.19,0.0552,0.1108
frustrated,0.1449,0.5388,0.0194,-1.2339,0.2865,0.0055,0.0178
frustrated,0.3099,0.4553,0.2607,0.0163,0.2964,0.0773,0.0075
frustrated,0.3515,0.5435,0.2188,-9.8752,0.3077,0.0673,0.1358
frustrated,0.2712,0.4478,0.0147,-14.3234,0.3433,0.005,0.1278
frustrated,0.2359,0.4484,0.2897,-5.6579,0.2935,0.085,0.055
frustrated,0.272,0.4276,0.2046,-5.0732,0.2516,0.0515,0.042
frustrated,0.3304,0.5199,0.0186,-8.6087,0.3217,0.006,0.0756
frustrated,0.464,0.4297,0.092,3.4455,0.2543,0.0234,0.0142
frustrated,0.1393,0.4172,0.6067,-3.7479,0.2812,0.1706,0.0417
frustrated,0.2425,0.5049,0.3853,-18.3801,0.3095,0.1193,0.201
frustrated,0.2884,0.5192,0.1758,-1.3556,0.398,0.07,0.0323
frustrated,0.0176,0.4125,0.5408,-0.3313,0.33,0.1784,0.0018
frustrated,0.3768,0.4756,0.0594,9.5378,0.2461,0.0146,0.1179
frustrated,0.4713,0.453,0.139,3.2797,0.2319,0.0322,0.0149
frustrated,0.2205,0.4348,0.1977,0.0851,0.3197,0.0632,0.0044
frustrated,0.3183,0.4582,0.2123,5.4469,0.2725,0.0578,0.053
frustrated,0.3057,0.4861,0.0807,-6.2319,0.2747,0.0222,0.0707
frustrated,0.1071,0.477,0.043,0.9056,0.2593,0.0111,0.0242
frustrated,0.2816,0.412,0.1424,-1.6841,0.272,0.0387,0.0227
frustrated,0.3476,0.4286,0.2056,-5.3756,0.2658,0.0547,0.0582
frustrated,0.38,0.6268,0.132,-4.6302,0.3352,0.0442,0.0464
frustrated,0.0433,0.4724,0.1506,7.6534,0.3787,0.057,0.0733
frustrated,0.0453,0.4041,0.304,-0.7636,0.1897,0.0577,0.0209
frustrated,0.2376,0.4742,0.2006,-4.0532,0.2337,0.0469,0.0477
frustrated,0.2297,0.48,0.1794,0.6646,0.2657,0.0477,0.0119
frustrated,0.3356,0.5421,0.0779,-4.0729,0.3527,0.0275,0.0462
frustrated,0.3433,0.4327,0.1663,4.3511,0.2626,0.0437,0.0362
frustrated,0.0279,0.6088,0.0333,9.4551,0.2347,0.0078,0.1016
frustrated,0.2504,0.5224,0.4053,-18.8699,0.3053,0.1238,0.2186
frustrated,0.3496,0.5929,0.0265,-5.3559,0.3908,0.0104,0.0625
frustrated,0.2937,0.4967,0.0191,-2.1448,0.2539,0.0048,0.0263
frustrated,0.427,0.5488,0.4036,-4.232,0.28,0.113,0.0569
frustrated,0.3282,0.4575,0.2781,-7.7394,0.2671,0.0743,0.0759
frustrated,0.2104,0.4857,0.247,0.2104,0.2556,0.0631,0.0019
frustrated,0.3632,0.3593,0.5573,4.8017,0.2482,0.1383,0.0412
frustrated,0.1485,0.4769,0.0314,-1.6628,0.2956,0.0093,0.0232
frustrated,0.1351,0.4475,0.0345,-1.1468,0.2883,0.0099,0.0039
frustrated,0.2561,0.5974,0.0111,13.8822,0.4305,0.0048,0.1599
frustrated,0.0862,0.4178,0.1803,1.362,0.2296,0.0414,0.0151
frustrated,0.1024,0.5325,0.2367,-2.7279,0.4446,0.1052,0.0024
frustrated,0.0551,0.4664,0.0159,-0.8943,0.2686,0.0043,0.0119
frustrated,0.3633,0.3806,0.6094,5.1521,0.2617,0.1595,0.0491
frustrated,0.2118,0.4151,0.4769,8.4856,0.3238,0.1544,0.0559
frustrated,0.2302,0.4857,0.0335,-10.3595,0.3995,0.0134,0.0935
frustrated,0.1948,0.3701,0.472,15.7408,0.2873,0.1356,0.1181
frustrated,0.2347,0.3992,0.0224,3.4516,0.169,0.0038,0.027
frustrated,0.0786,0.4317,0.1304,-4.947,0.3089,0.0403,0.0305
frustrated,0.0757,0.4338,0.4286,0.0234,0.3265,0.1399,0.021
frustrated,0.1377,0.5636,0.1838,-6.4046,0.314,0.0577,0.0663
frustrated,0.2236,0.3741,0.16,2.6971,0.2566,0.0411,0.0253
frustrated,0.2297,0.48,0.1794,0.6646,0.2657,0.0477,0.0119
frustrated,0.2235,0.3862,0.5073,-2.042,0.2557,0.1297,0.0047
frustrated,0.294,0.4696,0.3341,9.4435,0.2378,0.0795,0.0849
frustrated,0.3015,0.4808,0.2103,-3.0485,0.3403,0.0716,0.0127
frustrated,0.3275,0.4477,0.0072,2.775,0.2512,0.0018,0.0218
frustrated,0.0568,0.4543,0.0211,-4.1645,0.2551,0.0054,0.0168
frustrated,0.1369,0.4859,0.0605,11.3773,0.2728,0.0165,0.103
frustrated,0.1605,0.4741,0.0059,0.5401,0.2689,0.0016,0.0148
frustrated,0.34,0.4607,0.0146,0.0516,0.2167,0.0032,0.0013
frustrated,0.2638,0.4523,0.1783,5.8523,0.24,0.0428,0.0604
frustrated,0.3297,0.5724,0.2811,-5.8945,0.3192,0.0897,0.061
frustrated,0.324,0.4756,0.1126,-6.1098,0.2647,0.0298,0.0703
frustrated,0.1099,0.4515,0.0158,-1.8484,0.2987,0.0047,0.0109
frustrated,0.0426,0.5395,0.1504,-0.5854,0.3194,0.048,0.0353
frustrated,0.2974,0.5437,0.0088,-6.7891,0.3073,0.0027,0.0746
frustrated,0.2944,0.4235,0.204,-5.1439,0.2498,0.051,0.0433
frustrated,0.2735,0.5292,0.41,4.901,0.3776,0.1548,0.0568
frustrated,0.0245,0.5357,0.0047,9.021,0.221,0.001,0.0909
frustrated,0.2004,0.4733,0.2041,4.0931,0.2737,0.0559,0.0479
frustrated,0.1462,0.4223,0.2282,3.9827,0.2463,0.0562,0.0412
frustrated,0.1297,0.4253,0.277,-0.2941,0.367,0.1016,0.0085
frustrated,0.4408,0.4528,0.379,-12.6962,0.2431,0.0921,0.0823
frustrated,0.0453,0.466,0.1954,1.5425,0.2879,0.0563,0.0357
frustrated,0.0608,0.4202,0.1737,-1.9043,0.3437,0.0597,0.0037
frustrated,0.2814,0.4336,0.4318,-4.1265,0.2913,0.1258,0.0404
frustrated,0.312,0.4736,0.0242,-0.1584,0.312,0.0075,0.0039
frustrated,0.056,0.3697,0.01,9.054,0.2613,0.0026,0.0945
frustrated,0.1437,0.4109,0.2254,0.3455,0.2472,0.0557,0.0014
frustrated,0.301,0.6229,0.0218,0.7501,0.2563,0.0056,0.0213
frustrated,0.1209,0.3889,0.3604,-4.8972,0.2248,0.081,0.0329
frustrated,0.2349,0.3647,0.6413,2.1645,0.2925,0.1876,0.0213
frustrated,0.422,0.4663,0.0861,-12.1111,0.2246,0.0194,0.0744
frustrated,0.0861,0.4275,0.1604,-4.4084,0.3167,0.0508,0.0356
frustrated,0.4251,0.4307,0.3163,-7.4027,0.2285,0.0723,0.0565
frustrated,0.2083,0.358,0.245,0.6733,0.2537,0.0621,0.0009
frustrated,0.292,0.4318,0.2533,-7.0768,0.3196,0.0809,0.0667
frustrated,0.0796,0.4405,0.0749,1.2736,0.2747,0.0206,0.0011
frustrated,0.033,0.4298,0.2493,-0.3025,0.2212,0.0552,0.0202
frustrated,0.0928,0.6519,0.0231,7.6081,0.3261,0.0075,0.1099
frustrated,0.3472,0.1007,0.0671,-95.3719,0.0503,0.0034,0.1001
frustrated,0.2836,0.4262,0.4639,-4.2828,0.2735,0.1269,0.0432
frustrated,0.1862,0.4894,0.4748,6.1254,0.3092,0.1468,0.0632
frustrated,0.342,0.7132,0.0156,11.7126,0.3421,0.0053,0.1295
frustrated,0.1526,0.4303,0.1921,1.7193,0.236,0.0453,0.0174
frustrated,0.1959,0.4035,0.533,5.6119,0.2524,0.1345,0.052
frustrated,0.1122,0.4327,0.1505,-13.7179,0.2406,0.0362,0.1289
frustrated,0.0882,0.4319,0.0756,-7.6779,0.2752,0.0208,0.0353
frustrated,0.2338,0.4033,0.1636,0.2971,0.2286,0.0374,0.0039
frustrated,0.117,0.4185,0.2539,4.2152,0.2468,0.0627,0.0451
frustrated,0.3398,0.5789,0.1967,0.051,0.2281,0.0449,0.0016
frustrated,0.052,0.3777,0.0854,-14.0913,0.1984,0.0169,0.115
frustrated,0.3551,0.5284,0.2153,-9.4365,0.3073,0.0662,0.1263
frustrated,0.2297,0.48,0.1794,0.6646,0.2657,0.0477,0.0119
frustrated,0.2733,0.3468,0.1907,15.2393,0.1898,0.0362,0.0861
frustrated,0.3247,0.4317,0.1728,7.1925,0.2186,0.0378,0.0628
frustrated,0.3551,0.5284,0.2153,-9.4365,0.3073,0.0662,0.1263
frustrated,0.2313,0.4351,0.2462,0.8297,0.2957,0.0728,0.0048
frustrated,0.2554,0.398,0.1534,0.3218,0.2248,0.0345,0.0041
frustrated,0.2944,0.4235,0.204,-5.1439,0.2498,0.051,0.0433
frustrated,0.2313,0.4351,0.2462,0.8297,0.2957,0.0728,0.0048
frustrated,0.432,0.5706,0.4132,-1.9754,0.2916,0.1205,0.045
frustrated,0.1585,0.536,0.1841,-2.6432,0.3367,0.062,0.0121
frustrated,0.3176,0.5078,0.0078,18.627,0.308,0.0024,0.1665
frustrated,0.0794,0.4665,0.3179,-0.2821,0.4137,0.1315,0.0038
frustrated,0.2618,0.4441,0.1859,-0.2063,0.2858,0.0531,0.0059
frustrated,0.464,0.4297,0.092,3.4455,0.2543,0.0234,0.0142
frustrated,0.2251,0.4578,0.1267,2.1217,0.3143,0.0398,0.0164
frustrated,0.2866,0.4528,0.0289,-8.7959,0.2945,0.0085,0.0711
frustrated,0.2918,0.4028,0.5731,4.0443,0.2094,0.12,0.0401
frustrated,0.1622,0.4523,0.005,-6.6938,0.3399,0.0017,0.0433
frustrated,0.2814,0.4336,0.4318,-4.1265,0.2913,0.1258,0.0404
frustrated,0.1561,0.4678,0.1023,-0.9192,0.3003,0.0307,0.0158
frustrated,0.3246,0.6075,0.0847,-0.1372,0.3636,0.0308,0.0136
frustrated,0.3799,0.3746,0.62,5.3149,0.2561,0.1588,0.0526
frustrated,0.2281,0.5025,0.4912,25.5989,0.244,0.1199,0.1959
frustrated,0.0883,0.4084,0.0163,8.9861,0.2606,0.0043,0.0779
frustrated,0.0466,0.4456,0.6515,-0.5787,0.3392,0.221,0.0037
frustrated,0.4163,0.4826,0.3586,-19.2472,0.2693,0.0965,0.157
frustrated,0.2682,0.5261,0.3434,5.013,0.3735,0.1283,0.0596
frustrated,0.422,0.4663,0.0861,-12.1111,0.2246,0.0194,0.0744
frustrated,0.2549,0.4458,0.3541,-8.0306,0.3017,0.1068,0.0721
frustrated,0.0206,0.5028,0.2052,1.0264,0.3046,0.0625,0.003
frustrated,0.3083,0.4175,0.2904,-7.0833,0.3131,0.0909,0.063
frustrated,0.2283,0.4135,0.0852,-0.6304,0.2437,0.0208,0.0068
frustrated,0.1482,0.3997,0.4158,-6.344,0.2321,0.0965,0.0403
frustrated,0.2132,0.4117,0.5483,8.7337,0.3378,0.1852,0.0615
frustrated,0.2718,0.4511,0.3557,6.5128,0.196,0.0697,0.0417
frustrated,0.2369,0.4106,0.0128,0.7815,0.2561,0.0033,0.0102
frustrated,0.2812,0.4263,0.6706,6.5132,0.3262,0.2187,0.096
frustrated,0.1654,0.5168,0.4607,2.9187,0.3524,0.1624,0.0456
frustrated,0.272,0.4276,0.2046,-5.0732,0.2516,0.0515,0.042
frustrated,0.1421,0.4528,0.0123,-5.4483,0.2688,0.0033,0.0488
frustrated,0.096,0.4069,0.0252,-8.9905,0.29,0.0073,0.0807
frustrated,0.2721,0.4922,0.3306,5.763,0.3522,0.1164,0.0592
frustrated,0.2436,0.4522,0.0081,-4.0813,0.3038,0.0024,0.0552
frustrated,0.2504,0.5139,0.4975,20.7677,0.2391,0.1189,0.1443
frustrated,0.4289,0.4888,0.2187,-12.2375,0.2549,0.0558,0.0941
frustrated,0.3072,0.5851,0.0096,12.6533,0.2619,0.0025,0.1329
frustrated,0.33,0.4724,0.1613,19.1543,0.32,0.0516,0.1975
frustrated,0.309,0.414,0.0954,3.3176,0.2706,0.0258,0.0222
frustrated,0.397,0.4382,0.1566,-9.0802,0.1979,0.031,0.0922
frustrated,0.1966,0.5244,0.0044,-4.4708,0.2223,0.001,0.0357
frustrated,0.2425,0.3856,0.2128,1.7694,0.2645,0.0563,0.018
frustrated,0.2765,0.4003,0.0765,3.6884,0.2234,0.0171,0.013
confused,0.4234,0.5587,0.3373,-10.6819,0.2115,0.0714,0.096
confused,0.3554,0.6592,0.0068,-2.15,0.3484,0.0024,0.034
confused,0.3671,0.4142,0.0477,-5.891,0.2488,0.0119,0.0445
confused,0.0988,0.612,0.0154,1.9647,0.2587,0.004,0.0033
confused,0.3726,0.3986,0.1093,3.4301,0.2142,0.0234,0.0243
confused,0.4444,0.4845,0.1905,0.4684,0.2508,0.0478,0.0074
confused,0.397,0.3106,0.4254,-1.6944,0.144,0.0613,0.0202
confused,0.2571,0.5881,0.1843,-12.8647,0.356,0.0656,0.1434
confused,0.4295,0.5292,0.027,-6.5187,0.1646,0.0044,0.0406
confused,0.277,0.4562,0.0047,11.7047,0.2538,0.0012,0.1048
confused,0.4497,0.5099,0.2733,-1.099,0.3441,0.094,0.0223
confused,0.0565,0.4905,0.0339,-1.3815,0.3279,0.0111,0.0116
confused,0.4622,0.5086,0.0121,-2.972,0.2448,0.003,0.0222
confused,0.4582,0.5036,0.601,0.0358,0.2557,0.1537,0.0357
confused,0.2804,0.3853,0.0398,-11.7448,0.2554,0.0102,0.1025
confused,0.1081,0.444,0.1509,11.7278,0.2337,0.0353,0.1297
confused,0.42,0.526,0.0679,-8.7241,0.2684,0.0182,0.0565
confused,0.4364,0.5207,0.0464,-4.5983,0.2263,0.0105,0.052
confused,0.1544,0.4712,0.1636,7.3369,0.2495,0.0408,0.0617
confused,0.1496,0.2856,0.2283,-0.6717,0.2292,0.0523,0.0197
confused,0.0891,0.4216,0.3208,4.3359,0.253,0.0812,0.0402
confused,0.3614,0.4433,0.7422,0.187,0.206,0.1529,0.0123
confused,0.1733,0.4484,0.3788,-3.0553,0.3572,0.1353,0.0207
confused,0.2901,0.478,0.0047,-13.1072,0.3547,0.0017,0.1232
confused,0.3392,0.5505,0.0934,-5.629,0.2874,0.0268,0.0514
confused,0.2049,0.4177,0.5878,-18.1473,0.2514,0.1478,0.1645
confused,0.3316,0.3175,0.6252,2.6102,0.1958,0.1224,0.0088
confused,0.3241,0.3275,0.3042,4.5035,0.1536,0.0467,0.0456
confused,0.3401,0.3629,0.8469,0.237,0.2351,0.1991,0.0177
confused,0.4395,0.2806,0.0549,1.4131,0.1197,0.0066,0.0003
confused,0.1296,0.4195,0.0157,4.2773,0.2795,0.0044,0.0273
confused,0.3567,0.4591,0.53,-1.2312,0.2802,0.1485,0.0062
confused,0.3143,0.4125,0.2776,-0.95,0.2516,0.0699,0.0183
confused,0.3774,0.6801,0.0015,-20.3726,0.344,0.0005,0.2151
confused,0.0243,0.4178,0.4953,-4.0742,0.2632,0.1303,0.0277
confused,0.0652,0.4369,0.0167,-6.0685,0.2746,0.0046,0.0305
confused,0.0844,0.5186,0.5523,-16.9661,0.3153,0.1741,0.1771
confused,0.3543,0.4929,0.0231,55.4484,0.2724,0.0063,0.4213
confused,0.3368,0.4985,0.0267,-2.5875,0.2987,0.008,0.0398
confused,0.3681,0.4298,0.0151,2.3349,0.2254,0.0034,0.0112
confused,0.159,0.445,0.6978,19.7643,0.2678,0.1868,0.1526
confused,0.4275,0.5548,0.1959,-4.8694,0.3067,0.0601,0.0475
confused,0.3885,0.3755,0.6327,-0.1192,0.2083,0.1318,0.0001
confused,0.4651,0.4406,0.187,-1.1142,0.2456,0.0459,0.0035
confused,0.2898,0.5424,0.0247,-7.4939,0.3397,0.0084,0.0529
confused,0.1813,0.4134,0.066,-4.331,0.2549,0.0168,0.0447
confused,0.2588,0.6277,0.0078,0.7075,0.3008,0.0023,0.0297
confused,0.3607,0.3701,0.4691,-1.7642,0.2342,0.1099,0.0003
confused,0.4384,0.4558,0.1622,19.8818,0.2423,0.0393,0.1497
confused,0.3077,0.4924,0.007,-0.8991,0.2405,0.0017,0.0019
confused,0.3925,0.4965,0.2468,4.9314,0.3457,0.0853,0.0572
confused,0.0382,0.5971,0.0098,11.7603,0.3186,0.0031,0.1388
confused,0.2733,0.4225,0.0361,47.0433,0.2272,0.0082,0.4117
confused,0.3704,0.4833,0.4789,-5.0784,0.273,0.1308,0.0561
confused,0.1734,0.3831,0.7042,14.5174,0.2588,0.1823,0.133
confused,0.4417,0.5528,0.0065,2.468,0.2895,0.0019,0.0467
confused,0.3542,0.4883,0.078,0.6197,0.2673,0.0209,0.0015
confused,0.2995,0.4812,0.1282,1.306,0.2987,0.0383,0.0246
confused,0.633,0.4362,0.0283,0.7767,0.1865,0.0053,0.0007
confused,0.3024,0.3992,0.4691,-0.4406,0.301,0.1412,0.0128
confused,0.3322,0.44,0.0311,-15.3638,0.1888,0.0059,0.1288
confused,0.2933,0.4577,0.0175,1.5996,0.2656,0.0046,0.0121
confused,0.1914,0.4453,0.0087,-9.5864,0.2742,0.0024,0.0951
confused,0.3237,0.6139,0.1264,0.4046,0.3503,0.0443,0.0029
confused,0.2079,0.5592,0.0303,-14.6749,0.3112,0.0094,0.1615
confused,0.0605,0.3903,0.5681,3.3614,0.3141,0.1785,0.0265
confused,0.3582,0.4311,0.0775,-2.7908,0.2412,0.0187,0.0285
confused,0.4314,0.3506,0.7278,-0.6174,0.1894,0.1379,0.0078
confused,0.3894,0.4302,0.0153,0.8638,0.2153,0.0033,0.0001
confused,0.246,0.3852,0.7449,-1.0755,0.2649,0.1973,0.0128
confused,0.2733,0.4728,0.1498,1.5564,0.2517,0.0377,0.0095
confused,0.3267,0.5305,0.2043,-5.8633,0.3196,0.0653,0.0446
confused,0.4202,0.5164,0.4569,-0.2027,0.3436,0.157,0.0068
confused,0.4188,0.3834,0.4453,-36.4221,0.1921,0.0855,0.2241
confused,0.4114,0.6421,0.1376,-19.9373,0.3153,0.0434,0.1946
confused,0.4359,0.6287,0.0345,24.5372,0.3095,0.0107,0.2638
confused,0.3448,0.4055,0.2728,-1.5837,0.2232,0.0609,0.0013
confused,0.2671,0.4142,0.1654,4.4568,0.268,0.0443,0.0293
confused,0.0349,0.4826,0.005,-0.8018,0.3113,0.0015,0.0147
confused,0.3688,0.2818,0.2771,-2.5641,0.1711,0.0474,0.0185
confused,0.4088,0.4686,0.407,-1.4242,0.3206,0.1305,0.0058
confused,0.2611,0.4384,0.3318,-2.4963,0.2586,0.0858,0.0132
confused,0.3813,0.5016,0.1243,-4.4932,0.2398,0.0298,0.0492
confused,0.3511,0.3486,0.1129,-6.6873,0.2359,0.0266,0.0519
confused,0.3885,0.3438,0.1721,-3.2908,0.1277,0.022,0.0265
confused,0.288,0.3907,0.0806,4.3882,0.2176,0.0175,0.0382
confused,0.3456,0.4424,0.389,1.7941,0.311,0.121,0.0096
confused,0.4122,0.5845,0.0376,-1.8601,0.2944,0.0111,0.0291
confused,0.4222,0.4096,0.0354,-1.4277,0.2791,0.0099,0.0182
confused,0.3553,0.4154,0.1174,2.7439,0.3006,0.0353,0.0154
confused,0.3189,0.4445,0.0162,-3.2116,0.289,0.0047,0.0333
confused,0.4891,0.4113,0.1144,0.1082,0.231,0.0264,0.0113
confused,0.4061,0.5525,0.018,5.7999,0.3029,0.0055,0.0688
confused,0.1453,0.4996,0.0123,-3.879,0.2624,0.0032,0.0298
confused,0.1002,0.63,0.0215,10.0981,0.3366,0.0073,0.123
confused,0.056,0.5402,0.0042,23.2849,0.3173,0.0013,0.2385
confused,0.3913,0.4373,0.4766,1.6409,0.2638,0.1257,0.0033
confused,0.4471,0.4746,0.0255,-0.1096,0.2533,0.0065,0.0053
confused,0.4591,0.4245,1.0382,-1.2725,0.1983,0.2058,0.0055
confused,0.3307,0.6306,0.0781,-6.1251,0.38,0.0297,0.0936
confused,0.1423,0.3328,0.1479,-8.8209,0.2208,0.0326,0.0655
confused,0.417,0.4713,0.3363,6.7106,0.3073,0.1033,0.0669
confused,0.4558,0.5628,0.0097,0.1208,0.3183,0.0031,0.0069
confused,0.466,0.407,0.2921,1.8793,0.2054,0.06,0.0379
confused,0.3006,0.3019,0.5354,-4.3331,0.2504,0.1341,0.0315
confused,0.3986,0.6235,0.005,0.4361,0.3212,0.0016,0.0274
confused,0.3119,0.4016,0.0669,9.3862,0.2299,0.0154,0.0734
confused,0.3562,0.5223,0.1485,0.7158,0.2655,0.0394,0.0021
confused,0.0184,0.3904,0.776,5.3986,0.2587,0.2007,0.0492
confused,0.4144,0.4071,0.1392,2.8977,0.2002,0.0279,0.024
confused,0.3419,0.4486,0.6951,-15.0058,0.2382,0.1656,0.1085
confused,0.3229,0.4723,0.1602,-1.4652,0.2864,0.0459,0.0191
confused,0.3564,0.3884,0.269,-1.2469,0.2338,0.0629,0.0187
confused,0.0709,0.5327,0.6381,17.0707,0.3939,0.2514,0.1987
confused,0.3969,0.5092,0.1458,8.5087,0.2825,0.0412,0.0686
confused,0.343,0.5646,0.3376,3.101,0.2903,0.098,0.0378
confused,0.4823,0.5928,0.0107,-1.4439,0.2958,0.0032,0.0263
confused,0.3817,0.4917,0.3255,-0.9468,0.3498,0.1139,0.0093
confused,0.3706,0.3882,0.0315,-3.7489,0.2385,0.0075,0.0292
confused,0.309,0.5216,0.0054,0.0638,0.3188,0.0017,0.0104
confused,0.3151,0.3489,0.2785,-9.5516,0.2243,0.0625,0.0795
confused,0.3696,0.4432,0.0219,-2.3421,0.2208,0.0048,0.0225
confused,0.3782,0.3441,0.3987,-17.1853,0.1959,0.0781,0.1014
confused,0.3419,0.4056,0.7217,-11.2886,0.3015,0.2176,0.0965
confused,0.4282,0.3855,0.2925,-2.6437,0.1925,0.0563,0.0172
confused,0.3582,0.6213,0.0394,2.5009,0.2806,0.0111,0.0342
confused,0.0484,0.3855,0.5801,3.1517,0.3137,0.182,0.0202
confused,0.4034,0.4832,0.2678,-8.5751,0.2713,0.0726,0.0558
confused,0.3354,0.4196,0.27,1.0408,0.2794,0.0754,0.0114
confused,0.4029,0.4519,0.0163,0.8942,0.2759,0.0045,0.0183
confused,0.3475,0.4284,0.1949,2.0347,0.2447,0.0477,0.0146
confused,0.0885,0.3073,0.5137,28.5197,0.2066,0.1061,0.1749
confused,0.4326,0.4896,0.1754,-5.913,0.2487,0.0436,0.0634
confused,0.0166,0.4061,0.6336,-0.5331,0.2861,0.1813,0.0043
confused,0.432,0.4926,0.0112,-11.1309,0.2465,0.0028,0.0824
confused,0.3827,0.454,0.0639,-6.0911,0.2,0.0128,0.0596
confused,0.4422,0.2782,0.5144,-11.63,0.099,0.0509,0.04
confused,0.3871,0.3779,0.2144,9.8152,0.1887,0.0405,0.0977
confused,0.3109,0.3877,0.0316,-0.2635,0.1651,0.0052,0.0014
confused,0.2589,0.3556,0.7758,2.9719,0.2447,0.1898,0.024
confused,0.2487,0.4136,0.1689,-2.8352,0.3102,0.0524,0.0389
confused,0.3019,0.5782,0.0132,2.3557,0.2471,0.0033,0.0331
confused,0.2538,0.5685,0.384,4.9106,0.3351,0.1287,0.0434
confused,0.376,0.3754,0.0166,18.0295,0.1862,0.0031,0.1045
confused,0.369,0.4764,0.1362,-2.5825,0.3613,0.0492,0.0172
confused,0.4436,0.4999,0.0973,1.1319,0.2123,0.0207,0.0088
confused,0.1577,0.3408,0.3191,11.2882,0.1237,0.0395,0.0684
confused,0.3516,0.5321,0.0783,4.3801,0.2905,0.0227,0.0623
confused,0.2402,0.4766,0.0273,-0.9449,0.279,0.0076,0.0119
confused,0.2402,0.4338,0.0612,-15.1516,0.2294,0.014,0.1172
confused,0.164,0.5387,0.0031,14.2657,0.2792,0.0009,0.1274
confused,0.2779,0.3247,0.1972,4.4309,0.1977,0.039,0.0491
confused,0.285,0.5628,0.0694,2.715,0.3525,0.0244,0.0342
confused,0.3583,0.4703,0.3349,-13.1205,0.249,0.0834,0.1179
confused,0.0621,0.4464,0.2459,-5.9266,0.2936,0.0722,0.0321
confused,0.128,0.5081,0.0089,-2.0074,0.256,0.0023,0.0161
confused,0.208,0.5581,0.0103,-12.3918,0.3747,0.0039,0.1582
confused,0.3997,0.5036,0.2933,-0.3741,0.3381,0.0992,0.0039
confused,0.3109,0.4717,0.0899,2.0746,0.3152,0.0283,0.0248
confused,0.1242,0.4784,0.5701,-16.8856,0.2948,0.1681,0.1393
confused,0.0597,0.5191,0.0406,12.7811,0.3034,0.0123,0.1293
confused,0.1736,0.4999,0.031,0.3182,0.2909,0.009,0.0085
confused,0.2588,0.4642,0.1634,-28.8307,0.2483,0.0406,0.2365
confused,0.3559,0.3302,0.3976,1.1166,0.1678,0.0667,0.0049
confused,0.4565,0.3987,0.1283,2.6301,0.2356,0.0302,0.0172
confused,0.208,0.453,0.2269,-0.5451,0.2239,0.0508,0.007
confused,0.0914,0.4604,0.0535,-5.1746,0.4298,0.023,0.0652
confused,0.4239,0.3106,0.0278,-9.5802,0.1529,0.0042,0.0684
confused,0.3211,0.5549,0.0217,-5.1452,0.2587,0.0056,0.0558
confused,0.139,0.4517,0.1661,-6.6295,0.3415,0.0567,0.0746
confused,0.3411,0.3676,0.2197,-35.8983,0.1803,0.0396,0.2317
confused,0.3932,0.4071,0.477,5.1087,0.296,0.1412,0.0419
confused,0.2889,0.5997,0.0275,-4.8937,0.3571,0.0098,0.0638
confused,0.4668,0.4429,0.3237,0.7855,0.2541,0.0822,0.0113
confused,0.2493,0.4396,0.021,4.1995,0.296,0.0062,0.0399
confused,0.2931,0.3625,0.1204,-2.1846,0.2272,0.0274,0.0279
confused,0.198,0.3849,0.558,13.9398,0.192,0.1071,0.0905
confused,0.0383,0.5384,0.0135,-3.7807,0.2727,0.0037,0.0281
confused,0.3629,0.4833,0.0789,-2.0839,0.221,0.0174,0.0273
confused,0.0492,0.5468,0.0181,0.81,0.2923,0.0053,0.0069
confused,0.2405,0.4276,0.0033,1.114,0.2332,0.0008,0.0101
confused,0.4063,0.4565,0.3966,-6.22,0.258,0.1023,0.0329
confused,0.2289,0.4515,0.0438,-14.7544,0.236,0.0103,0.1237
confused,0.0893,0.5551,0.0084,-0.9815,0.3378,0.0028,0.0115
confused,0.2524,0.3965,0.6297,-11.1528,0.2537,0.1597,0.0954
confused,0.4216,0.4181,0.2631,-4.9918,0.2447,0.0644,0.0422
confused,0.4272,0.5215,0.0225,-5.4288,0.2105,0.0047,0.0472
confused,0.0337,0.5199,0.2387,21.0442,0.3358,0.0802,0.2026
confused,0.3478,0.3126,0.6185,7.0239,0.1457,0.0901,0.031
confused,0.3002,0.4303,0.12,2.5142,0.267,0.032,0.0217
confused,0.0805,0.4062,0.0149,7.4713,0.2805,0.0042,0.0535
confused,0.2274,0.3559,0.546,24.6787,0.1848,0.1009,0.14
confused,0.3603,0.4531,0.3729,0.25,0.3452,0.1287,0.0023
confused,0.3581,0.4805,0.0878,1.6323,0.2603,0.0229,0.0218
confused,0.3693,0.3269,0.0753,1.3532,0.156,0.0117,0.0004
confused,0.3183,0.4461,0.4896,-1.9325,0.357,0.1748,0.0224
confused,0.3585,0.3629,0.2041,9.489,0.2589,0.0528,0.0828
confused,0.29,0.4263,0.0272,0.424,0.2689,0.0073,0.0103
confused,0.3454,0.4894,0.0486,-3.1133,0.2783,0.0135,0.0407
confused,0.0783,0.4571,0.4749,14.0776,0.3043,0.1445,0.1267
confused,0.3336,0.5881,0.0023,-4.2594,0.3164,0.0007,0.0559
confused,0.3513,0.4733,0.327,-2.0287,0.2503,0.0819,0.0122
confused,0.4462,0.559,0.1178,-0.4477,0.2835,0.0334,0.0148
confused,0.3217,0.4037,0.2914,-9.3846,0.192,0.056,0.1015
confused,0.0242,0.4943,0.0045,9.3184,0.2334,0.0011,0.0955
confused,0.3182,0.4358,0.6775,4.0142,0.2438,0.1652,0.0304
confused,0.1532,0.3327,0.359,-6.6661,0.2092,0.0751,0.0453
confused,0.3354,0.4196,0.27,1.0408,0.2794,0.0754,0.0114
confused,0.425,0.4437,0.0844,7.0502,0.2276,0.0192,0.0562
confused,0.3202,0.4676,0.5114,-5.2237,0.2505,0.1281,0.0411
confused,0.237,0.3854,0.18,3.7136,0.251,0.0452,0.0317
confused,0.3027,0.4917,0.0659,0.067,0.226,0.0149,0.0089
confused,0.3231,0.4883,0.0552,0.0145,0.2596,0.0143,0.0006
confused,0.4501,0.4097,0.3419,6.1283,0.2216,0.0758,0.0382
confused,0.3973,0.4123,0.0224,-2.7572,0.2474,0.0056,0.013
confused,0.3416,0.4884,0.6289,-2.4652,0.2772,0.1743,0.0213
confused,0.3986,0.4731,0.0164,2.3451,0.241,0.0039,0.0204
confused,0.4744,0.4619,0.0957,1.2334,0.2282,0.0218,0.0123
confused,0.4583,0.4691,0.2899,4.0809,0.2569,0.0745,0.0326
confused,0.387,0.5411,0.2637,-5.0123,0.3326,0.0877,0.0702
confused,0.2635,0.304,0.1546,6.5062,0.22,0.034,0.0475
confused,0.3229,0.4242,0.3513,2.9971,0.2098,0.0737,0.0216
confused,0.2011,0.4645,0.3789,-0.9649,0.319,0.1209,0.0179
confused,0.0433,0.5175,0.2206,-1.4535,0.301,0.0664,0.0273
confused,0.4275,0.5186,0.223,-6.1536,0.2994,0.0668,0.0554
confused,0.2796,0.3796,0.4959,15.0311,0.2158,0.107,0.1082
confused,0.4251,0.3674,0.0478,-0.3221,0.1478,0.0071,0.0132
confused,0.3787,0.3985,0.2569,-0.7644,0.2108,0.0541,0.0234
confused,0.4533,0.5376,0.2478,-10.3903,0.2748,0.0681,0.1263
confused,0.394,0.3319,0.032,-2.7729,0.2011,0.0064,0.0398
confused,0.4013,0.513,0.0046,-2.7596,0.2457,0.0011,0.0187
confused,0.2358,0.447,0.0703,8.181,0.2797,0.0197,0.0942
confused,0.3994,0.4454,0.1467,-9.5929,0.2387,0.035,0.0785
confused,0.2854,0.502,0.0332,17.82,0.308,0.0102,0.178
confused,0.2223,0.4231,0.1695,27.9702,0.2179,0.0369,0.2014
confused,0.0798,0.3108,0.0315,-33.0869,0.1373,0.0043,0.1626
confused,0.069,0.4447,0.1027,-18.3222,0.2771,0.0284,0.1755
confused,0.3337,0.4222,0.3242,11.6374,0.2282,0.074,0.0978
confused,0.2978,0.4131,0.2846,-18.3181,0.3285,0.0935,0.1453
confused,0.3107,0.4971,0.0459,-6.7125,0.3645,0.0167,0.0551
confused,0.3079,0.4526,0.0089,-37.2162,0.2228,0.002,0.3149
confused,0.3927,0.4202,0.5759,-2.0583,0.2263,0.1303,0.011
confused,0.1119,0.5978,0.0138,-2.1253,0.3374,0.0047,0.0114
confused,0.3041,0.2847,0.5113,-4.5559,0.1564,0.08,0.0294
confused,0.0198,0.429,0.6179,1.4775,0.2383,0.1472,0.0245
confused,0.1007,0.3473,0.4861,-8.1751,0.2583,0.1256,0.0633
confused,0.4055,0.5325,0.3099,-1.7166,0.2624,0.0813,0.0436
confused,0.1521,0.4053,0.0046,26.9969,0.2299,0.0011,0.2369
confused,0.3629,0.4833,0.0789,-2.0839,0.221,0.0174,0.0273
confused,0.3423,0.4448,0.244,6.0712,0.2585,0.0631,0.0759
confused,0.2781,0.3441,0.0142,35.8787,0.1581,0.0022,0.2099
confused,0.2563,0.4506,0.3381,-8.4089,0.3353,0.1134,0.0832
confused,0.3265,0.4517,0.0285,6.4708,0.2571,0.0073,0.0572
confused,0.0276,0.516,0.1067,-5.8055,0.2778,0.0297,0.0648
confused,0.0839,0.3793,0.1097,13.5129,0.1901,0.0208,0.1114
confused,0.3553,0.5364,0.0812,-7.3052,0.2754,0.0224,0.0888
confused,0.2913,0.4784,0.0088,-5.4045,0.3292,0.0029,0.0358
confused,0.2279,0.4326,0.0553,8.1208,0.2664,0.0147,0.0736
confused,0.2129,0.5017,0.074,2.739,0.1682,0.0124,0.0687
confused,0.1788,0.3409,0.0374,-11.7798,0.1689,0.0063,0.0645
confused,0.2584,0.5103,0.5029,-0.339,0.351,0.1765,0.0009
confused,0.5434,0.2941,0.4082,1.346,0.0342,0.014,0.0336
confused,0.0532,0.4874,0.3128,1.4517,0.359,0.1123,0.0097
confused,0.3058,0.4775,0.0308,7.5027,0.3032,0.0093,0.0872
confused,0.0753,0.4479,0.0218,2.1942,0.2957,0.0064,0.0245
confused,0.4219,0.43,0.0292,-6.2876,0.2506,0.0073,0.0665
confused,0.2932,0.5568,0.0079,14.0956,0.2913,0.0023,0.1555
confused,0.326,0.544,0.0367,6.1816,0.3146,0.0116,0.0648
confused,0.2453,0.3043,0.1477,-30.7484,0.2091,0.0309,0.1712
confused,0.276,0.3221,0.393,-12.5041,0.1565,0.0615,0.0748
confused,0.3738,0.54,0.0231,10.0821,0.2589,0.006,0.0768
confused,0.3913,0.4008,0.145,2.0927,0.1997,0.0289,0.013
confused,0.1041,0.5616,0.2784,-0.7452,0.3331,0.0927,0.0285
confused,0.3406,0.43,0.0182,-10.3544,0.2049,0.0037,0.0843
confused,0.3701,0.6343,0.1433,-1.8398,0.3853,0.0552,0.0243
confused,0.3478,0.4312,0.0431,-10.8741,0.1685,0.0073,0.0757
confused,0.2176,0.444,0.0101,-0.1337,0.254,0.0026,0.0119
confused,0.0904,0.3119,0.0134,28.27,0.1822,0.0024,0.151
confused,0.3569,0.1374,0.0561,-32.6397,0.0587,0.0033,0.0551
confused,0.3771,0.4152,0.3351,-3.5368,0.2585,0.0866,0.0262
confused,0.3651,0.5338,0.2353,-11.4778,0.2603,0.0612,0.091
confused,0.4191,0.4457,0.4036,-0.3491,0.2538,0.1024,0.0078
confused,0.4199,0.3754,0.0037,17.1727,0.1613,0.0006,0.1076
confused,0.416,0.4627,0.491,-6.2152,0.3019,0.1482,0.0533
confused,0.3376,0.4721,0.1479,7.6185,0.2177,0.0322,0.0613
confused,0.3128,0.601,0.0279,-7.8281,0.3154,0.0088,0.103
confused,0.2922,0.4577,0.0216,-3.0548,0.3223,0.007,0.0273
confused,0.3151,0.2954,0.3641,17.8641,0.2174,0.0792,0.1076
confused,0.373,0.5821,0.0303,-1.4593,0.2816,0.0085,0.0072
confused,0.229,0.3901,0.0033,3.3549,0.299,0.001,0.029
confused,0.3559,0.4699,0.6815,-1.1514,0.2311,0.1575,0.0069
confused,0.3674,0.4395,0.1493,-5.8252,0.2441,0.0364,0.0422
confused,0.4142,0.3516,0.0477,-12.1722,0.1842,0.0088,0.0867
confused,0.4083,0.4917,0.2492,-3.8109,0.2488,0.062,0.0466
confused,0.4077,0.427,0.348,0.5293,0.236,0.0821,0.0055
confused,0.3863,0.3647,0.0864,12.3367,0.1864,0.0161,0.0731
confused,0.4175,0.3347,0.4663,-9.1323,0.1455,0.0678,0.0728
confused,0.4022,0.552,0.14,-1.2737,0.3819,0.0535,0.0032
confused,0.389,0.3833,0.0254,-1.5315,0.2118,0.0054,0.0211
confused,0.4522,0.3748,0.1746,-1.8258,0.18,0.0314,0.0218
confused,0.3991,0.5096,0.0083,25.8788,0.2219,0.0018,0.2136
confused,0.3856,0.4697,0.4127,-5.763,0.2855,0.1178,0.0381
confused,0.2297,0.5346,0.1018,39.0048,0.2603,0.0265,0.3575
confused,0.2416,0.4183,0.0084,-7.1817,0.2607,0.0022,0.0444
confused,0.2088,0.4771,0.0254,4.2119,0.2606,0.0066,0.0392
confused,0.3457,0.3761,0.2496,-2.557,0.2453,0.0612,0.0205
confused,0.1105,0.4024,0.3377,7.8314,0.2533,0.0855,0.0716
confused,0.4562,0.3614,0.4964,-9.6363,0.1995,0.099,0.0489
confused,0.3816,0.3379,0.6411,10.3851,0.2245,0.1439,0.0709
confused,0.2728,0.5795,0.0335,-3.0244,0.3207,0.0107,0.0206
confused,0.1194,0.4952,0.0355,-8.7918,0.2466,0.0088,0.0671
confused,0.4582,0.4538,0.4029,-1.3304,0.2495,0.1005,0.0073
confused,0.4078,0.4544,0.2282,0.748,0.2436,0.0556,0.0001
confused,0.2234,0.6266,0.0274,23.7082,0.3683,0.0101,0.2889
confused,0.2816,0.5832,0.1796,-21.3712,0.3569,0.0641,0.2258
confused,0.4688,0.5153,0.2227,1.0774,0.3045,0.0678,0.0046
confused,0.3141,0.4788,0.0359,-8.7876,0.2656,0.0095,0.0813
confused,0.4331,0.4922,0.2072,5.3198,0.255,0.0528,0.0383
confused,0.2185,0.4296,0.0586,-13.2415,0.2691,0.0158,0.1161
confused,0.349,0.3938,0.0702,10.0181,0.2473,0.0173,0.0652
confused,0.0885,0.3789,0.4245,-5.8616,0.292,0.124,0.049
confused,0.2117,0.4321,0.0681,-6.9822,0.3313,0.0226,0.0502
confused,0.1048,0.2627,0.1366,-27.6705,0.1545,0.0211,0.143
confused,0.2964,0.4574,0.1824,-15.9332,0.2421,0.0442,0.1422
confused,0.4026,0.4757,0.0363,6.0498,0.2503,0.0091,0.0616
confused,0.2905,0.5875,0.1773,24.0008,0.3773,0.0669,0.2613
confused,0.37,0.3956,0.4891,-16.9609,0.2373,0.1161,0.1193
confused,0.245,0.4017,0.0074,3.2014,0.2018,0.0015,0.0224
confused,0.1115,0.3521,0.6392,-0.535,0.2645,0.1691,0.0026
confused,0.4246,0.4921,0.0959,-5.0385,0.2679,0.0257,0.0561
confused,0.1057,0.5128,0.0044,-0.2526,0.2503,0.0011,0.0215
confused,0.3328,0.4883,0.0027,-1.8023,0.2582,0.0007,0.0108
confused,0.351,0.3791,0.1042,-3.0243,0.2721,0.0284,0.0191
confused,0.4001,0.4915,0.2258,-16.9117,0.2259,0.051,0.1501
confused,0.3208,0.6035,0.0177,-1.918,0.3471,0.0061,0.0388
confused,0.2528,0.4346,0.2805,0.6126,0.3076,0.0863,0.0067
confused,0.1962,0.2159,0.0058,29.5867,0.1135,0.0007,0.1337
confused,0.3937,0.4653,0.1078,-13.8535,0.2549,0.0275,0.1124
confused,0.3962,0.5659,0.0435,0.4906,0.2791,0.0121,0.0133
confused,0.422,0.4323,0.008,10.287,0.2499,0.002,0.0857
confused,0.3286,0.5434,0.472,16.2714,0.3146,0.1485,0.177
confused,0.3388,0.5289,0.0093,2.0598,0.2952,0.0027,0.0301
confused,0.3486,0.4717,0.0293,-4.6109,0.2349,0.0069,0.0348
confused,0.3486,0.4841,0.0723,-2.3146,0.2973,0.0215,0.0381
confused,0.2576,0.4393,0.0237,1.6581,0.2232,0.0053,0.0164
confused,0.0523,0.4667,0.0199,-4.1771,0.2356,0.0047,0.0539
confused,0.3372,0.4634,0.0134,16.3811,0.2862,0.0038,0.1264
confused,0.4479,0.6391,0.0034,-0.9974,0.2993,0.001,0.0056
confused,0.2919,0.5302,0.0247,-3.6137,0.2656,0.0065,0.0233
confused,0.4885,0.6119,0.0072,-1.7529,0.2786,0.002,0.0345
confused,0.1552,0.2998,0.7548,3.7948,0.1888,0.1425,0.0194
confused,0.3435,0.3988,0.326,5.8442,0.2292,0.0747,0.0366
confused,0.4287,0.4903,0.0326,-3.1984,0.2767,0.009,0.03
confused,0.3002,0.5302,0.033,-8.4308,0.303,0.01,0.0879
confused,0.3487,0.4198,0.0321,4.8,0.2535,0.0081,0.04
confused,0.4736,0.4763,0.0101,-19.6131,0.261,0.0026,0.1719
confused,0.3746,0.5551,0.1709,9.0547,0.3391,0.058,0.0842
confused,0.3886,0.5301,0.3811,6.648,0.3412,0.13,0.0568
confused,0.3962,0.5214,0.0581,-2.4932,0.2568,0.0149,0.0309
confused,0.291,0.3939,0.5128,-13.2047,0.1747,0.0896,0.1204
confused,0.3347,0.4137,0.129,1.1851,0.3006,0.0388,0.0135
confused,0.2882,0.4817,0.1666,-14.5344,0.2417,0.0403,0.1191
confused,0.3862,0.4116,0.0102,3.6921,0.269,0.0027,0.0348
confused,0.159,0.2476,0.0216,-41.0172,0.1308,0.0028,0.203
confused,0.2675,0.4758,0.1406,-18.4728,0.3634,0.0511,0.1694
confused,0.2461,0.4206,0.3753,7.555,0.2673,0.1003,0.0741
confused,0.4917,0.471,0.3791,-1.1772,0.25,0.0948,0.0003
confused,0.3771,0.4078,0.0144,2.3831,0.2182,0.0031,0.0166
confused,0.2089,0.3272,0.5167,2.6681,0.2725,0.1408,0.0191
confused,0.4021,0.4145,0.2324,0.2523,0.2455,0.0571,0.0066
confused,0.3246,0.4141,0.3702,1.873,0.311,0.1151,0.009
confused,0.3852,0.5216,0.0137,-6.6898,0.301,0.0041,0.0724
confused,0.3495,0.2791,0.6162,1.5274,0.1586,0.0977,0.0154
confused,0.3549,0.4683,0.2687,-0.323,0.326,0.0876,0.0006
confused,0.3352,0.2927,0.1291,8.6218,0.1565,0.0202,0.0414
confused,0.3082,0.366,0.0267,4.478,0.2895,0.0077,0.0389
confused,0.3301,0.3985,0.2596,-8.5713,0.223,0.0579,0.0699
confused,0.0601,0.4371,0.0389,31.7306,0.2379,0.0092,0.2297
confused,0.3396,0.4923,0.008,12.7656,0.2194,0.0018,0.1232
confused,0.1271,0.4445,0.5373,1.2033,0.2831,0.1521,0.0138
confused,0.3174,0.476,0.0437,3.7026,0.2652,0.0116,0.0339
confused,0.2142,0.2929,0.4938,-15.5274,0.2174,0.1073,0.0877
confused,0.396,0.4343,0.0118,-4.3771,0.2249,0.0026,0.032
confused,0.387,0.4564,0.129,-1.5099,0.2104,0.0272,0.0231
confused,0.0748,0.4498,0.2053,-11.5491,0.2141,0.044,0.0981
confused,0.3427,0.5748,0.0882,30.1486,0.3256,0.0287,0.2936
confused,0.2673,0.3455,0.3306,-16.1074,0.2572,0.085,0.1196
confused,0.3282,0.4229,0.5534,5.9888,0.2617,0.1449,0.0435
confused,0.3576,0.4752,0.0539,5.2899,0.2614,0.0141,0.0455
confused,0.3519,0.4554,0.5884,0.2433,0.2907,0.171,0.0079
confused,0.3913,0.361,0.0311,-4.4574,0.2248,0.007,0.0267
confused,0.2918,0.4518,0.6195,1.699,0.2332,0.1444,0.0178
confused,0.3152,0.3815,0.2405,2.0043,0.2246,0.054,0.0176
confused,0.0962,0.3995,0.0112,29.6239,0.2456,0.0028,0.2439
confused,0.0339,0.5129,0.0311,-2.9607,0.2831,0.0088,0.0229
confused,0.0233,0.4477,0.5144,4.1794,0.371,0.1909,0.0345
confused,0.317,0.5345,0.0586,-9.608,0.3062,0.0179,0.0858
confused,0.4328,0.4508,0.7147,-1.8771,0.2598,0.1857,0.0162
confused,0.0868,0.2709,0.6426,-7.8057,0.3303,0.2122,0.0618
confused,0.2435,0.2836,0.0591,15.3149,0.1182,0.007,0.0878
confused,0.416,0.3967,0.1172,3.0553,0.2192,0.0257,0.0227
confused,0.4383,0.601,0.0666,4.274,0.3581,0.0239,0.0561
confused,0.3758,0.3964,0.2686,7.9349,0.1998,0.0537,0.0637
confused,0.4426,0.3342,0.0472,-10.9275,0.1648,0.0078,0.0635
confused,0.4133,0.403,0.5839,5.8228,0.2203,0.1286,0.0292
confused,0.242,0.4643,0.1472,0.6747,0.233,0.0343,0.0138
confused,0.4582,0.5172,0.2547,-1.3615,0.3578,0.0911,0.0192
confused,0.2828,0.4221,0.018,20.8473,0.2255,0.0041,0.1496
confused,0.3462,0.368,0.7153,-4.0342,0.3115,0.2228,0.0378
confused,0.3723,0.4404,0.0622,14.8809,0.2307,0.0143,0.1207
confused,0.3304,0.478,0.0165,-2.4367,0.2758,0.0045,0.0308
confused,0.4074,0.6305,0.0058,16.4988,0.3036,0.0018,0.1752
confused,0.1298,0.4096,0.259,0.0437,0.2751,0.0712,0.0053
confused,0.4172,0.3003,0.0686,-3.3313,0.1668,0.0114,0.0374
confused,0.2661,0.3761,0.1977,17.5371,0.2683,0.053,0.1422
confused,0.3571,0.6211,0.0087,-19.8634,0.4149,0.0036,0.2225
confused,0.3721,0.5506,0.2177,-2.6731,0.3363,0.0732,0.0479
confused,0.4196,0.4437,0.0578,3.0895,0.2688,0.0155,0.0274
confused,0.4464,0.5492,0.0369,0.4721,0.2358,0.0087,0.0163
confused,0.3925,0.5629,0.1359,-24.1332,0.3063,0.0416,0.2291
confused,0.4285,0.4783,0.2904,3.8813,0.2769,0.0804,0.0456
confused,0.4003,0.3324,0.9538,0.8494,0.2066,0.197,0.0135
confused,0.2115,0.3208,0.0453,5.7145,0.1733,0.0078,0.0284
confused,0.3664,0.3218,0.807,-2.2863,0.1795,0.1449,0.0171
confused,0.0204,0.4535,0.1039,18.2013,0.3187,0.0331,0.1611
confused,0.4691,0.4441,0.1832,0.5623,0.2685,0.0492,0.0056
confused,0.1575,0.4547,0.7812,-0.2842,0.3096,0.2419,0.0056
confused,0.2284,0.4536,0.0171,5.6036,0.1781,0.003,0.0409
confused,0.0889,0.3564,0.9746,-20.4267,0.2706,0.2638,0.1526
confused,0.2513,0.312,0.0612,-2.6517,0.1758,0.0108,0.0171
confused,0.3794,0.5202,0.2314,-10.7956,0.2329,0.0539,0.0819
confused,0.2412,0.5096,0.0032,35.5204,0.2629,0.0008,0.3205
confused,0.3909,0.3956,0.3671,1.5701,0.2703,0.0992,0.0196
confused,0.4309,0.4597,0.0383,-4.0514,0.243,0.0093,0.0391
confused,0.0661,0.368,0.5718,0.7589,0.2891,0.1653,0.0052
confused,0.3396,0.4725,0.0073,13.0313,0.3047,0.0022,0.0957
confused,0.3765,0.4402,0.0281,-2.8688,0.2232,0.0063,0.017
confused,0.3035,0.4158,0.5601,2.1788,0.2496,0.1398,0.018
confused,0.3041,0.4508,0.0074,40.514,0.2756,0.002,0.3173
confused,0.4144,0.4877,0.4003,1.4409,0.2638,0.1056,0.0032
confused,0.3778,0.5036,0.0201,-0.8592,0.2828,0.0057,0.0023
confused,0.0791,0.3621,0.0918,-13.3036,0.1862,0.0171,0.0845
confused,0.307,0.4526,0.0262,11.2168,0.2358,0.0062,0.103
confused,0.4523,0.4853,0.3824,-1.3989,0.3699,0.1414,0.0132
confused,0.4084,0.6029,0.0294,-1.4892,0.3118,0.0092,0.025
confused,0.2829,0.3462,0.2632,12.0949,0.1794,0.0472,0.0829
confused,0.2958,0.3666,0.0077,5.5064,0.2134,0.0017,0.034
confused,0.1693,0.3619,0.5705,6.2925,0.2613,0.149,0.0428
confused,0.1373,0.3922,0.1782,-3.5911,0.2793,0.0498,0.0195
confused,0.4164,0.429,0.4562,0.2989,0.2985,0.1362,0.0033
confused,0.0944,0.497,0.2222,-5.6322,0.35,0.0778,0.0306
confused,0.4142,0.363,0.3819,-1.8664,0.2234,0.0853,0.0009
confused,0.2908,0.4255,0.007,-0.3265,0.2735,0.0019,0.001
confused,0.4725,0.4755,0.0834,-1.778,0.2111,0.0176,0.0227
confused,0.2294,0.4469,0.5717,-0.039,0.3,0.1715,0.0025
confused,0.3674,0.4857,0.1952,3.8031,0.285,0.0556,0.0324
confused,0.3554,0.3896,0.5045,-1.9016,0.2432,0.1227,0.0133
confused,0.4688,0.5153,0.2227,1.0774,0.3045,0.0678,0.0046
confused,0.3601,0.4863,0.3457,10.6479,0.2587,0.0894,0.0852
confused,0.1185,0.4892,0.5474,-16.4725,0.2995,0.1639,0.1591
confused,0.3856,0.4314,0.1133,12.86,0.2449,0.0277,0.1292
confused,0.3742,0.4869,0.0075,-3.3786,0.253,0.0019,0.0283
confused,0.3587,0.4379,0.3201,-4.9734,0.2929,0.0938,0.034
confused,0.1597,0.3376,0.1978,1.6023,0.2446,0.0484,0.0127
confused,0.4872,0.6434,0.0492,-11.1002,0.2712,0.0133,0.0989
confused,0.3983,0.5716,0.3786,9.7624,0.277,0.1049,0.1262
confused,0.2263,0.3526,0.7024,-9.844,0.233,0.1637,0.0726
confused,0.3313,0.4635,0.0046,-0.0302,0.2603,0.0012,0.0108
confused,0.4982,0.4317,0.0857,-4.3923,0.2063,0.0177,0.0469
confused,0.4124,0.6,0.0108,9.9423,0.281,0.003,0.1467
confused,0.0352,0.4952,0.0821,-6.342,0.2619,0.0215,0.0646
confused,0.4,0.4415,0.7671,1.1486,0.2773,0.2127,0.0093
confused,0.3219,0.4344,0.2357,-0.6946,0.3208,0.0756,0.0099
confused,0.3608,0.4165,0.2915,-1.9835,0.2766,0.0806,0.0096
confused,0.3077,0.4259,0.0093,2.8272,0.301,0.0028,0.0143
confused,0.3863,0.4837,0.2369,-0.6236,0.2547,0.0604,0.0211
confused,0.2796,0.4737,0.018,3.8012,0.3016,0.0054,0.0388
confused,0.2749,0.4704,0.0737,-1.3502,0.2678,0.0197,0.0046
confused,0.3428,0.3859,0.0108,4.4098,0.2464,0.0027,0.0353
confused,0.4035,0.4628,0.0835,4.9385,0.2373,0.0198,0.0513
confused,0.3381,0.4085,0.033,0.7798,0.2795,0.0092,0.0066
confused,0.398,0.5931,0.3106,-7.7876,0.3705,0.1151,0.092
confused,0.2293,0.4583,0.0561,5.1067,0.1992,0.0112,0.0467
confused,0.376,0.4079,0.1777,-7.2853,0.2998,0.0533,0.0674
confused,0.4029,0.4612,0.2989,29.8509,0.2252,0.0673,0.2508
confused,0.3004,0.4399,0.5366,-4.3229,0.3481,0.1868,0.0345
confused,0.3938,0.3866,0.1643,14.1732,0.103,0.0169,0.0449
confused,0.4221,0.5687,0.0261,-15.0151,0.256,0.0067,0.1565
confused,0.4166,0.5737,0.1719,-3.6468,0.2304,0.0396,0.0433
confused,0.3651,0.487,0.277,-5.3862,0.2913,0.0807,0.0671
confused,0.3484,0.3943,0.3254,-5.5972,0.2376,0.0773,0.0482
confused,0.2111,0.4656,0.4878,0.3469,0.327,0.1595,0.0012
confused,0.3536,0.4749,0.0406,5.3143,0.2733,0.0111,0.0642
confused,0.308,0.5099,0.0109,7.6709,0.3078,0.0034,0.0666
confused,0.1277,0.5591,0.0506,-9.9892,0.2635,0.0133,0.0939
confused,0.4163,0.3464,0.1396,-1.7075,0.2153,0.0301,0.0108
confused,0.4012,0.4196,0.7504,-12.3194,0.2613,0.1961,0.0849
confused,0.4444,0.4783,0.1785,1.1751,0.2435,0.0435,0.0006
confused,0.1901,0.5263,0.0552,-5.786,0.2675,0.0148,0.0501
confused,0.3053,0.5618,0.0216,-1.4519,0.3121,0.0067,0.0106
confused,0.2632,0.341,0.4952,-14.1011,0.1915,0.0948,0.0893
confused,0.3869,0.4336,0.2696,-2.1554,0.2369,0.0639,0.026
confused,0.3521,0.3377,0.5214,-5.4733,0.1999,0.1042,0.0261
confused,0.3667,0.4977,0.0738,-2.1103,0.263,0.0194,0.013
confused,0.3633,0.5695,0.0038,0.0164,0.2584,0.001,0.0028
confused,0.3935,0.4318,0.0162,2.5915,0.2443,0.004,0.0245
confused,0.4677,0.4142,0.0139,-4.4687,0.2475,0.0034,0.0227
confused,0.0649,0.4464,0.1952,-9.0417,0.2956,0.0577,0.082
confused,0.2405,0.4276,0.0033,1.114,0.2332,0.0008,0.0101
confused,0.3321,0.5098,0.0192,-2.6639,0.2868,0.0055,0.0019
confused,0.4192,0.4426,0.0192,-0.2404,0.2142,0.0041,0.0045
confused,0.2809,0.4551,0.0151,-22.0242,0.2642,0.004,0.2208
confused,0.3868,0.552,0.1718,-0.2506,0.3123,0.0537,0.0185
confused,0.2744,0.4085,0.0025,-3.1449,0.2834,0.0007,0.0269
confused,0.4403,0.401,0.4336,5.441,0.2526,0.1095,0.0373
confused,0.4098,0.6398,0.2855,8.5509,0.2674,0.0763,0.1191
confused,0.3767,0.5809,0.0118,0.2841,0.2672,0.0031,0.0494
confused,0.1895,0.3777,0.307,4.5014,0.2734,0.0839,0.0368
confused,0.2825,0.3799,0.2818,-2.6214,0.2898,0.0817,0.0269
confused,0.4247,0.5357,0.1821,-10.0978,0.2373,0.0432,0.0563
confused,0.3205,0.4363,0.0137,-0.2723,0.2685,0.0037,0.0081
confused,0.4624,0.4061,0.3946,-7.6359,0.1797,0.0709,0.0628
confused,0.427,0.4469,0.0604,0.3025,0.2135,0.0129,0.0111
confused,0.2603,0.4302,0.0118,0.4498,0.2508,0.003,0.0044
confused,0.2416,0.4833,0.212,5.5032,0.2941,0.0624,0.0632
confused,0.4726,0.5135,0.1816,2.3155,0.2971,0.054,0.0206
confused,0.3906,0.477,0.1049,1.2608,0.2257,0.0237,0.0119
confused,0.4954,0.3743,0.1954,-10.8446,0.2397,0.0468,0.0941
confused,0.4298,0.3475,0.38,-5.1396,0.204,0.0775,0.0461
confused,0.3172,0.4702,0.3201,4.3191,0.3295,0.1055,0.0504
confused,0.4459,0.6208,0.5946,-3.2884,0.3664,0.2178,0.04
confused,0.3441,0.5313,0.2022,3.7069,0.2687,0.0543,0.0637
confused,0.4992,0.5061,0.3662,5.5041,0.2382,0.0872,0.0324
confused,0.3877,0.4966,0.2614,-1.644,0.2214,0.0579,0.0091
confused,0.3125,0.4067,0.0091,3.2063,0.2935,0.0027,0.0137
confused,0.3585,0.4492,0.1836,-2.496,0.2939,0.054,0.0365
confused,0.3397,0.3841,0.2403,-0.6114,0.1817,0.0436,0.0041
confused,0.2981,0.399,0.1647,-0.3448,0.2938,0.0484,0.015
confused,0.42,0.4593,0.0086,-5.4801,0.2444,0.0021,0.0495
confused,0.4459,0.6208,0.5946,-3.2884,0.3664,0.2178,0.04
confused,0.3253,0.4468,0.5786,6.2964,0.2788,0.1613,0.0524
confused,0.2944,0.407,0.425,-1.4158,0.3168,0.1346,0.0131
confused,0.4722,0.4263,0.0486,-3.503,0.2187,0.0106,0.0153
confused,0.3795,0.4531,0.17,6.0103,0.2021,0.0343,0.0628
confused,0.1557,0.4152,0.0107,-5.5575,0.2174,0.0023,0.0431
confused,0.4172,0.3003,0.0686,-3.3313,0.1668,0.0114,0.0374
confused,0.3543,0.5027,0.1241,5.2193,0.2778,0.0345,0.0456
confused,0.3633,0.3806,0.6094,5.1521,0.2617,0.1595,0.0491
confused,0.3447,0.4699,0.0144,-0.1842,0.2585,0.0037,0.0012
confused,0.2008,0.3687,0.1181,9.6869,0.199,0.0235,0.0718
confused,0.3989,0.5974,0.5547,2.9287,0.3001,0.1665,0.0319
confused,0.4264,0.4791,0.1825,-0.5899,0.2497,0.0456,0.0224
confused,0.1254,0.6041,0.006,-4.6813,0.298,0.0018,0.0157
confused,0.3163,0.4451,0.0253,-2.6642,0.2771,0.007,0.0265
confused,0.0619,0.4243,0.3759,0.9162,0.3377,0.1269,0.0173
confused,0.2868,0.4512,0.0148,-11.8256,0.3198,0.0047,0.1293
confused,0.3627,0.5373,0.1928,-4.5653,0.2742,0.0529,0.004
confused,0.2235,0.5243,0.0084,0.7625,0.3465,0.0029,0.0171
confused,0.4252,0.4486,0.4141,-0.9708,0.2652,0.1098,0.0215
confused,0.3425,0.4662,0.2958,1.5433,0.3091,0.0914,0.0093
confused,0.4171,0.5703,0.7456,9.6912,0.3092,0.2305,0.0811
confused,0.2611,0.4811,0.0107,18.0157,0.288,0.0031,0.1613
confused,0.3022,0.5458,0.0887,-3.5471,0.2891,0.0256,0.0471
confused,0.3778,0.5284,0.0428,31.3269,0.2967,0.0127,0.2859
confused,0.1402,0.4437,0.0054,-12.0643,0.209,0.0011,0.0823
confused,0.0861,0.4285,0.0433,3.7014,0.2745,0.0119,0.0364
confused,0.4423,0.3921,0.0344,1.8279,0.1894,0.0065,0.0161
confused,0.2595,0.4183,0.105,1.996,0.2376,0.025,0.002
confused,0.4083,0.6872,0.0152,-15.3462,0.3572,0.0054,0.183
confused,0.3521,0.3377,0.5214,-5.4733,0.1999,0.1042,0.0261
confused,0.4079,0.4574,0.4926,2.4549,0.3043,0.1499,0.0374
confused,0.3486,0.3331,0.3104,1.518,0.1869,0.058,0.0196
confused,0.3388,0.4182,0.4749,-4.1564,0.3676,0.1746,0.0353
confused,0.3744,0.4333,0.4457,-3.5019,0.3569,0.159,0.0332
confused,0.1826,0.397,0.0915,-24.3132,0.2323,0.0213,0.2024
confused,0.3593,0.4701,0.3252,50.5672,0.2896,0.0942,0.4128
confused,0.3047,0.4947,0.0005,0.2082,0.3082,0.0001,0.006
confused,0.2261,0.4396,0.0017,-8.7313,0.2801,0.0005,0.0683
confused,0.2805,0.4747,0.231,-15.8339,0.2324,0.0537,0.139
confused,0.2257,0.4627,0.0451,15.139,0.2691,0.0121,0.1573
confused,0.317,0.4234,0.4354,2.9293,0.2564,0.1116,0.0279
confused,0.4338,0.4536,0.0381,-1.9325,0.254,0.0097,0.012
confused,0.0212,0.432,0.0734,0.1123,0.2641,0.0194,0.0028
confused,0.3173,0.5187,0.0291,-4.2904,0.2461,0.0072,0.0378
confused,0.2501,0.4291,0.0118,-3.495,0.2517,0.003,0.0268
confused,0.4294,0.4436,0.5678,13.9883,0.2371,0.1347,0.1021
confused,0.3882,0.5616,0.0965,6.8808,0.2776,0.0268,0.0504
confused,0.2146,0.4354,0.0189,-4.091,0.2013,0.0038,0.0376
confused,0.4164,0.476,0.007,-6.8968,0.242,0.0017,0.0661
confused,0.3597,0.5242,0.1662,6.2794,0.3273,0.0544,0.0523
confused,0.2902,0.3978,0.3611,-0.3503,0.3223,0.1164,0.0006
confused,0.4387,0.4146,0.5807,4.9311,0.2172,0.1261,0.0417
confused,0.3159,0.3232,0.1723,0.9224,0.2048,0.0353,0.0133
confused,0.4002,0.4907,0.0093,6.4582,0.2428,0.0023,0.0675
confused,0.3291,0.3824,0.8069,-0.205,0.2348,0.1894,0.0047
confused,0.2994,0.442,0.0771,2.7952,0.2778,0.0214,0.0185
confused,0.3017,0.4284,0.0144,-3.6935,0.2357,0.0034,0.0383
confused,0.2241,0.3231,0.0118,36.0638,0.1927,0.0023,0.1938
confused,0.3846,0.2933,0.3055,-12.1533,0.1944,0.0594,0.076
confused,0.3808,0.4031,0.1373,0.6548,0.2237,0.0307,0.0141
confused,0.1552,0.4484,0.089,-5.1486,0.2755,0.0245,0.0423
confused,0.2568,0.4895,0.0222,5.2486,0.2759,0.0061,0.0294
confused,0.4495,0.5521,0.0032,1.6529,0.3125,0.001,0.0247
confused,0.3525,0.4776,0.1921,5.0618,0.3646,0.07,0.0481
confused,0.2944,0.407,0.425,-1.4158,0.3168,0.1346,0.0131
confused,0.1596,0.4128,0.0138,6.2976,0.2058,0.0028,0.0543
confused,0.4656,0.5001,0.0333,15.1237,0.2723,0.0091,0.1325
confused,0.0516,0.5128,0.1119,5.7242,0.3395,0.038,0.0518
confused,0.0681,0.5475,0.002,2.8791,0.2982,0.0006,0.0049
confused,0.2567,0.583,0.5525,-18.143,0.3514,0.1941,0.1924
confused,0.2532,0.5077,0.0123,4.8779,0.3541,0.0043,0.044
confused,0.2423,0.4751,0.1032,1.0256,0.3005,0.031,0.0265
confused,0.3954,0.4361,0.5209,5.469,0.2507,0.1306,0.0459
confused,0.2425,0.3994,0.154,1.706,0.2704,0.0416,0.0139
confused,0.3054,0.5251,0.0087,5.3432,0.2688,0.0023,0.0527
confused,0.5641,0.3312,0.011,-25.4656,0.1002,0.0011,0.1109
confused,0.2201,0.319,0.1182,13.9696,0.1271,0.015,0.0786
confused,0.2722,0.4531,0.2937,-28.5171,0.2681,0.0787,0.235
confused,0.0444,0.4382,0.0171,-4.9867,0.283,0.0048,0.0553
confused,0.1817,0.4499,0.3698,7.7031,0.2702,0.0999,0.0681
confused,0.26,0.5386,0.3377,-1.8207,0.2846,0.0961,0.031
confused,0.3755,0.4084,0.1291,10.2244,0.209,0.027,0.0964
confused,0.2367,0.4081,0.0082,6.6697,0.2615,0.0021,0.0593
confused,0.3448,0.6276,0.0518,2.415,0.286,0.0148,0.0274
confused,0.444,0.4206,0.2435,9.3063,0.345,0.084,0.0734
confused,0.3968,0.3952,0.3977,-11.6681,0.2296,0.0913,0.0967
confused,0.4462,0.564,0.0672,-5.1938,0.3044,0.0205,0.0637
confused,0.3745,0.5135,0.0073,-6.5524,0.2651,0.0019,0.0661
confused,0.4106,0.402,0.1378,-5.2939,0.2208,0.0304,0.0324
confused,0.1699,0.5306,0.0404,4.6236,0.3187,0.0129,0.044
confused,0.2773,0.3485,0.0525,1.1396,0.1842,0.0097,0.0136
confused,0.3473,0.4234,0.7158,-14.7611,0.2266,0.1622,0.1032
confused,0.0622,0.4484,0.0232,14.2775,0.2127,0.0049,0.1183
confused,0.3034,0.4003,0.0443,-1.9539,0.2564,0.0114,0.0138
confused,0.4183,0.3555,0.0518,-3.7069,0.1873,0.0097,0.0159
confused,0.2438,0.3898,0.6556,2.9251,0.2273,0.149,0.0377
confused,0.3778,0.5197,0.0024,-0.9245,0.3166,0.0008,0.0121
confused,0.2841,0.4326,0.0401,-3.7469,0.3116,0.0125,0.0602
confused,0.3441,0.5069,0.0086,-9.9076,0.2574,0.0022,0.0916
confused,0.1337,0.5313,0.0703,36.7488,0.2668,0.0188,0.3346
confused,0.0326,0.434,0.2819,1.036,0.3148,0.0888,0.0039
confused,0.427,0.4445,0.0244,-3.0899,0.2318,0.0057,0.017
confused,0.3688,0.4301,0.052,0.4203,0.2443,0.0127,0.0128
confused,0.2209,0.446,0.0202,-18.1637,0.2547,0.0051,0.1555
confused,0.0485,0.4473,0.1745,0.5885,0.2192,0.0382,0.0193
confused,0.1368,0.411,0.0555,2.2616,0.2272,0.0126,0.0321
confused,0.3153,0.4233,0.4481,-4.6364,0.3004,0.1346,0.0436
confused,0.3267,0.439,0.3718,2.9446,0.257,0.0956,0.0282
confused,0.3188,0.4928,0.7619,-7.2716,0.2507,0.191,0.082
confused,0.0929,0.3906,0.0181,5.784,0.2817,0.0051,0.045
confused,0.3995,0.3428,0.1171,-8.506,0.2066,0.0242,0.0518
confused,0.346,0.4476,0.0327,0.2441,0.2784,0.0091,0.004
confused,0.3826,0.4629,0.0639,10.075,0.2549,0.0163,0.1035
confused,0.2313,0.57,0.0049,3.4299,0.3376,0.0016,0.0164
confused,0.0323,0.4653,0.17,-2.0131,0.2988,0.0508,0.0227
confused,0.1502,0.3122,0.6,2.4941,0.2167,0.13,0.0096
confused,0.3334,0.5489,0.4788,2.9064,0.3793,0.1816,0.0465
confused,0.0226,0.596,0.0252,0.2567,0.3487,0.0088,0.0021
confused,0.2713,0.4557,0.0083,-6.973,0.3013,0.0025,0.0736
confused,0.3287,0.449,0.144,-5.2676,0.2659,0.0383,0.0475
confused,0.3933,0.4058,0.0305,-3.2426,0.1796,0.0055,0.0254
confused,0.3513,0.4836,0.6314,14.1638,0.2785,0.1758,0.1398
confused,0.222,0.5268,0.0048,1.1004,0.2741,0.0013,0.0202
confused,0.3779,0.4394,0.2164,0.256,0.279,0.0604,0.0052
confused,0.3158,0.3713,0.1371,-8.8838,0.2659,0.0365,0.0796
confused,0.3999,0.5035,0.0099,14.0951,0.2581,0.0026,0.1426
confused,0.3978,0.4883,0.0389,-6.5772,0.249,0.0097,0.0686
confused,0.5042,0.5077,0.3351,-10.1002,0.3407,0.1142,0.1013
confused,0.4616,0.497,0.0377,-0.0998,0.2364,0.0089,0.0132
confused,0.3192,0.4004,0.3302,-13.0045,0.2106,0.0695,0.0984
confused,0.4129,0.3837,0.4471,3.6751,0.1953,0.0873,0.025
confused,0.1201,0.489,0.0348,10.0955,0.2227,0.0077,0.1126
confused,0.5034,0.3661,0.1394,20.8523,0.0997,0.0139,0.0901
confused,0.3041,0.4434,0.191,-16.0056,0.1976,0.0377,0.1299
confused,0.2744,0.4979,0.161,0.8287,0.2469,0.0398,0.0167
confused,0.1466,0.357,0.2497,-1.0879,0.2967,0.0741,0.0025
confused,0.3451,0.5446,0.0718,0.1224,0.3201,0.023,0.0011
confused,0.6069,0.368,0.274,-9.7062,0.1339,0.0367,0.0639
confused,0.3125,0.4067,0.0091,3.2063,0.2935,0.0027,0.0137
confused,0.3913,0.577,0.3035,6.9381,0.3418,0.1038,0.0496
confused,0.3088,0.4081,0.2396,-4.9138,0.2434,0.0583,0.0444
confused,0.3304,0.3864,0.7042,-0.0351,0.2773,0.1953,0.0082
confused,0.3354,0.4507,0.2149,-5.1068,0.2143,0.046,0.0565
confused,0.3541,0.4205,0.3238,-17.4471,0.2475,0.0802,0.1503
confused,0.4012,0.6551,0.0601,7.4634,0.2772,0.0167,0.1083
confused,0.2333,0.5387,0.003,-9.8529,0.2811,0.0008,0.0832
confused,0.2937,0.5032,0.061,-11.7794,0.248,0.0151,0.1032
confused,0.4066,0.4214,0.0299,-2.4774,0.296,0.0088,0.0252
confused,0.4633,0.4602,0.2181,0.9821,0.2189,0.0477,0.0002
confused,0.3239,0.5188,0.0492,-0.2607,0.2663,0.0131,0.0228
confused,0.4062,0.4903,0.4678,0.5513,0.2994,0.1401,0.0152
confused,0.2787,0.4304,0.2657,2.9551,0.2692,0.0715,0.0274
confused,0.4237,0.402,0.0975,5.6486,0.2551,0.0249,0.0447
confused,0.261,0.3656,0.1167,2.4631,0.2059,0.024,0.0133
confused,0.4149,0.5113,0.5405,-2.684,0.3414,0.1846,0.017
confused,0.3556,0.7226,0.024,3.2652,0.3205,0.0077,0.0701
confused,0.3804,0.468,0.3489,0.6946,0.3269,0.1141,0.0008
confused,0.3251,0.5238,0.0034,-11.3726,0.2552,0.0009,0.1276
confused,0.4039,0.4532,0.2329,-1.9775,0.3074,0.0716,0.0217
confused,0.0865,0.4275,0.6626,11.7753,0.3349,0.2219,0.1169
confused,0.1659,0.4604,0.1545,9.4976,0.1849,0.0286,0.0784
confused,0.2284,0.4536,0.0171,5.6036,0.1781,0.003,0.0409
confused,0.2799,0.5687,0.0271,26.6638,0.2639,0.0072,0.2954
confused,0.0391,0.4466,0.037,-13.6367,0.2526,0.0094,0.1128
confused,0.0314,0.5129,0.2391,-21.3038,0.3364,0.0804,0.2517
confused,0.0715,0.6017,0.0153,-0.8986,0.3,0.0046,0.0173
confused,0.3941,0.4284,0.3108,7.8951,0.2562,0.0796,0.0541
confused,0.3524,0.4548,0.0235,-0.0098,0.2475,0.0058,0.0147
confused,0.2513,0.5266,0.0334,-17.099,0.2847,0.0095,0.1489
confused,0.3638,0.4424,0.0134,6.5622,0.2564,0.0034,0.0589
confused,0.3942,0.3382,0.0221,-34.3512,0.1598,0.0035,0.167
confused,0.406,0.3702,0.229,-3.468,0.194,0.0444,0.0192
confused,0.4537,0.4245,0.073,-0.6519,0.3055,0.0223,0.0072
confused,0.0777,0.466,0.3345,1.8161,0.376,0.1258,0.0355
confused,0.0705,0.3349,0.0303,-6.2154,0.196,0.0059,0.0462
confused,0.357,0.4465,0.2683,0.7623,0.3394,0.0911,0.0066
confused,0.3829,0.4106,0.0336,-0.3737,0.301,0.0101,0.0067
confused,0.3734,0.4124,0.2775,-3.5823,0.2816,0.0781,0.0302
confused,0.307,0.2774,0.1186,-4.8422,0.2128,0.0252,0.0237
confused,0.3288,0.3171,0.1133,-0.5604,0.1985,0.0225,0.023
confused,0.2448,0.5631,0.2243,5.46,0.3626,0.0813,0.0596
confused,0.411,0.3862,0.3394,2.9786,0.2242,0.0761,0.0134
confused,0.1213,0.3414,0.4003,-10.0149,0.3725,0.1491,0.0882
confused,0.224,0.5374,0.0172,-8.0199,0.318,0.0055,0.0724
confused,0.2832,0.3189,0.0757,3.2257,0.1425,0.0108,0.0005
confused,0.2528,0.4346,0.2805,0.6126,0.3076,0.0863,0.0067
confused,0.3068,0.4551,0.4221,-13.7126,0.3529,0.149,0.1611
confused,0.2548,0.4981,0.0761,5.4066,0.2782,0.0212,0.0456
confused,0.0697,0.4183,0.0038,7.3856,0.2427,0.0009,0.0665
confused,0.1327,0.4821,0.0669,-3.2846,0.3651,0.0244,0.0155
confused,0.3638,0.417,0.0776,-1.6604,0.2636,0.0205,0.0118
confused,0.4009,0.3438,0.5906,19.4317,0.2119,0.1251,0.1274
confused,0.3753,0.4873,0.2441,-14.2523,0.2857,0.0697,0.1503
confused,0.3354,0.4137,0.0659,-18.8767,0.2372,0.0156,0.1467
confused,0.4149,0.5534,0.358,3.4325,0.3793,0.1358,0.0489
confused,0.1707,0.4302,0.0047,-7.6872,0.2919,0.0014,0.0465
confused,0.4376,0.4582,0.022,-5.452,0.2658,0.0059,0.0695
confused,0.3482,0.5451,0.0069,0.6629,0.2955,0.002,0.0094
confused,0.3264,0.4201,0.2768,-4.0513,0.2392,0.0662,0.025
confused,0.3039,0.4578,0.1289,-7.207,0.3591,0.0463,0.0591
confused,0.0909,0.4716,0.2568,-7.4711,0.3643,0.0936,0.0686
confused,0.272,0.3368,0.007,-30.6284,0.1689,0.0012,0.2006
confused,0.305,0.5096,0.059,1.0072,0.3059,0.0181,0.0197
confused,0.1982,0.3117,0.3455,-5.8412,0.3524,0.1218,0.046
confused,0.3789,0.4221,0.0066,-5.9812,0.2085,0.0014,0.0367
confused,0.2409,0.3868,0.2611,51.2678,0.2688,0.0702,0.4124
confused,0.4182,0.4247,0.1381,-2.558,0.2104,0.0291,0.0275
confused,0.3183,0.4584,0.5337,-7.2982,0.2492,0.133,0.0668
confused,0.3011,0.4359,0.1451,4.3101,0.3058,0.0444,0.0457
confused,0.3851,0.4459,0.2109,-1.8338,0.277,0.0584,0.0047
confused,0.3016,0.5282,0.0559,-18.992,0.2019,0.0113,0.1744
confused,0.3192,0.4383,0.0613,-8.2582,0.2909,0.0178,0.0812
confused,0.2572,0.3961,0.591,-3.5283,0.267,0.1578,0.0353
confused,0.0757,0.5345,0.3501,3.5885,0.3328,0.1165,0.0496
confused,0.3484,0.3533,0.0325,-0.2475,0.2038,0.0066,0.004
confused,0.4119,0.4826,0.3152,-0.7911,0.2775,0.0875,0.0089
confused,0.4219,0.43,0.0292,-6.2876,0.2506,0.0073,0.0665
confused,0.2407,0.458,0.3973,6.743,0.2584,0.1027,0.0855
confused,0.0902,0.307,0.0146,-20.8221,0.1848,0.0027,0.1057
confused,0.4061,0.4136,0.396,-0.7537,0.2435,0.0965,0.0021
confused,0.3757,0.3953,0.0569,-4.392,0.2454,0.014,0.0321
confused,0.3627,0.3952,0.2599,-5.0449,0.2765,0.0719,0.0535
confused,0.3963,0.4539,0.0621,11.5352,0.2377,0.0148,0.0936
confused,0.3591,0.3303,0.2367,25.7438,0.1226,0.029,0.1372
confused,0.4164,0.4577,0.1762,-0.2944,0.2592,0.0457,0.0164
confused,0.3456,0.4571,0.004,-2.8462,0.3102,0.0012,0.0327
confused,0.3158,0.2843,0.3182,0.0543,0.244,0.0777,0.0113
confused,0.3399,0.3897,0.1793,6.6735,0.2058,0.0369,0.057
confused,0.3595,0.499,0.0009,4.4262,0.2639,0.0002,0.055
confused,0.2992,0.5722,0.1001,16.0531,0.3386,0.0339,0.1855
confused,0.4008,0.445,0.1409,-4.1389,0.2314,0.0326,0.0331
confused,0.3767,0.5289,0.2403,0.009,0.2771,0.0666,0.0175
confused,0.3532,0.4821,0.0201,-1.1583,0.3052,0.0061,0.0214
confused,0.3993,0.5712,0.6756,-0.6213,0.3042,0.2055,0.0011
confused,0.2588,0.3935,0.184,19.1318,0.2269,0.0417,0.1557
confused,0.3306,0.5217,0.2166,-14.2949,0.2253,0.0488,0.1567
confused,0.4481,0.5725,0.0321,23.5836,0.3318,0.0106,0.2285
confused,0.3734,0.5467,0.2791,-6.5223,0.3321,0.0927,0.0768
confused,0.3296,0.2673,0.2892,8.5332,0.1398,0.0404,0.0463
confused,0.2883,0.4321,0.0425,-0.2217,0.2481,0.0105,0.0007
confused,0.3061,0.4615,0.0207,-5.6269,0.2497,0.0052,0.0663
confused,0.3602,0.3586,0.7727,-6.3473,0.2802,0.2165,0.043
confused,0.3986,0.6235,0.005,0.4361,0.3212,0.0016,0.0274
confused,0.4459,0.5954,0.0918,7.2603,0.2863,0.0263,0.0591
confused,0.4551,0.5006,0.01,-0.3894,0.2396,0.0024,0.006
confused,0.3693,0.5272,0.1334,-0.1956,0.2782,0.0371,0.0054
confused,0.3649,0.4943,0.2359,3.0376,0.2431,0.0573,0.02
confused,0.3864,0.4367,0.382,0.6701,0.3342,0.1277,0.0081
confused,0.4585,0.5217,0.0184,-5.8289,0.3208,0.0059,0.0536
confused,0.1874,0.3717,0.0246,-2.3326,0.1963,0.0048,0.0151
confused,0.4183,0.3792,0.4845,3.0731,0.245,0.1187,0.0314
confused,0.3839,0.4876,0.4512,2.5714,0.2822,0.1273,0.0387
confused,0.2475,0.4815,0.2364,-12.7583,0.2986,0.0706,0.1278
confused,0.3757,0.3953,0.0569,-4.392,0.2454,0.014,0.0321
confused,0.2989,0.2792,0.2675,-3.5329,0.1858,0.0497,0.0137
confused,0.3437,0.5755,0.0177,15.4184,0.2451,0.0043,0.1586
confused,0.468,0.495,0.0107,-1.8663,0.238,0.0025,0.0104
confused,0.4168,0.462,0.1288,5.6085,0.2487,0.032,0.0452
confused,0.291,0.3297,0.6497,-15.6889,0.2265,0.1471,0.1206
confused,0.408,0.4116,0.036,-1.8392,0.2284,0.0082,0.0193
confused,0.37,0.4405,0.6361,-0.6911,0.2401,0.1528,0.0005
confused,0.1793,0.4925,0.0038,-2.4585,0.2753,0.0011,0.0128
confused,0.3022,0.4511,0.2799,-30.9991,0.1297,0.0363,0.1977
confused,0.2596,0.602,0.0372,-22.5113,0.2874,0.0107,0.2455
confused,0.1974,0.4209,0.1091,-11.6503,0.2935,0.032,0.0977
confused,0.2092,0.4385,0.0129,-10.7829,0.2101,0.0027,0.0877
confused,0.2846,0.3594,0.0717,10.9438,0.1676,0.012,0.0428
confused,0.4299,0.4122,0.0915,-1.3194,0.2144,0.0196,0.046
confused,0.4335,0.4475,0.2656,8.1612,0.2556,0.0679,0.0777
confused,0.0877,0.3751,0.0846,-8.2459,0.2252,0.0191,0.0844
confused,0.3306,0.6618,0.0055,-0.4198,0.368,0.002,0.0137
confused,0.2703,0.4967,0.3115,11.6119,0.4258,0.1326,0.1111
confused,0.3401,0.4214,0.7854,18.6625,0.3045,0.2391,0.1458
confused,0.059,0.3,0.952,-23.0336,0.2312,0.2201,0.1486
confused,0.3166,0.4648,0.022,0.1239,0.2662,0.0058,0.0094
confused,0.493,0.501,0.0313,-4.657,0.2532,0.0079,0.0332
confused,0.4225,0.346,0.0289,-13.3635,0.2182,0.0063,0.097
confused,0.3696,0.462,0.2501,-2.4529,0.2123,0.0531,0.0238
confused,0.4713,0.6389,0.1721,-1.3941,0.3034,0.0522,0.0068
confused,0.4676,0.3778,0.3538,12.5251,0.242,0.0856,0.0825
confused,0.1812,0.3732,0.4955,-0.1797,0.2897,0.1435,0.0041
confused,0.2402,0.1193,0.0693,25.9885,0.0763,0.0053,0.0499
confused,0.3482,0.5267,0.1037,0.7956,0.2809,0.0291,0.0058
confused,0.3227,0.4483,0.2021,-4.9449,0.2838,0.0573,0.0563
confused,0.252,0.4795,0.194,0.1033,0.3083,0.0598,0.0136
confused,0.3495,0.4539,0.0237,-0.3357,0.2512,0.0059,0.0155
confused,0.1592,0.5274,0.0402,4.6428,0.2733,0.011,0.0411
confused,0.4832,0.4786,0.1395,-9.2314,0.2128,0.0297,0.0719
confused,0.3416,0.4502,0.3989,1.8451,0.3133,0.125,0.0037
confused,0.4407,0.3449,0.2676,2.0904,0.1595,0.0427,0.0061
confused,0.3897,0.4813,0.2463,-0.6013,0.2603,0.0641,0.0141
confused,0.3761,0.407,0.0301,-5.7189,0.2383,0.0072,0.0405
confused,0.3082,0.4358,0.0853,4.163,0.2534,0.0216,0.031
confused,0.3583,0.377,0.1156,-5.9452,0.279,0.0323,0.0488
confused,0.4143,0.4975,0.0284,-5.3967,0.2505,0.0071,0.0542
confused,0.4164,0.4767,0.4968,14.3506,0.3124,0.1552,0.1287
confused,0.0573,0.4086,0.2024,0.0388,0.3947,0.0799,0.0066
confused,0.1243,0.4981,0.0112,2.4962,0.3297,0.0037,0.0285
confused,0.3735,0.4827,0.0529,-0.1601,0.2214,0.0117,0.006
confused,0.4618,0.3957,0.3085,9.5947,0.2073,0.064,0.0888
confused,0.3647,0.4271,0.1082,-4.0663,0.2625,0.0284,0.0465
confused,0.0541,0.4752,0.1499,0.8397,0.2351,0.0352,0.0152
confused,0.3568,0.5052,0.0153,-1.4894,0.2804,0.0043,0.0015
confused,0.4762,0.3758,0.3203,4.8227,0.1382,0.0443,0.04
confused,0.3578,0.2821,0.3831,7.3186,0.255,0.0977,0.051
confused,0.2163,0.5804,0.0083,-6.6895,0.3175,0.0026,0.0482
confused,0.4321,0.4996,0.127,19.5336,0.2731,0.0347,0.1752
confused,0.1266,0.5399,0.0636,10.6993,0.325,0.0207,0.1338
confused,0.4067,0.5511,0.5322,-4.8165,0.2279,0.1213,0.048
confused,0.2584,0.2806,0.2088,16.6415,0.1828,0.0382,0.093
confused,0.2796,0.4737,0.018,3.8012,0.3016,0.0054,0.0388
confused,0.4003,0.3832,0.0321,3.1465,0.1939,0.0062,0.0259
confused,0.3679,0.4825,0.3081,5.2589,0.3102,0.0956,0.07
confused,0.3651,0.425,0.0245,-7.1371,0.2799,0.0069,0.083
confused,0.2892,0.5063,0.017,-5.9314,0.3163,0.0054,0.0474
confused,0.0832,0.3498,0.2652,-7.3713,0.3402,0.0902,0.0622
confused,0.3605,0.4402,0.6579,0.8904,0.251,0.1651,0.0186
confused,0.301,0.4526,0.0057,4.1509,0.246,0.0014,0.0336
confused,0.0222,0.4514,0.021,1.2668,0.2938,0.0062,0.0165
confused,0.4513,0.5247,0.2161,1.9882,0.2151,0.0465,0.0027
confused,0.3046,0.3102,0.1755,-11.055,0.2208,0.0388,0.0782
confused,0.3026,0.4557,0.0076,2.8525,0.3242,0.0025,0.0181
confused,0.2415,0.2296,0.0179,2.7532,0.1448,0.0026,0.0172
confused,0.3625,0.5261,0.0092,3.0246,0.2518,0.0023,0.0212
confused,0.0512,0.4044,0.8113,6.4622,0.2551,0.2069,0.0636
confused,0.1682,0.4452,0.0732,-3.9817,0.2709,0.0198,0.015
confused,0.4512,0.5209,0.0139,-2.7872,0.2393,0.0033,0.021
confused,0.3763,0.4519,0.3535,3.787,0.2423,0.0857,0.0338
confused,0.3305,0.4952,0.0997,-19.904,0.2569,0.0256,0.17
confused,0.3346,0.4674,0.32,-19.3658,0.3647,0.1167,0.2085
confused,0.0538,0.5268,0.0338,-5.2942,0.2972,0.01,0.0523
confused,0.3281,0.3586,0.3151,-10.6956,0.1301,0.041,0.0617
confused,0.3458,0.5809,0.0561,6.3901,0.3161,0.0177,0.0638
confused,0.4618,0.4246,0.0704,-7.4171,0.2354,0.0166,0.058
confused,0.3583,0.4229,0.5882,-0.4151,0.3191,0.1877,0.003
confused,0.381,0.4799,0.3868,-0.7707,0.3405,0.1317,0.0163
confused,0.1289,0.4118,0.7815,-14.7284,0.2809,0.2195,0.1457
confused,0.4523,0.4895,0.0934,0.5575,0.2363,0.0221,0.0014
confused,0.4468,0.4331,0.0244,-3.7972,0.2197,0.0054,0.0229
confused,0.3933,0.3289,0.1829,-5.3371,0.1669,0.0305,0.0434
confused,0.4446,0.5265,0.3481,-5.2307,0.2529,0.088,0.0528
confused,0.3268,0.596,0.0077,1.5736,0.2614,0.002,0.0161
confused,0.3391,0.3003,0.0818,-7.5761,0.1489,0.0122,0.0463
confused,0.3804,0.5535,0.1231,2.3522,0.2677,0.0329,0.0226
confused,0.2209,0.4169,0.4884,-4.3464,0.2796,0.1366,0.0247
confused,0.3432,0.3461,0.0975,0.4028,0.1706,0.0166,0.0088
confused,0.448,0.3879,0.0746,-0.7626,0.2763,0.0206,0.0076
confused,0.423,0.3099,1.0939,-1.7998,0.12,0.1312,0.0227
confused,0.06,0.5877,0.0186,2.4148,0.2851,0.0053,0.0103
confused,0.399,0.4364,0.0426,13.0842,0.2028,0.0086,0.0975
confused,0.4401,0.4755,0.186,-1.1083,0.3075,0.0572,0.0035
confused,0.3755,0.4222,0.0284,0.5989,0.1877,0.0053,0.0037
confused,0.0802,0.3661,0.0955,6.0708,0.2501,0.0239,0.0346
confused,0.3627,0.3365,0.6042,9.2366,0.2227,0.1346,0.081
confused,0.0745,0.4342,0.2595,-10.9792,0.344,0.0893,0.0897
confused,0.4499,0.5085,0.5023,-4.431,0.2596,0.1304,0.0374
confused,0.374,0.6014,0.1223,-12.0312,0.3356,0.0411,0.1353
confused,0.3823,0.397,0.7712,-7.2551,0.2,0.1542,0.0743
confused,0.221,0.435,0.45,0.2511,0.3353,0.1509,0.0113
confused,0.0594,0.5939,0.0128,6.376,0.3068,0.0039,0.0731
confused,0.4709,0.4266,0.0835,0.4538,0.2155,0.018,0.0027
confused,0.2831,0.4339,0.1336,1.6579,0.2656,0.0355,0.0241
confused,0.3516,0.5323,0.0579,-16.4202,0.2872,0.0166,0.1632
confused,0.3134,0.3379,0.4243,-23.6002,0.1781,0.0755,0.1543
confused,0.329,0.4255,0.468,15.0735,0.2469,0.1156,0.1257
confused,0.432,0.3977,0.109,7.0467,0.231,0.0252,0.0624
confused,0.2945,0.4562,0.0297,0.551,0.2263,0.0067,0.0046
confused,0.0609,0.4319,0.4193,-2.077,0.3129,0.1312,0.0354
confused,0.0576,0.523,0.0108,1.2784,0.3053,0.0033,0.0233
confused,0.3651,0.5022,0.4411,-10.2682,0.2575,0.1136,0.1023
confused,0.4027,0.3977,0.5162,0.3227,0.2032,0.1049,0.0053
confused,0.3439,0.5391,0.0396,1.4742,0.2965,0.0117,0.0254
confused,0.4255,0.4969,0.4121,-9.0334,0.2252,0.0928,0.0309
confused,0.3132,0.3863,0.1328,-19.4699,0.1909,0.0254,0.12
confused,0.3947,0.5474,0.0155,-2.1914,0.3666,0.0057,0.028
confused,0.2796,0.4277,0.7306,2.3056,0.266,0.1944,0.0206
confused,0.4652,0.528,0.0149,0.9365,0.2237,0.0033,0.0192
confused,0.468,0.495,0.0107,-1.8663,0.238,0.0025,0.0104
confused,0.3615,0.4119,0.0076,4.3277,0.2611,0.002,0.0377
confused,0.3305,0.5103,0.6786,-4.3832,0.2795,0.1896,0.0266
confused,0.4151,0.4531,0.0511,16.2189,0.2332,0.0119,0.1458
confused,0.3113,0.4524,0.0062,2.0576,0.2227,0.0014,0.0243
confused,0.3221,0.3909,0.8417,-0.1519,0.2248,0.1892,0.0044
confused,0.4059,0.5222,0.0116,-13.046,0.2693,0.0031,0.1171
confused,0.3357,0.3998,0.6946,-14.4105,0.2867,0.1992,0.1385
confused,0.2359,0.4731,0.0183,21.6311,0.2099,0.0038,0.1662
confused,0.0682,0.4773,0.3734,-7.3741,0.3007,0.1123,0.0872
confused,0.3925,0.5239,0.0239,-1.6252,0.2751,0.0066,0.0155
confused,0.4399,0.397,0.3775,-7.669,0.2372,0.0896,0.0753
confused,0.4367,0.4525,0.425,-0.8418,0.1554,0.066,0.0063
confused,0.3779,0.4997,0.5983,-2.007,0.2713,0.1623,0.0213
confused,0.3428,0.5137,0.0016,3.6832,0.3153,0.0005,0.0312
confused,0.401,0.317,0.4216,20.1438,0.165,0.0696,0.1112
confused,0.4376,0.5684,0.5388,-4.4911,0.2943,0.1586,0.0573
confused,0.2252,0.4764,0.0172,-33.0115,0.279,0.0048,0.2793
confused,0.4429,0.4192,0.0153,-11.1641,0.2253,0.0034,0.0908
confused,0.3243,0.487,0.4253,14.8694,0.3398,0.1445,0.1228
confused,0.3612,0.4789,0.0058,4.6983,0.3687,0.0022,0.0563
confused,0.3901,0.6438,0.0249,-1.5181,0.2901,0.0072,0.0367
confused,0.3761,0.3296,0.0128,-29.881,0.1835,0.0024,0.17
confused,0.1947,0.6673,0.0629,-1.1453,0.3092,0.0194,0.0034
confused,0.3996,0.4173,0.0385,-2.2122,0.1524,0.0059,0.0192
confused,0.4092,0.3603,0.0422,-12.9589,0.1878,0.0079,0.0883
confused,0.3766,0.4814,0.0198,-6.3502,0.1733,0.0034,0.0595
confused,0.1813,0.4134,0.066,-4.331,0.2549,0.0168,0.0447
confused,0.5387,0.5668,0.3029,1.1893,0.2911,0.0882,0.0115
confused,0.336,0.3622,0.1865,-4.7052,0.254,0.0474,0.0371
confused,0.3372,0.5342,0.0133,29.5362,0.3186,0.0042,0.299
confused,0.4781,0.4644,0.3237,1.0659,0.2457,0.0795,0.0001
confused,0.1957,0.345,0.2013,7.5972,0.182,0.0366,0.0573
confused,0.2729,0.3827,0.0102,2.4427,0.2646,0.0027,0.0226
confused,0.3283,0.4342,0.026,1.5116,0.2223,0.0058,0.0035
confused,0.3611,0.4806,0.0118,-34.1287,0.2248,0.0027,0.2382
confused,0.0328,0.4369,0.163,-5.2302,0.2676,0.0436,0.0377
confused,0.2403,0.5148,0.032,-3.0171,0.2676,0.0086,0.0131
confused,0.0687,0.4309,0.035,-2.0057,0.2312,0.0081,0.0269
confused,0.3522,0.3628,0.2389,9.1636,0.2041,0.0488,0.0515
confused,0.37,0.4172,0.0576,22.7659,0.2697,0.0155,0.189
confused,0.4567,0.495,0.2294,-5.4017,0.2707,0.0621,0.0474
confused,0.1051,0.5171,0.135,34.9233,0.2297,0.031,0.3149
confused,0.3296,0.5951,0.1062,0.5314,0.3451,0.0366,0.0022
confused,0.0229,0.4716,0.2637,2.0431,0.4038,0.1065,0.0166
confused,0.2381,0.5198,0.0066,-6.2523,0.2913,0.0019,0.0604
confused,0.4172,0.447,0.2085,-2.4361,0.2366,0.0493,0.0151
confused,0.3048,0.4155,0.6611,2.8946,0.2866,0.1895,0.0271
confused,0.0444,0.4382,0.0171,-4.9867,0.283,0.0048,0.0553
confused,0.3189,0.4445,0.0162,-3.2116,0.289,0.0047,0.0333
confused,0.4513,0.4909,0.0984,1.0179,0.2308,0.0227,0.0022
confused,0.3416,0.4878,0.0271,-6.7552,0.2652,0.0072,0.0282
confused,0.3624,0.4475,0.3292,-38.1664,0.2862,0.0942,0.3423
confused,0.3703,0.3528,0.0117,8.8995,0.1503,0.0018,0.068
confused,0.4207,0.4753,0.3349,-2.6595,0.2038,0.0683,0.0041
confused,0.3343,0.6683,0.0204,22.2085,0.3843,0.0078,0.2538
confused,0.3544,0.455,0.5613,-14.3211,0.3228,0.1812,0.1505
confused,0.3282,0.4229,0.5534,5.9888,0.2617,0.1449,0.0435
confused,0.2913,0.3605,0.5138,-3.8114,0.2421,0.1244,0.021
confused,0.3713,0.4248,0.3629,-3.0741,0.1667,0.0605,0.024
confused,0.3371,0.5111,0.4331,-5.281,0.3291,0.1425,0.0531
confused,0.3611,0.4076,0.0251,-3.4086,0.2398,0.006,0.0192
confused,0.1367,0.3877,0.6231,-1.8681,0.2877,0.1793,0.0224
confused,0.4449,0.4982,0.0567,-1.5261,0.296,0.0168,0.0411
confused,0.4028,0.4313,0.5105,0.3474,0.284,0.145,0.0134
confused,0.1534,0.4409,0.0108,-6.3462,0.2778,0.003,0.0445
confused,0.3291,0.4391,0.0923,3.8073,0.2511,0.0232,0.0234
confused,0.2305,0.4545,0.0436,-7.1211,0.1885,0.0082,0.0405
confused,0.4232,0.4101,0.0288,-1.2961,0.2855,0.0082,0.0164
confused,0.3457,0.479,0.1415,-0.1416,0.2882,0.0408,0.0049
confused,0.2087,0.3874,0.0233,-6.181,0.217,0.0051,0.0486
confused,0.4298,0.4347,0.5338,-0.3045,0.2398,0.128,0.0003
confused,0.3688,0.4776,0.1876,-1.0388,0.2605,0.0489,0.0172
confused,0.3566,0.4893,0.0484,0.2788,0.2895,0.014,0.0171
confused,0.4681,0.3926,0.8633,-9.1924,0.1835,0.1584,0.0649
confused,0.3613,0.3903,0.2287,7.8378,0.2194,0.0502,0.073
confused,0.4197,0.5248,0.0268,-3.5208,0.2137,0.0057,0.0368
confused,0.2208,0.2118,0.4007,8.7564,0.0948,0.038,0.0334
confused,0.3511,0.3911,0.3044,1.1617,0.2299,0.07,0.0143
confused,0.1894,0.3659,0.0163,-1.8645,0.2499,0.0041,0.0166
confused,0.3338,0.4237,0.3178,-3.0274,0.2193,0.0697,0.0401
confused,0.3572,0.3925,0.055,22.3785,0.1283,0.0071,0.1343
confused,0.0323,0.4868,0.3739,0.518,0.3689,0.1379,0.0071
focused,0.1837,0.3942,0.329,16.1546,0.3232,0.1063,0.1197
focused,0.213,0.3649,0.2522,5.4034,0.2588,0.0653,0.0467
focused,0.3802,0.4309,0.251,-13.6746,0.3387,0.085,0.0866
focused,0.2633,0.3804,0.434,8.7043,0.2925,0.1269,0.0686
focused,0.2495,0.3793,0.2657,16.4427,0.2852,0.0758,0.1072
focused,0.3307,0.5241,0.3277,-9.2979,0.3701,0.1213,0.0879
focused,0.1726,0.4335,0.2941,-1.7853,0.3312,0.0974,0.0151
focused,0.3918,0.399,0.8326,13.3203,0.2461,0.2049,0.138
focused,0.4323,0.5278,0.0838,-1.392,0.3154,0.0264,0.0211
focused,0.247,0.3821,0.0392,-5.4585,0.2271,0.0089,0.0465
focused,0.2536,0.3839,0.0175,-1.7105,0.2513,0.0044,0.0041
focused,0.2659,0.4923,0.0662,-19.0198,0.3609,0.0239,0.1399
focused,0.3486,0.3852,0.1516,-0.9038,0.2948,0.0447,0.0024
focused,0.3293,0.622,0.0084,10.9911,0.3481,0.0029,0.1474
focused,0.2662,0.4548,0.27,-7.6552,0.3347,0.0903,0.0773
focused,0.3489,0.6238,0.2645,-3.0593,0.4105,0.1086,0.0431
focused,0.338,0.4499,0.0174,9.7469,0.2152,0.0037,0.0789
focused,0.5347,0.3819,0.4463,12.6218,0.1883,0.084,0.0486
focused,0.2518,0.421,0.1879,1.5882,0.3402,0.0639,0.0076
focused,0.3723,0.4768,0.0177,-26.6733,0.211,0.0037,0.2118
focused,0.1105,0.372,0.1351,-2.6227,0.2618,0.0354,0.0179
focused,0.3784,0.4961,0.1449,-20.3548,0.3233,0.0468,0.1648
focused,0.2987,0.3303,0.0491,-6.7724,0.2531,0.0124,0.0433
focused,0.3673,0.4539,0.205,-6.1035,0.3773,0.0773,0.049
focused,0.285,0.4344,0.1371,-13.7495,0.3896,0.0534,0.1166
focused,0.3948,0.3914,0.5231,-13.2505,0.2381,0.1245,0.103
focused,0.1352,0.3401,0.1936,8.0072,0.3045,0.059,0.0591
focused,0.2895,0.6155,0.2967,-9.9846,0.444,0.1317,0.0882
focused,0.4491,0.4199,0.2338,-7.6351,0.2295,0.0537,0.0722
focused,0.3128,0.4461,0.1541,8.57,0.3975,0.0613,0.0733
focused,0.2913,0.3605,0.0487,-5.3497,0.2257,0.011,0.0468
focused,0.124,0.3063,0.0289,-8.8678,0.2366,0.0068,0.0603
focused,0.1994,0.343,0.3079,-10.6909,0.2859,0.088,0.0809
focused,0.4055,0.4692,0.0063,-6.6945,0.3507,0.0022,0.0906
focused,0.3683,0.6102,0.014,18.7237,0.3337,0.0047,0.202
focused,0.2673,0.4146,0.1889,2.2393,0.2876,0.0543,0.0278
focused,0.4029,0.5389,0.155,3.1525,0.3315,0.0514,0.0373
focused,0.3193,0.3671,0.4597,0.9885,0.2239,0.1029,0.0073
focused,0.2536,0.3341,0.3661,23.7264,0.2443,0.0894,0.1404
focused,0.292,0.4741,0.0045,3.8926,0.3372,0.0015,0.0313
focused,0.0655,0.4576,0.112,-10.4082,0.4519,0.0506,0.09
focused,0.2915,0.4198,0.003,-22.7921,0.2824,0.0008,0.1697
focused,0.2982,0.4734,0.1967,4.3656,0.3069,0.0604,0.0376
focused,0.1646,0.31,0.2927,-11.6796,0.2256,0.066,0.0718
focused,0.235,0.4674,0.1409,3.7077,0.3813,0.0537,0.04
focused,0.2148,0.5452,0.2176,-9.7631,0.3565,0.0776,0.1141
focused,0.2279,0.4786,0.2539,1.6341,0.3526,0.0895,0.0215
focused,0.5223,0.4029,0.4613,12.2646,0.2046,0.0944,0.0504
focused,0.3933,0.6154,0.1514,-19.5745,0.4285,0.0649,0.1973
focused,0.3208,0.5305,0.2121,-41.9925,0.3952,0.0838,0.4104
focused,0.343,0.5896,0.1253,31.8663,0.4419,0.0554,0.3365
focused,0.3511,0.4278,0.1205,-4.0114,0.3342,0.0403,0.0247
focused,0.0257,0.4034,0.0609,-52.045,0.2031,0.0124,0.3073
focused,0.4352,0.5239,0.0369,-11.7462,0.2863,0.0106,0.1123
focused,0.0911,0.581,0.0196,18.1157,0.4306,0.0084,0.24
focused,0.2547,0.444,0.3881,2.9702,0.3578,0.1389,0.0247
focused,0.12,0.3483,0.4561,-20.9063,0.3298,0.1504,0.1696
focused,0.0981,0.3405,0.1999,1.7768,0.274,0.0548,0.0105
focused,0.3497,0.4181,0.45,3.3751,0.2558,0.1151,0.0231
focused,0.291,0.4186,0.3207,-0.6816,0.369,0.1183,0.0123
focused,0.3017,0.3771,0.2035,8.7572,0.2769,0.0563,0.0682
focused,0.1086,0.4167,0.234,8.0163,0.324,0.0758,0.0631
focused,0.3779,0.3434,0.1338,0.9749,0.2708,0.0362,0.0024
focused,0.2245,0.3638,0.6538,-2.5692,0.2857,0.1868,0.0041
focused,0.38,0.4865,0.0448,7.7122,0.3221,0.0144,0.0592
focused,0.1904,0.4604,0.1621,-7.2138,0.3355,0.0544,0.055
focused,0.0279,0.3617,0.2626,-16.4982,0.3745,0.0983,0.1375
focused,0.1419,0.3665,0.1514,-10.5618,0.3485,0.0528,0.0878
focused,0.2242,0.4085,0.2675,-1.1784,0.3524,0.0942,0.0037
focused,0.3226,0.4636,0.2907,5.7537,0.312,0.0907,0.0409
focused,0.2229,0.5841,0.0873,21.8744,0.4128,0.036,0.2474
focused,0.0695,0.5245,0.1719,3.0116,0.3879,0.0667,0.0217
focused,0.3459,0.3098,0.2167,-0.6783,0.22,0.0477,0.0039
focused,0.2798,0.4615,0.2486,-14.8793,0.3365,0.0836,0.1215
focused,0.1873,0.4028,0.2873,14.4021,0.3816,0.1096,0.1157
focused,0.2602,0.308,0.2224,-22.8505,0.2372,0.0528,0.1246
focused,0.1165,0.3898,0.2273,-5.7195,0.335,0.0761,0.049
focused,0.4104,0.3354,0.3015,16.3886,0.2298,0.0693,0.0939
focused,0.2255,0.4477,0.2474,-2.2225,0.389,0.0962,0.0233
focused,0.2842,0.4392,0.1647,-40.0581,0.3972,0.0654,0.3118
focused,0.3527,0.5465,0.2186,1.0892,0.3318,0.0725,0.0066
focused,0.1806,0.518,0.2127,-11.9455,0.4577,0.0973,0.1063
focused,0.3819,0.4821,0.2288,13.8829,0.3421,0.0783,0.113
focused,0.4254,0.5748,0.3517,2.4879,0.3213,0.113,0.0515
focused,0.3286,0.528,0.1976,-8.3837,0.3105,0.0614,0.088
focused,0.3502,0.4531,0.1381,-8.3188,0.2987,0.0413,0.0712
focused,0.4192,0.497,0.1879,4.9371,0.2635,0.0495,0.0585
focused,0.2308,0.4053,0.0287,-11.9923,0.2516,0.0072,0.1199
focused,0.2474,0.525,0.1517,1.1416,0.3811,0.0578,0.0177
focused,0.2915,0.3843,0.0956,0.8571,0.3062,0.0293,0.0029
focused,0.1595,0.4024,0.5551,-15.821,0.3116,0.173,0.136
focused,0.2934,0.5312,0.1869,19.4297,0.4529,0.0846,0.1789
focused,0.1464,0.3373,0.133,-0.074,0.2981,0.0397,0.0062
focused,0.2826,0.2798,0.115,-19.3334,0.1916,0.022,0.098
focused,0.2704,0.4757,0.2137,4.0033,0.4328,0.0925,0.0464
focused,0.3722,0.57,0.117,3.8966,0.3707,0.0434,0.0481
focused,0.3403,0.4471,0.3082,1.4886,0.3145,0.0969,0.0031
focused,0.3084,0.4545,0.1152,4.231,0.3389,0.039,0.0307
focused,0.3339,0.5582,0.009,-3.9008,0.3104,0.0028,0.0139
focused,0.2415,0.4355,0.2231,-19.6035,0.3535,0.0789,0.1768
focused,0.3642,0.6687,0.1258,-8.7487,0.464,0.0584,0.0675
focused,0.2638,0.4413,0.2526,-11.439,0.3527,0.0891,0.1117
focused,0.3529,0.5738,0.1503,-7.366,0.248,0.0373,0.0527
focused,0.2923,0.4676,0.1613,-0.3208,0.3556,0.0573,0.0067
focused,0.0679,0.3218,0.5193,-30.4671,0.2391,0.1242,0.1872
focused,0.1281,0.4338,0.1285,7.3303,0.4107,0.0528,0.0662
focused,0.3095,0.4471,0.1542,1.7858,0.2977,0.0459,0.007
focused,0.2811,0.5547,0.2556,1.8959,0.4349,0.1112,0.0256
focused,0.059,0.3745,0.4903,-4.2332,0.3187,0.1563,0.0404
focused,0.3051,0.4327,0.179,0.106,0.3252,0.0582,0.0014
focused,0.0514,0.5546,0.0377,9.4534,0.2725,0.0103,0.1193
focused,0.2096,0.3619,0.1459,19.2916,0.239,0.0349,0.1204
focused,0.3393,0.4055,0.2049,-6.9808,0.3037,0.0623,0.0479
focused,0.3779,0.4334,0.2766,0.7829,0.3148,0.0871,0.001
focused,0.2612,0.4349,0.2184,2.1026,0.309,0.0675,0.03
focused,0.3304,0.3838,0.261,7.0784,0.2778,0.0725,0.0479
focused,0.3396,0.5329,0.145,3.1221,0.3756,0.0545,0.0199
focused,0.2872,0.3204,0.2869,10.7869,0.2121,0.0608,0.0583
focused,0.2407,0.4628,0.1785,5.9669,0.3933,0.0702,0.0444
focused,0.3661,0.4414,0.1409,6.2509,0.3229,0.0455,0.0562
focused,0.187,0.3846,0.884,-2.1997,0.21,0.1856,0.0236
focused,0.4171,0.6142,0.2432,-5.9305,0.3854,0.0937,0.0577
focused,0.3621,0.3756,0.2151,-4.2212,0.2087,0.0449,0.0295
focused,0.3412,0.5092,0.133,-4.3576,0.3529,0.0469,0.0333
focused,0.2885,0.3585,0.3093,-1.9343,0.3274,0.1013,0.0226
focused,0.3595,0.3542,0.2622,45.6784,0.2254,0.0591,0.2662
focused,0.225,0.347,0.1624,62.0958,0.2237,0.0363,0.386
focused,0.4012,0.4049,0.0138,-0.8114,0.196,0.0027,0.0079
focused,0.2777,0.4746,0.018,3.1268,0.3743,0.0067,0.0344
focused,0.2239,0.2763,0.2942,14.3278,0.2226,0.0655,0.0894
focused,0.2536,0.5148,0.196,4.961,0.4133,0.081,0.0423
focused,0.2348,0.3845,0.2448,8.4263,0.3269,0.08,0.0572
focused,0.3772,0.4821,0.0479,0.7552,0.2967,0.0142,0.028
focused,0.3161,0.4593,0.5492,16.7615,0.349,0.1916,0.1517
focused,0.2633,0.4023,0.1736,0.8029,0.3391,0.0589,0.0025
focused,0.3513,0.537,0.3334,-3.1254,0.3631,0.1211,0.0192
focused,0.2374,0.4568,0.1928,-0.4105,0.3554,0.0685,0.0015
focused,0.2209,0.3621,0.3934,3.1783,0.3101,0.122,0.0206
focused,0.138,0.2539,0.0398,13.5328,0.1111,0.0044,0.0475
focused,0.2949,0.4577,0.1865,12.8133,0.3631,0.0677,0.1272
focused,0.3972,0.6794,0.009,-4.3095,0.343,0.0031,0.0933
focused,0.1478,0.6736,0.0069,11.0994,0.3661,0.0025,0.1437
focused,0.3106,0.443,0.1701,6.3605,0.3512,0.0597,0.0648
focused,0.1305,0.4154,0.2686,4.3276,0.3663,0.0984,0.0395
focused,0.3318,0.3655,0.38,-4.3794,0.2846,0.1082,0.034
focused,0.0577,0.4438,0.2011,0.5253,0.3401,0.0684,0.0014
focused,0.3291,0.4743,0.1628,-2.3395,0.3482,0.0567,0.007
focused,0.4535,0.549,0.0157,3.8182,0.2699,0.0042,0.0274
focused,0.162,0.4239,0.0335,-4.0965,0.3308,0.0111,0.0426
focused,0.194,0.3762,0.1466,-5.5329,0.3369,0.0494,0.0497
focused,0.1448,0.4246,0.1737,10.0009,0.3604,0.0626,0.0632
focused,0.1012,0.3416,0.4355,-11.2801,0.3288,0.1432,0.1031
focused,0.3171,0.3362,0.1459,-0.6226,0.1982,0.0289,0.0027
focused,0.2698,0.3526,0.3574,-21.1748,0.2748,0.0982,0.164
focused,0.308,0.4446,0.1239,-5.9426,0.3354,0.0415,0.0688
focused,0.1209,0.371,0.1482,-4.5859,0.3763,0.0558,0.0326
focused,0.2819,0.5426,0.1035,-7.5166,0.2995,0.031,0.0855
focused,0.1961,0.4522,0.213,-4.4072,0.287,0.0611,0.0285
focused,0.2815,0.4679,0.1681,-4.0938,0.352,0.0592,0.0414
focused,0.3695,0.4598,0.296,3.6717,0.3391,0.1004,0.0348
focused,0.2686,0.3967,0.0417,-0.0245,0.3036,0.0127,0.0001
focused,0.3117,0.4509,0.3173,-8.7802,0.229,0.0727,0.0675
focused,0.3571,0.5443,0.2145,49.4182,0.3498,0.075,0.4526
focused,0.2921,0.4376,0.1267,-9.063,0.3369,0.0427,0.0799
focused,0.1807,0.3318,0.0694,1.8008,0.2597,0.018,0.0015
focused,0.2251,0.4583,0.0192,-5.504,0.2415,0.0046,0.0451
focused,0.3891,0.4395,0.2062,10.8729,0.3474,0.0716,0.1008
focused,0.2418,0.4125,0.0244,-5.7063,0.3585,0.0088,0.0499
focused,0.2309,0.4797,0.1325,3.3733,0.3698,0.049,0.0273
focused,0.1083,0.3697,0.1437,-2.2972,0.2576,0.037,0.0106
focused,0.2801,0.4388,0.0289,-10.287,0.2861,0.0083,0.0828
focused,0.2406,0.3565,0.5724,-3.4054,0.2423,0.1387,0.0242
focused,0.4202,0.5243,0.0869,13.0285,0.3058,0.0266,0.1418
focused,0.1829,0.2867,0.033,-23.6006,0.2304,0.0076,0.1444
focused,0.2791,0.4353,0.1479,-4.6569,0.3032,0.0448,0.0257
focused,0.3728,0.3471,0.621,-1.3964,0.2356,0.1463,0.0187
focused,0.4139,0.4517,0.1448,16.054,0.3017,0.0437,0.1233
focused,0.1809,0.537,0.0954,21.7545,0.4226,0.0403,0.2226
focused,0.2552,0.38,0.0178,-5.9901,0.3118,0.0056,0.0453
focused,0.3858,0.4292,0.2605,-2.9098,0.2939,0.0766,0.0495
focused,0.2761,0.4276,0.3901,6.9352,0.3729,0.1455,0.0608
focused,0.1518,0.5607,0.2943,-11.6079,0.4208,0.1238,0.112
focused,0.2362,0.4766,0.3659,8.3775,0.4095,0.1499,0.0887
focused,0.1672,0.4623,0.1106,-5.6436,0.3305,0.0366,0.0555
focused,0.3639,0.3665,0.234,-24.4213,0.1986,0.0465,0.1626
focused,0.2974,0.3212,0.3819,15.0926,0.2399,0.0916,0.1191
focused,0.217,0.4326,0.0158,11.9961,0.324,0.0051,0.1029
focused,0.2765,0.4018,0.1719,-4.7717,0.3322,0.0571,0.0357
focused,0.1064,0.4503,0.1939,2.5836,0.2631,0.051,0.0069
focused,0.1115,0.3531,0.4692,30.0881,0.3559,0.167,0.2423
focused,0.2461,0.3953,0.1172,8.4521,0.2771,0.0325,0.0819
focused,0.2126,0.4743,0.2127,9.0378,0.3859,0.0821,0.0764
focused,0.29,0.4192,0.0761,-5.5578,0.3294,0.0251,0.0449
focused,0.3855,0.5302,0.0837,5.3895,0.3476,0.0291,0.0386
focused,0.2475,0.4622,0.0172,-3.9067,0.3386,0.0058,0.0355
focused,0.297,0.4237,0.0979,-4.8905,0.221,0.0216,0.0453
focused,0.2592,0.412,0.0294,3.5715,0.2986,0.0088,0.03
focused,0.2164,0.4201,0.2699,0.0906,0.3511,0.0948,0.0068
focused,0.2082,0.3221,0.6184,1.8083,0.23,0.1423,0.0032
focused,0.2354,0.31,0.3333,-0.5694,0.2712,0.0904,0.0019
focused,0.279,0.4791,0.1902,6.9399,0.38,0.0723,0.0826
focused,0.2903,0.4907,0.0629,-8.7031,0.3315,0.0208,0.0762
focused,0.3156,0.4482,0.2761,-1.972,0.3494,0.0964,0.0058
focused,0.3845,0.5654,0.3397,-4.0847,0.3184,0.1082,0.0425
focused,0.2606,0.4374,0.0204,-10.3901,0.3194,0.0065,0.0742
focused,0.3029,0.3271,0.2467,2.6789,0.2537,0.0626,0.0165
focused,0.2103,0.313,0.0109,-25.637,0.3345,0.0036,0.2046
focused,0.2129,0.2442,0.7741,-1.0533,0.2362,0.1828,0.0163
focused,0.2454,0.4012,0.174,4.7611,0.3044,0.053,0.032
focused,0.2551,0.534,0.1309,10.0445,0.4052,0.053,0.1242
focused,0.309,0.2461,0.0099,13.229,0.121,0.0012,0.0575
focused,0.3218,0.3939,0.3943,8.6845,0.2594,0.1023,0.0769
focused,0.4438,0.4752,0.022,14.7908,0.2214,0.0049,0.136
focused,0.3099,0.5315,0.2602,16.5988,0.4478,0.1165,0.1478
focused,0.3318,0.4547,0.4245,-1.405,0.3337,0.1417,0.0098
focused,0.1699,0.5413,0.2571,-6.8566,0.4293,0.1104,0.0768
focused,0.333,0.2945,0.3175,1.9829,0.2235,0.071,0.0224
focused,0.3561,0.3909,0.2186,2.9146,0.28,0.0612,0.026
focused,0.2988,0.4677,0.1472,-1.674,0.3445,0.0507,0.0137
focused,0.2869,0.3566,0.4421,-3.5468,0.2752,0.1217,0.0237
focused,0.4247,0.462,0.3434,2.2066,0.2682,0.0921,0.0164
focused,0.4402,0.439,0.0704,7.7377,0.2393,0.0168,0.0564
focused,0.3684,0.3997,0.251,17.2247,0.4025,0.101,0.1413
focused,0.3196,0.4201,0.0336,-0.2909,0.3567,0.012,0.0034
focused,0.1761,0.5279,0.0096,-29.1333,0.3186,0.0031,0.2735
focused,0.3234,0.5475,0.1257,17.4334,0.4655,0.0585,0.1967
focused,0.1505,0.3634,0.0955,45.6258,0.2625,0.0251,0.3328
focused,0.1597,0.2865,0.3361,-47.3548,0.1946,0.0654,0.2351
focused,0.314,0.3929,0.1434,0.7304,0.2492,0.0357,0.0054
focused,0.2935,0.4171,0.3466,5.566,0.3145,0.109,0.048
focused,0.2533,0.4546,0.2185,-1.8562,0.3628,0.0793,0.0285
focused,0.2025,0.6117,0.0379,7.6085,0.3437,0.013,0.0872
focused,0.1201,0.4207,0.2417,-0.2221,0.3443,0.0832,0.001
focused,0.3031,0.3892,0.1496,-1.4158,0.2681,0.0401,0.001
focused,0.2088,0.3582,0.3268,6.5428,0.3405,0.1113,0.0384
focused,0.1034,0.3454,0.275,-3.8881,0.2459,0.0676,0.0178
focused,0.1914,0.4583,0.0692,-2.5801,0.3945,0.0273,0.028
focused,0.1651,0.4307,0.1233,5.0186,0.3257,0.0401,0.0349
focused,0.2926,0.4587,0.3062,-1.8703,0.3166,0.0969,0.0232
focused,0.3211,0.4893,0.2434,-1.1091,0.3666,0.0892,0.0076
focused,0.3362,0.491,0.1584,-1.9256,0.3364,0.0533,0.0153
focused,0.1914,0.4247,0.138,-0.1909,0.349,0.0481,0.0041
focused,0.3366,0.5137,0.0481,-3.9678,0.2948,0.0142,0.0124
focused,0.4221,0.4799,0.0828,3.7896,0.2626,0.0218,0.048
focused,0.3394,0.4644,0.021,4.2376,0.2843,0.006,0.0526
focused,0.1127,0.398,0.2024,-4.2093,0.3626,0.0734,0.0283
focused,0.1981,0.3882,0.4139,12.9852,0.4546,0.1882,0.1161
focused,0.2338,0.3736,0.3537,-7.6583,0.2976,0.1053,0.0506
focused,0.0397,0.3628,0.4105,3.2757,0.3331,0.1367,0.0154
focused,0.3122,0.4378,0.394,-2.3297,0.4042,0.1593,0.0196
focused,0.2753,0.3903,0.1086,-8.8162,0.3505,0.0381,0.0586
focused,0.3275,0.6166,0.0185,3.3541,0.3469,0.0064,0.0592
focused,0.4042,0.4201,0.3936,16.6504,0.2707,0.1065,0.1413
focused,0.2758,0.4045,0.2763,-2.2315,0.2678,0.074,0.0168
focused,0.3425,0.3717,0.2134,8.148,0.328,0.07,0.0482
focused,0.143,0.5973,0.192,-32.6361,0.4528,0.0869,0.3422
focused,0.3425,0.4986,0.0993,0.5169,0.367,0.0364,0.0115
focused,0.3243,0.3816,0.1772,1.7706,0.2651,0.047,0.0173
focused,0.2607,0.4446,0.2093,0.298,0.3634,0.0761,0.0055
focused,0.2524,0.2684,0.6892,-7.0473,0.1878,0.1294,0.0432
focused,0.2482,0.396,0.251,-2.6576,0.3155,0.0792,0.0385
focused,0.3386,0.4471,0.1742,11.0262,0.328,0.0571,0.0967
focused,0.3413,0.4795,0.334,-7.3033,0.2683,0.0896,0.075
focused,0.3332,0.4287,0.2276,-6.092,0.3856,0.0878,0.0462
focused,0.2725,0.4333,0.3413,-8.762,0.4001,0.1365,0.0658
focused,0.2493,0.412,0.0104,1.6804,0.3625,0.0038,0.0185
focused,0.3079,0.4303,0.3139,-2.173,0.2864,0.0899,0.0265
focused,0.2872,0.4203,0.1816,-2.2151,0.3125,0.0568,0.002
focused,0.4051,0.4081,0.1263,4.7306,0.2244,0.0284,0.0397
focused,0.3842,0.3456,0.0374,-1.5339,0.1563,0.0058,0.0104
focused,0.1695,0.411,0.1092,3.8208,0.314,0.0343,0.026
focused,0.3119,0.3698,0.4497,-0.5222,0.2456,0.1105,0.0063
focused,0.2115,0.4258,0.1563,2.7834,0.3642,0.0569,0.015
focused,0.2249,0.3707,0.0763,7.1375,0.2105,0.0161,0.0659
focused,0.3057,0.4354,0.0651,-3.4775,0.2543,0.0165,0.03
focused,0.1775,0.4438,0.1374,-1.2374,0.3022,0.0415,0.0124
focused,0.2343,0.4222,0.1892,-1.6834,0.2632,0.0498,0.0008
focused,0.2585,0.4319,0.1712,-7.3727,0.3872,0.0663,0.0524
focused,0.3735,0.4366,0.3397,2.1468,0.3323,0.1129,0.0291
focused,0.2667,0.5007,0.2136,4.6241,0.3731,0.0797,0.0613
focused,0.2925,0.3525,0.3061,-17.7522,0.2561,0.0784,0.1318
focused,0.3274,0.4894,0.2051,-3.6083,0.3591,0.0736,0.0301
focused,0.3574,0.5665,0.0095,-3.6429,0.2547,0.0024,0.0459
focused,0.217,0.4363,0.1762,0.9995,0.3314,0.0584,0.0229
focused,0.4304,0.5652,0.3488,10.607,0.3554,0.124,0.1158
focused,0.2619,0.2636,0.0047,7.9172,0.1898,0.0009,0.0281
focused,0.3841,0.5097,0.0283,2.8977,0.3142,0.0089,0.0166
focused,0.2919,0.4227,0.2203,0.5862,0.3152,0.0694,0.0032
focused,0.3461,0.3916,0.389,24.1943,0.282,0.1097,0.218
focused,0.3127,0.339,0.2065,3.8019,0.2657,0.0549,0.0283
focused,0.1625,0.3801,0.2604,-4.3389,0.34,0.0885,0.0356
focused,0.3455,0.4327,0.1417,-0.5746,0.3436,0.0487,0.0045
focused,0.1453,0.424,0.2133,16.5855,0.2826,0.0603,0.1444
focused,0.3349,0.4653,0.2165,-1.6462,0.3177,0.0688,0.0236
focused,0.1813,0.3704,0.0998,2.9596,0.3214,0.0321,0.0235
focused,0.3035,0.3719,0.3138,18.7477,0.2846,0.0893,0.153
focused,0.3194,0.5337,0.2741,-2.1623,0.3578,0.0981,0.0308
focused,0.3005,0.5763,0.2893,-40.8667,0.3582,0.1036,0.4443
focused,0.3274,0.4894,0.2051,-3.6083,0.3591,0.0736,0.0301
focused,0.2605,0.4163,0.153,0.6511,0.314,0.048,0.0074
focused,0.376,0.4696,0.0817,-3.7515,0.3234,0.0264,0.0382
focused,0.3338,0.4872,0.1822,-16.9304,0.3587,0.0654,0.1474
focused,0.2592,0.4497,0.1497,-21.0567,0.3592,0.0538,0.181
focused,0.3305,0.5326,0.0574,-5.9717,0.3476,0.02,0.0658
focused,0.2826,0.4896,0.0636,8.3669,0.3326,0.0212,0.0703
focused,0.1935,0.4509,0.268,8.226,0.3575,0.0958,0.0815
focused,0.1996,0.3426,0.2326,17.9403,0.2924,0.068,0.1198
focused,0.329,0.4986,0.0293,17.3081,0.3072,0.009,0.1325
focused,0.3826,0.3748,0.0102,-10.5167,0.2274,0.0023,0.0614
focused,0.2319,0.3784,0.5062,-4.6655,0.3866,0.1957,0.0485
focused,0.1833,0.2611,0.4587,-7.6236,0.2184,0.1002,0.033
focused,0.322,0.3679,0.1872,-10.5948,0.2828,0.0529,0.0832
focused,0.3582,0.4185,0.1687,3.034,0.2417,0.0408,0.0458
focused,0.12,0.29,0.3243,-16.4326,0.3226,0.1046,0.1195
focused,0.3477,0.3429,0.6249,1.9694,0.2271,0.1419,0.022
focused,0.3361,0.4563,0.0812,-15.7714,0.3599,0.0292,0.1323
focused,0.4189,0.4095,0.203,27.9311,0.238,0.0483,0.1728
focused,0.2292,0.3742,0.2198,-7.1864,0.3156,0.0694,0.0481
focused,0.3207,0.5329,0.0462,-33.5831,0.3421,0.0158,0.3219
focused,0.2353,0.6836,0.2052,0.243,0.5427,0.1114,0.0067
focused,0.3284,0.4528,0.212,-6.056,0.3095,0.0656,0.0489
focused,0.2715,0.4075,0.427,-8.0507,0.3407,0.1455,0.0519
focused,0.3061,0.4988,0.171,7.1258,0.419,0.0716,0.0688
focused,0.2288,0.3527,0.177,6.3177,0.2981,0.0528,0.042
focused,0.221,0.4313,0.1058,-1.1114,0.2869,0.0304,0.0046
focused,0.2684,0.4436,0.2027,6.3287,0.3529,0.0715,0.0508
focused,0.1984,0.4293,0.2426,4.3637,0.372,0.0902,0.028
focused,0.2543,0.5876,0.0804,14.6587,0.4565,0.0367,0.1481
focused,0.3337,0.4835,0.1146,10.5298,0.312,0.0358,0.1062
focused,0.3622,0.4796,0.0312,-1.6604,0.3071,0.0096,0.0289
focused,0.3137,0.407,0.0509,-8.2894,0.2625,0.0134,0.0547
focused,0.5248,0.3578,0.4393,-3.8541,0.1685,0.074,0.0394
focused,0.288,0.3113,0.3781,12.6719,0.2636,0.0997,0.107
focused,0.3331,0.4514,0.1973,1.2961,0.305,0.0602,0.0107
focused,0.2539,0.3758,0.1137,-8.2569,0.3296,0.0375,0.0776
focused,0.2584,0.5531,0.2479,-18.8128,0.4562,0.1131,0.1841
focused,0.3322,0.3697,0.0025,-50.508,0.1905,0.0005,0.2689
focused,0.2968,0.3958,0.5633,34.6896,0.2625,0.1478,0.2406
focused,0.3245,0.4256,0.1986,0.6729,0.2992,0.0594,0.002
focused,0.2166,0.452,0.1797,0.4734,0.358,0.0643,0.0057
focused,0.1393,0.4088,0.2854,21.9789,0.3081,0.088,0.1469
focused,0.3303,0.4899,0.1307,15.2423,0.429,0.0561,0.1359
focused,0.3057,0.4073,0.0195,-11.3063,0.2858,0.0056,0.0975
focused,0.354,0.4786,0.396,-17.2017,0.3597,0.1424,0.1394
focused,0.2975,0.422,0.0143,2.3702,0.2972,0.0042,0.0087
focused,0.3185,0.4361,0.0984,-7.3284,0.3489,0.0343,0.0561
focused,0.2237,0.3393,0.2048,3.9446,0.3158,0.0647,0.0304
focused,0.2252,0.3384,0.0056,-2.5036,0.2163,0.0012,0.019
focused,0.2802,0.4445,0.2489,-16.8771,0.4018,0.1,0.1467
focused,0.3589,0.3617,0.3766,-10.6877,0.227,0.0855,0.0753
focused,0.2777,0.3366,0.0127,-17.6772,0.2595,0.0033,0.1238
focused,0.1909,0.2219,0.7376,-7.0419,0.2031,0.1498,0.0272
focused,0.2862,0.3263,0.5043,7.3129,0.2529,0.1276,0.0591
focused,0.3041,0.3558,0.2438,-13.8109,0.2198,0.0536,0.0964
focused,0.2271,0.5182,0.353,-26.9577,0.3383,0.1194,0.2551
focused,0.3313,0.4329,0.1632,14.5092,0.3518,0.0574,0.1316
focused,0.3193,0.4461,0.1766,8.9716,0.3223,0.0569,0.0915
focused,0.3084,0.5131,0.3209,-14.2314,0.4108,0.1318,0.1301
focused,0.3106,0.5177,0.1894,-2.7306,0.3972,0.0752,0.0276
focused,0.1788,0.4019,0.0088,14.8026,0.3093,0.0027,0.1135
focused,0.2967,0.3757,0.0461,3.5344,0.2552,0.0118,0.0108
focused,0.4042,0.461,0.2915,-4.4388,0.2316,0.0675,0.0315
focused,0.2171,0.4005,0.1792,12.1855,0.3756,0.0673,0.0968
focused,0.1499,0.3098,0.5549,-12.0289,0.21,0.1165,0.0897
focused,0.2152,0.361,0.5994,2.0036,0.2266,0.1358,0.0102
focused,0.1458,0.4108,0.1513,-0.5347,0.3042,0.046,0.0059
focused,0.2525,0.4137,0.0856,4.3118,0.2933,0.0251,0.0408
focused,0.3581,0.5104,0.1229,18.4593,0.3751,0.0461,0.1761
focused,0.155,0.2929,0.2979,0.7553,0.238,0.0709,0.0164
focused,0.2528,0.4016,0.1078,-4.7681,0.3029,0.0326,0.04
focused,0.3031,0.469,0.2253,-5.6909,0.2964,0.0668,0.0633
focused,0.3054,0.355,0.1627,-11.3713,0.2121,0.0345,0.0777
focused,0.2398,0.4964,0.2703,3.8229,0.3891,0.1052,0.0505
focused,0.2382,0.4071,0.176,1.5347,0.3348,0.0589,0.0189
focused,0.1704,0.3745,0.1829,-3.897,0.3601,0.0659,0.0434
focused,0.1156,0.4268,0.1322,-9.7888,0.2371,0.0313,0.0386
focused,0.2531,0.4556,0.0265,-7.0854,0.3096,0.0082,0.0675
focused,0.3682,0.4981,0.0684,-4.764,0.2737,0.0187,0.0495
focused,0.3051,0.4655,0.1157,-8.267,0.2854,0.033,0.0791
focused,0.2761,0.4699,0.3221,10.2969,0.3634,0.117,0.0912
focused,0.3833,0.4908,0.1668,4.2355,0.2972,0.0496,0.037
focused,0.1377,0.4152,0.2129,-3.6739,0.3809,0.0811,0.0233
focused,0.4021,0.3597,0.4189,-0.2154,0.2562,0.1073,0.004
focused,0.3037,0.4375,0.3583,-4.9449,0.3265,0.117,0.0469
focused,0.3103,0.4017,0.1579,-8.0697,0.3071,0.0485,0.0688
focused,0.2618,0.3317,0.1553,9.3368,0.3573,0.0555,0.0699
focused,0.322,0.3679,0.1872,-10.5948,0.2828,0.0529,0.0832
focused,0.0422,0.282,0.3354,-21.7684,0.2932,0.0983,0.131
focused,0.277,0.3512,0.7171,4.5769,0.2324,0.1667,0.0176
focused,0.3704,0.5357,0.0051,-1.1507,0.3454,0.0018,0.0193
focused,0.3439,0.3267,0.3844,0.577,0.2567,0.0987,0.0013
focused,0.3857,0.4731,0.4662,-27.8892,0.3046,0.142,0.2351
focused,0.2495,0.4513,0.1662,8.6644,0.3845,0.0639,0.0887
focused,0.1651,0.4341,0.1222,-14.5484,0.351,0.0429,0.1289
focused,0.365,0.3882,0.2409,9.4985,0.2724,0.0656,0.0645
focused,0.2281,0.4283,0.1785,-6.7311,0.3191,0.057,0.0644
focused,0.39,0.5184,0.2935,-3.962,0.327,0.096,0.052
focused,0.1384,0.4306,0.2757,0.0466,0.3247,0.0895,0.0179
focused,0.2052,0.426,0.1795,-3.0544,0.3492,0.0627,0.0126
focused,0.3123,0.4073,0.2524,-29.6578,0.343,0.0866,0.2292
focused,0.2725,0.4912,0.2097,-4.1379,0.3718,0.078,0.0694
focused,0.3065,0.3008,0.0865,-10.5042,0.2276,0.0197,0.0598
focused,0.3201,0.2963,0.3086,-0.8342,0.1949,0.0601,0.0045
focused,0.2814,0.329,0.2354,-1.6495,0.259,0.061,0.02
focused,0.2175,0.4306,0.1621,0.4878,0.2696,0.0437,0.0251
focused,0.3695,0.4931,0.1852,2.8098,0.3904,0.0723,0.0382
focused,0.2695,0.3487,0.172,22.4745,0.2054,0.0353,0.1094
focused,0.4296,0.4764,0.004,-16.6437,0.1874,0.0008,0.1023
focused,0.1988,0.42,0.0063,0.925,0.3071,0.0019,0.005
focused,0.3826,0.3294,0.0227,-11.8734,0.1903,0.0043,0.0802
focused,0.1492,0.4293,0.2141,6.6137,0.2575,0.0552,0.0651
focused,0.3296,0.4145,0.3551,-2.3573,0.2668,0.0947,0.0233
focused,0.323,0.4883,0.0479,4.3954,0.3018,0.0145,0.0382
focused,0.3589,0.3826,0.0359,-11.878,0.2567,0.0092,0.0972
focused,0.3951,0.4613,0.227,-6.4139,0.3602,0.0817,0.0763
focused,0.4661,0.5347,0.3893,-22.2741,0.364,0.1417,0.2105
focused,0.1549,0.2989,0.5191,-5.3633,0.2855,0.1482,0.043
focused,0.3728,0.4016,0.1571,10.5603,0.2743,0.0431,0.0848
focused,0.2177,0.3395,0.0871,7.379,0.2214,0.0193,0.0491
focused,0.3236,0.5937,0.1194,0.2987,0.3695,0.0441,0.013
focused,0.1503,0.4217,0.0221,-6.2741,0.3473,0.0077,0.0429
focused,0.2424,0.5401,0.2166,13.4538,0.4067,0.0881,0.1381
focused,0.3121,0.4435,0.1634,-0.2117,0.2187,0.0358,0.0068
focused,0.1869,0.3639,0.0268,-10.8655,0.3416,0.0092,0.0875
focused,0.1272,0.3578,0.1799,0.0616,0.364,0.0655,0.0102
focused,0.2615,0.4358,0.2222,-17.8932,0.3243,0.0721,0.1522
focused,0.3139,0.4558,0.3408,-15.667,0.2284,0.0778,0.1046
focused,0.3138,0.5125,0.1879,5.1303,0.3778,0.071,0.0525
focused,0.155,0.2972,0.091,28.603,0.2112,0.0192,0.1645
focused,0.3458,0.3286,0.2403,3.3165,0.3117,0.0749,0.0221
focused,0.2176,0.401,0.2606,-3.6126,0.3312,0.0863,0.0344
focused,0.1468,0.3059,0.1959,-10.4746,0.264,0.0517,0.0627
focused,0.3057,0.4771,0.2844,-2.8817,0.3629,0.1032,0.03
focused,0.3684,0.4588,0.3642,-1.7754,0.3312,0.1206,0.0238
focused,0.2234,0.3881,0.1614,7.0576,0.3004,0.0485,0.065
focused,0.0976,0.3706,0.2401,4.0776,0.3241,0.0778,0.0405
focused,0.2658,0.3928,0.3132,-3.645,0.2558,0.0801,0.0347
focused,0.3147,0.5094,0.1558,4.8505,0.3289,0.0513,0.0615
focused,0.3429,0.4348,0.0058,-2.7057,0.2802,0.0016,0.0131
focused,0.2284,0.3976,0.1875,-0.0688,0.3253,0.061,0.0071
focused,0.2806,0.2629,0.5694,0.6803,0.2536,0.1444,0.0092
focused,0.2408,0.3804,0.3144,12.5847,0.2895,0.091,0.1006
focused,0.2367,0.3762,0.5391,1.3968,0.3065,0.1652,0.0181
focused,0.2838,0.4278,0.1515,5.7893,0.3294,0.0499,0.0586
focused,0.1372,0.4418,0.1296,-0.327,0.2909,0.0377,0.0015
focused,0.1882,0.403,0.284,6.6123,0.3487,0.099,0.0521
focused,0.1824,0.3219,0.4484,24.4096,0.2483,0.1113,0.1547
focused,0.2812,0.3798,0.1663,8.6002,0.3023,0.0503,0.0633
focused,0.2896,0.5541,0.1427,5.0426,0.4229,0.0603,0.0509
focused,0.3269,0.34,0.2336,-28.9651,0.2229,0.0521,0.1603
focused,0.4313,0.5057,0.5949,-4.0151,0.3242,0.1928,0.0162
focused,0.2715,0.457,0.0899,-0.3862,0.3005,0.027,0.0028
focused,0.3431,0.4612,0.2465,4.1873,0.3368,0.083,0.0346
focused,0.3102,0.519,0.2138,7.12,0.3608,0.0771,0.0709
focused,0.1685,0.4299,0.1405,-5.9917,0.3799,0.0534,0.0501
focused,0.3889,0.4657,0.1962,15.114,0.2628,0.0516,0.1259
focused,0.2707,0.4278,0.0786,-9.3255,0.3295,0.0259,0.0808
focused,0.3947,0.3504,0.4505,9.1639,0.268,0.1207,0.0954
focused,0.2564,0.4456,0.245,-17.9836,0.3395,0.0832,0.1405
focused,0.2622,0.4731,0.0364,-3.5459,0.2866,0.0104,0.0124
focused,0.2745,0.4631,0.1811,0.6807,0.298,0.054,0.0115
focused,0.3869,0.5064,0.2763,6.3159,0.3883,0.1073,0.061
focused,0.3385,0.5067,0.1489,2.4749,0.3627,0.054,0.0319
focused,0.2487,0.4303,0.2168,-6.8592,0.3612,0.0783,0.0493
focused,0.3531,0.4997,0.1621,5.309,0.4149,0.0672,0.0597
focused,0.3723,0.3959,0.5136,-22.6402,0.275,0.1413,0.1591
focused,0.1066,0.3318,0.2064,32.6303,0.2529,0.0522,0.2109
focused,0.1795,0.3279,0.2405,7.5948,0.2893,0.0696,0.0678
focused,0.3701,0.4554,0.3929,1.4815,0.2608,0.1025,0.0242
focused,0.2991,0.394,0.2386,1.1033,0.3621,0.0864,0.0021
focused,0.1219,0.4401,0.2686,4.9858,0.251,0.0674,0.0186
focused,0.2773,0.3453,0.3301,12.4161,0.237,0.0782,0.0835
focused,0.1016,0.4484,0.273,-0.1394,0.3297,0.09,0.002
focused,0.2655,0.3828,0.1281,5.6024,0.2691,0.0345,0.043
focused,0.2675,0.4048,0.1016,-0.1072,0.3014,0.0306,0.0077
focused,0.2082,0.4353,0.084,-4.484,0.3725,0.0313,0.0454
focused,0.3453,0.4778,0.1657,-4.7868,0.3272,0.0542,0.0487
focused,0.2483,0.579,0.2004,3.6635,0.4605,0.0923,0.0312
focused,0.2599,0.4672,0.1462,0.0345,0.3842,0.0562,0.0133
focused,0.2697,0.447,0.0922,1.657,0.3768,0.0347,0.0144
focused,0.3367,0.5945,0.1224,-14.9764,0.4435,0.0543,0.1597
focused,0.2711,0.5403,0.1137,26.5999,0.4633,0.0527,0.2702
focused,0.2143,0.3263,0.2044,-11.4807,0.242,0.0495,0.0669
focused,0.2753,0.4526,0.0134,0.5066,0.336,0.0045,0.0072
focused,0.3775,0.469,0.0264,4.705,0.3333,0.0088,0.0487
focused,0.4017,0.4512,0.1251,-5.5945,0.2302,0.0288,0.025
focused,0.2494,0.4429,0.2104,17.9634,0.364,0.0766,0.1693
focused,0.3023,0.4291,0.2521,0.0605,0.3187,0.0803,0.0025
focused,0.1125,0.4654,0.5962,-9.0652,0.3421,0.204,0.0808
focused,0.2441,0.3165,0.2259,-14.9409,0.2839,0.0641,0.0944
focused,0.2563,0.4936,0.0961,-4.049,0.3988,0.0383,0.0436
focused,0.3178,0.2913,0.2325,-13.976,0.1934,0.045,0.0768
focused,0.2615,0.4757,0.1905,-3.6593,0.4031,0.0768,0.0382
focused,0.3455,0.4356,0.1505,-0.8781,0.2766,0.0416,0.0271
focused,0.2762,0.5114,0.2589,1.1747,0.4015,0.1039,0.0067
focused,0.4002,0.5299,0.0287,-6.537,0.2807,0.0081,0.0553
focused,0.2691,0.4389,0.1937,-2.0701,0.3234,0.0626,0.0121
focused,0.3236,0.5937,0.1194,0.2987,0.3695,0.0441,0.013
focused,0.1773,0.3081,0.4549,-9.3659,0.2995,0.1362,0.0607
focused,0.3794,0.3819,0.3076,-2.4651,0.2211,0.068,0.0024
focused,0.4484,0.4537,0.316,-4.5496,0.2348,0.0742,0.0447
focused,0.2802,0.3014,0.5228,10.8641,0.236,0.1234,0.074
focused,0.3571,0.5309,0.1902,-17.7932,0.4353,0.0828,0.155
focused,0.35,0.3337,0.1518,-0.9243,0.2404,0.0365,0.0049
focused,0.1875,0.3878,0.1335,6.1082,0.2912,0.0389,0.0633
focused,0.1622,0.3657,0.1223,-4.7022,0.317,0.0388,0.0274
focused,0.3463,0.3585,0.2074,-14.6411,0.2592,0.0538,0.1168
focused,0.3251,0.4483,0.2946,3.0647,0.3641,0.1073,0.0319
focused,0.4366,0.5264,0.0211,14.3776,0.3229,0.0068,0.1419
focused,0.1987,0.3813,0.2312,10.6051,0.3067,0.0709,0.0834
focused,0.1331,0.2723,0.2252,-12.0841,0.246,0.0554,0.113
focused,0.3098,0.2896,0.244,13.934,0.1793,0.0437,0.0907
focused,0.2342,0.3795,0.4411,40.1152,0.3367,0.1485,0.3242
focused,0.2954,0.265,0.1184,1.3643,0.2461,0.0291,0.0022
focused,0.3342,0.4227,0.1511,-8.158,0.3085,0.0466,0.0547
focused,0.2889,0.3656,0.0063,40.927,0.1803,0.0011,0.2267
focused,0.2782,0.4734,0.3493,21.0214,0.4431,0.1548,0.2141
focused,0.1861,0.454,0.3064,3.0213,0.4068,0.1246,0.0261
focused,0.3878,0.4276,0.2737,1.6109,0.3752,0.1027,0.0075
focused,0.282,0.4619,0.1832,0.4661,0.3525,0.0646,0.0126
focused,0.0347,0.3863,0.0654,33.3147,0.323,0.0211,0.2586
focused,0.4018,0.398,0.5898,-11.7492,0.2171,0.1281,0.0938
focused,0.1483,0.3648,0.2135,5.3828,0.3377,0.0721,0.0457
focused,0.1858,0.4103,0.1756,-8.9929,0.3426,0.0602,0.0649
focused,0.1792,0.543,0.0876,-4.6741,0.328,0.0287,0.0487
focused,0.362,0.5898,0.0411,-29.5526,0.4009,0.0165,0.3008
focused,0.358,0.4141,0.3279,-1.3616,0.2389,0.0783,0.0123
focused,0.239,0.5075,0.2143,-11.1475,0.3435,0.0736,0.1021
focused,0.3192,0.4797,0.1051,4.7404,0.289,0.0304,0.0412
focused,0.3295,0.4707,0.036,-3.6707,0.2786,0.01,0.0261
focused,0.2383,0.3992,0.3505,-7.0693,0.3376,0.1183,0.0558
focused,0.2333,0.5142,0.1633,-8.5162,0.3893,0.0636,0.104
focused,0.2598,0.2454,0.2299,-16.1088,0.1947,0.0448,0.1083
focused,0.3981,0.4279,0.3725,5.2905,0.1752,0.0652,0.0141
focused,0.2815,0.5382,0.0515,-3.4249,0.305,0.0157,0.0396
focused,0.2887,0.4794,0.2518,-1.2278,0.3879,0.0977,0.0019
focused,0.2862,0.4348,0.0501,-2.7607,0.2998,0.015,0.019
focused,0.2342,0.533,0.2354,21.0192,0.401,0.0944,0.211
focused,0.3789,0.4051,0.2126,1.5627,0.2074,0.0441,0.0144
focused,0.3504,0.4936,0.1812,-3.2257,0.3273,0.0593,0.0304
focused,0.2984,0.3487,0.1989,-14.0513,0.2297,0.0457,0.0873
focused,0.1553,0.5512,0.1181,16.4037,0.4133,0.0488,0.1882
focused,0.3563,0.495,0.1556,-6.3505,0.3395,0.0528,0.0645
focused,0.2183,0.5371,0.0644,-6.1821,0.3241,0.0209,0.0857
focused,0.1501,0.3629,0.4753,30.2103,0.2174,0.1033,0.18
focused,0.1605,0.4552,0.3374,8.7395,0.4863,0.1641,0.1
focused,0.3312,0.3937,0.2741,-0.3701,0.2961,0.0812,0.0115
focused,0.349,0.4951,0.5554,8.7336,0.2978,0.1654,0.0797
focused,0.0545,0.4543,0.0893,3.7364,0.3565,0.0318,0.0402
focused,0.2728,0.3754,0.1833,-5.1726,0.3136,0.0575,0.0295
focused,0.3315,0.467,0.2282,-15.0549,0.3245,0.0741,0.1322
focused,0.1458,0.3727,0.5278,6.1013,0.2896,0.1528,0.0524
focused,0.3012,0.4664,0.2019,-9.1423,0.3957,0.0799,0.081
focused,0.2393,0.5297,0.2933,-0.5655,0.4437,0.1301,0.0099
focused,0.3211,0.4792,0.0072,-4.215,0.3505,0.0025,0.0328
focused,0.3593,0.4813,0.2381,-2.9855,0.4434,0.1056,0.0219
focused,0.2787,0.5221,0.0137,-5.8365,0.3518,0.0048,0.0536
focused,0.3406,0.472,0.2175,15.243,0.302,0.0657,0.1218
focused,0.2729,0.4946,0.063,-2.6862,0.335,0.0211,0.0277
focused,0.1359,0.3866,0.3317,16.0089,0.3072,0.1019,0.1236
focused,0.4478,0.4222,0.3575,0.9785,0.2658,0.095,0.0222
focused,0.1269,0.4679,0.1373,2.0562,0.3998,0.0549,0.0105
focused,0.2442,0.4715,0.3969,9.2755,0.3903,0.1549,0.0749
focused,0.1969,0.4017,0.2982,-9.1805,0.3197,0.0953,0.0677
focused,0.25,0.4507,0.0255,-0.9468,0.2998,0.0076,0.0338
focused,0.2054,0.4186,0.1217,-8.6584,0.3309,0.0403,0.0733
focused,0.3179,0.369,0.3061,-7.7009,0.2904,0.0889,0.0469
focused,0.1261,0.3288,0.1343,-1.9147,0.2602,0.035,0.0132
focused,0.3711,0.4683,0.0991,9.4798,0.3851,0.0382,0.0764
focused,0.2435,0.4043,0.6555,18.9156,0.2684,0.1759,0.1275
focused,0.1606,0.4303,0.0773,0.2062,0.3964,0.0306,0.0022
focused,0.0617,0.3353,0.4305,13.6356,0.2686,0.1156,0.1029
focused,0.2967,0.3985,0.2334,5.5663,0.3112,0.0726,0.0307
focused,0.2934,0.441,0.1171,-5.0191,0.3163,0.037,0.0258
focused,0.0309,0.4394,0.0724,33.9896,0.354,0.0256,0.2999
focused,0.2731,0.3385,0.1427,-3.7643,0.2433,0.0347,0.0313
focused,0.1774,0.3901,0.1903,0.5287,0.3259,0.062,0.0011
focused,0.3444,0.4194,0.3393,-4.0466,0.2884,0.0979,0.0397
focused,0.3618,0.3901,0.7179,2.3327,0.2592,0.1861,0.0165
focused,0.2643,0.3547,0.0104,2.1509,0.2621,0.0027,0.0098
focused,0.2593,0.3665,0.1848,-0.9193,0.3087,0.0571,0.004
focused,0.1479,0.4638,0.1674,2.918,0.3745,0.0627,0.0349
focused,0.1202,0.2855,0.0637,3.2413,0.2742,0.0175,0.0241
focused,0.1803,0.3378,0.2755,11.4658,0.2738,0.0754,0.0565
focused,0.0497,0.48,0.2298,9.9226,0.3675,0.0844,0.0892
focused,0.3182,0.4383,0.01,12.6215,0.3124,0.0031,0.0931
focused,0.4265,0.5226,0.1358,-4.6364,0.3167,0.043,0.0556
focused,0.2517,0.3484,0.3282,15.3549,0.2371,0.0778,0.1051
focused,0.3751,0.31,0.4194,0.0738,0.171,0.0717,0.0026
focused,0.2834,0.4713,0.0484,0.1206,0.2981,0.0144,0.0086
focused,0.2731,0.4442,0.1711,-3.0446,0.3571,0.0611,0.0289
focused,0.3125,0.6062,0.1303,11.532,0.4095,0.0534,0.1402
focused,0.2318,0.3536,0.6373,10.4442,0.2777,0.177,0.0923
focused,0.1021,0.4183,0.0043,-6.1097,0.3052,0.0013,0.0432
focused,0.2525,0.4362,0.5392,-5.521,0.3471,0.1872,0.0375
focused,0.3605,0.4663,0.131,19.5805,0.3932,0.0515,0.1551
focused,0.3674,0.4982,0.1806,-14.6629,0.3363,0.0607,0.116
focused,0.1391,0.3677,0.3279,13.9896,0.2395,0.0785,0.0925
focused,0.4111,0.3667,0.2196,6.2749,0.2543,0.0558,0.0422
focused,0.1423,0.3941,0.1622,-2.5559,0.1857,0.0301,0.0095
focused,0.3597,0.5522,0.0789,-1.2106,0.3714,0.0293,0.0224
focused,0.2341,0.407,0.5064,-0.7256,0.3189,0.1615,0.0078
focused,0.3542,0.3815,0.4731,-12.6288,0.2909,0.1376,0.0956
focused,0.1663,0.3418,0.6158,-7.4425,0.2462,0.1516,0.0575
focused,0.1349,0.3499,0.1969,-1.9507,0.2647,0.0521,0.0043
focused,0.0392,0.4356,0.3688,-0.1687,0.3691,0.1362,0.0
focused,0.4227,0.5207,0.3685,-5.5845,0.264,0.0973,0.0611
focused,0.326,0.4025,0.2842,-23.2934,0.3034,0.0862,0.1839
focused,0.3385,0.4189,0.1812,-0.6331,0.3219,0.0583,0.0084
focused,0.3797,0.4676,0.1325,-6.0013,0.2817,0.0373,0.0497
focused,0.0476,0.3475,0.2117,8.7683,0.2914,0.0617,0.0573
focused,0.0768,0.3383,0.2105,0.1929,0.2794,0.0588,0.0098
focused,0.1921,0.4516,0.229,-11.185,0.4026,0.0922,0.101
focused,0.1874,0.4211,0.3732,-2.5822,0.3446,0.1286,0.0067
focused,0.3762,0.4229,0.258,-8.2937,0.3933,0.1015,0.0912
focused,0.0818,0.4362,0.2699,-0.0517,0.4396,0.1186,0.0044
focused,0.0835,0.498,0.2543,17.9582,0.3376,0.0858,0.1455
focused,0.305,0.4413,0.1878,0.0123,0.3495,0.0656,0.001
focused,0.2419,0.4163,0.0226,-2.7856,0.2622,0.0059,0.0329
focused,0.3534,0.427,0.1544,6.2371,0.3073,0.0474,0.0471
focused,0.3302,0.431,0.1898,1.9395,0.34,0.0645,0.023
focused,0.4914,0.4908,0.0549,-2.4823,0.184,0.0101,0.0222
focused,0.3224,0.4939,0.0809,-0.0086,0.3175,0.0257,0.0089
focused,0.2445,0.481,0.1238,2.6643,0.3991,0.0494,0.0374
focused,0.2725,0.3857,0.1999,-8.1003,0.3155,0.0631,0.0699
focused,0.2329,0.4783,0.1765,-7.6526,0.4054,0.0716,0.0651
focused,0.3274,0.406,0.3577,-9.6767,0.2509,0.0897,0.0886
focused,0.3218,0.3717,0.1891,-3.4979,0.3034,0.0574,0.0299
focused,0.2496,0.3767,0.2185,-14.2566,0.2896,0.0633,0.1095
focused,0.3565,0.4779,0.2363,1.6775,0.3486,0.0824,0.0228
focused,0.2897,0.5356,0.2422,14.824,0.3949,0.0957,0.1262
focused,0.2735,0.3816,0.1201,3.6508,0.2963,0.0356,0.0261
focused,0.2686,0.3191,0.2005,-18.741,0.2242,0.045,0.118
focused,0.3489,0.5259,0.1877,0.7042,0.3592,0.0674,0.0012
focused,0.1242,0.4548,0.3044,-2.8435,0.4042,0.123,0.0231
focused,0.3606,0.441,0.129,0.0087,0.2965,0.0382,0.0111
focused,0.3517,0.5054,0.2092,5.371,0.2796,0.0585,0.0618
focused,0.1376,0.2547,0.2031,-54.3134,0.1479,0.03,0.2566
focused,0.3444,0.4619,0.2844,4.0054,0.3808,0.1083,0.0356
focused,0.3517,0.4792,0.2876,8.2528,0.3604,0.1036,0.0851
focused,0.0649,0.4252,0.1466,-10.3513,0.3145,0.0461,0.0815
focused,0.3568,0.5412,0.0035,20.1666,0.3316,0.0012,0.1873
focused,0.2295,0.4899,0.3054,-0.7551,0.3581,0.1093,0.0301
focused,0.2804,0.2945,0.5191,-36.4028,0.1744,0.0905,0.1344
focused,0.2578,0.4381,0.1862,-15.4585,0.3723,0.0693,0.1287
focused,0.2572,0.4953,0.6078,-0.1075,0.3665,0.2228,0.016
focused,0.4084,0.4594,0.1589,7.7648,0.2357,0.0374,0.0481
focused,0.2488,0.2028,0.027,24.0871,0.1185,0.0032,0.0815
focused,0.3231,0.1867,0.4563,-5.6434,0.065,0.0297,0.0036
focused,0.2269,0.2521,0.0618,12.4689,0.1502,0.0093,0.0466
focused,0.2426,0.2888,0.0474,-0.3921,0.1966,0.0093,0.0069
focused,0.3674,0.3921,0.258,-7.8452,0.277,0.0715,0.0379
focused,0.1934,0.3949,0.1442,11.2595,0.3281,0.0473,0.1152
focused,0.2776,0.4234,0.1304,-1.4513,0.3435,0.0448,0.0093
focused,0.3538,0.4766,0.1733,-0.4918,0.3579,0.062,0.0022
focused,0.3976,0.4994,0.2093,-1.5154,0.3269,0.0684,0.0431
focused,0.2316,0.4463,0.0391,2.2094,0.3245,0.0127,0.0232
focused,0.1553,0.3519,0.0465,-0.7807,0.2586,0.012,0.0136
focused,0.3177,0.4399,0.1282,2.5688,0.2975,0.0381,0.0217
focused,0.2015,0.1085,0.0361,12.008,0.0771,0.0028,0.0397
focused,0.3471,0.4725,0.1243,2.8361,0.3596,0.0447,0.0382
focused,0.1346,0.2778,0.3183,7.6816,0.2395,0.0762,0.049
focused,0.2584,0.414,0.2032,-3.155,0.3643,0.074,0.0358
focused,0.1862,0.2107,0.4085,-12.8036,0.1578,0.0644,0.0578
focused,0.5058,0.5919,0.2674,3.1488,0.3693,0.0987,0.05
focused,0.3443,0.4586,0.1861,1.2624,0.3561,0.0663,0.0366
focused,0.2236,0.4514,0.2493,-10.2045,0.2827,0.0705,0.077
focused,0.4016,0.4903,0.1336,13.498,0.3209,0.0429,0.1174
focused,0.1757,0.5873,0.0986,1.4557,0.4079,0.0402,0.0122
focused,0.2989,0.3806,0.1053,2.5728,0.2921,0.0308,0.0118
focused,0.2876,0.3975,0.2194,16.9715,0.2814,0.0617,0.1353
focused,0.2571,0.3285,0.364,-6.3536,0.2395,0.0872,0.0274
focused,0.2301,0.3942,0.1163,11.0819,0.3381,0.0393,0.09
focused,0.3019,0.3283,0.8809,22.0374,0.2221,0.1956,0.1593
focused,0.3353,0.3221,0.2321,5.5611,0.2577,0.0598,0.0417
focused,0.1204,0.3765,0.5781,-4.6882,0.3011,0.174,0.0261
focused,0.1339,0.2257,0.4805,2.6482,0.2221,0.1067,0.0335
focused,0.1378,0.2955,0.4164,31.1499,0.2454,0.1022,0.1891
focused,0.2777,0.6535,0.1718,6.3135,0.4507,0.0774,0.0684
focused,0.3889,0.3809,0.14,-0.0678,0.2735,0.0383,0.0186
focused,0.3778,0.471,0.0008,10.0009,0.2581,0.0002,0.0764
focused,0.3267,0.4808,0.2083,14.6394,0.386,0.0804,0.1396
focused,0.3056,0.4255,0.2855,5.3002,0.3091,0.0882,0.043
focused,0.2323,0.385,0.0206,-4.7861,0.3412,0.007,0.0464
focused,0.2888,0.5051,0.0673,-4.193,0.3814,0.0257,0.0394
focused,0.1895,0.3876,0.3773,-27.0127,0.2222,0.0838,0.1656
focused,0.338,0.4484,0.0503,-8.9864,0.2547,0.0128,0.0804
focused,0.1599,0.3216,0.3692,-1.2855,0.281,0.1038,0.0153
focused,0.3076,0.4794,0.1798,-1.3558,0.3751,0.0674,0.0102
focused,0.3567,0.4719,0.1062,-2.9091,0.2756,0.0293,0.0312
focused,0.3138,0.4222,0.2865,-2.0766,0.3499,0.1002,0.0258
focused,0.296,0.4841,0.1547,0.4373,0.4102,0.0635,0.0041
focused,0.323,0.4159,0.2506,3.806,0.3262,0.0818,0.0403
focused,0.0951,0.4118,0.267,3.3369,0.3267,0.0872,0.0293
focused,0.2408,0.4386,0.1763,-10.429,0.3614,0.0637,0.0856
focused,0.2855,0.3577,0.2237,7.7,0.2941,0.0658,0.0516
focused,0.1781,0.4567,0.4399,11.3876,0.3964,0.1744,0.1048
focused,0.3641,0.3988,0.5056,-5.1706,0.2246,0.1136,0.0223
focused,0.3153,0.4088,0.1768,-2.3442,0.2387,0.0422,0.0093
focused,0.2897,0.4648,0.1793,-3.5179,0.3325,0.0596,0.0257
focused,0.075,0.391,0.1022,0.1889,0.1984,0.0203,0.0075
focused,0.1631,0.3257,0.1811,-6.2146,0.2441,0.0442,0.043
focused,0.3138,0.4869,0.1585,3.977,0.354,0.0561,0.0435
focused,0.2867,0.4584,0.1223,16.6216,0.3996,0.0489,0.168
focused,0.3493,0.4738,0.0195,-6.7582,0.3529,0.0069,0.0664
focused,0.2577,0.5349,0.2025,3.9783,0.3928,0.0796,0.0321
focused,0.1497,0.414,0.2358,8.3499,0.2826,0.0666,0.0675
focused,0.3265,0.4553,0.0545,3.4068,0.3366,0.0183,0.032
focused,0.2846,0.4475,0.2595,18.7868,0.345,0.0895,0.1783
focused,0.2439,0.4898,0.1687,-2.7121,0.3738,0.0631,0.0438
focused,0.226,0.3568,0.4603,14.391,0.2725,0.1255,0.1209
focused,0.2635,0.4465,0.217,2.5777,0.2921,0.0634,0.0347
focused,0.3455,0.4617,0.1175,8.8595,0.3179,0.0374,0.0813
focused,0.3331,0.4252,0.2069,5.4939,0.3427,0.0709,0.0539
focused,0.3047,0.4261,0.1481,0.8979,0.3043,0.0451,0.0103
focused,0.1756,0.4343,0.2994,-0.105,0.3802,0.1138,0.0063
focused,0.2823,0.363,0.4808,17.6749,0.2896,0.1392,0.1254
focused,0.135,0.4271,0.352,26.9062,0.3161,0.1113,0.2076
focused,0.2477,0.4555,0.3995,-1.1864,0.3517,0.1405,0.011
focused,0.2688,0.5344,0.1603,1.6879,0.3009,0.0482,0.0551
focused,0.1745,0.4168,0.2971,-0.432,0.3842,0.1141,0.0022
focused,0.2292,0.3554,0.175,-0.379,0.2655,0.0465,0.002
focused,0.1572,0.313,0.2656,14.643,0.2672,0.071,0.0969
focused,0.2128,0.3931,0.3602,9.617,0.2745,0.0989,0.0623
focused,0.0646,0.3392,0.0318,-37.8027,0.2731,0.0087,0.2511
focused,0.2819,0.3319,0.1675,5.7808,0.2806,0.047,0.039
focused,0.2518,0.3515,0.139,-3.6006,0.3057,0.0425,0.0497
focused,0.296,0.4652,0.1906,0.6998,0.3672,0.07,0.0156
focused,0.1208,0.4545,0.668,7.4142,0.3752,0.2506,0.0845
focused,0.3852,0.5714,0.1594,-7.1306,0.3266,0.0521,0.0426
focused,0.2628,0.4334,0.2493,-6.0999,0.2975,0.0742,0.0424
focused,0.2903,0.4668,0.1365,-9.5335,0.3506,0.0479,0.0848
focused,0.0419,0.418,0.2225,-11.5589,0.3229,0.0719,0.0771
focused,0.3682,0.5557,0.0093,-5.5891,0.2517,0.0023,0.0371
focused,0.2971,0.3014,0.2499,3.343,0.217,0.0542,0.0145
focused,0.1136,0.3639,0.2624,2.2037,0.3112,0.0817,0.0085
focused,0.2056,0.3321,0.1558,-6.2673,0.2442,0.038,0.0348
focused,0.2212,0.4899,0.0381,16.3427,0.3257,0.0124,0.1421
focused,0.1388,0.442,0.1322,-8.4242,0.3183,0.0421,0.0613
focused,0.2567,0.4789,0.2108,-3.9687,0.3987,0.084,0.0401
focused,0.2238,0.4859,0.1982,-3.1166,0.3208,0.0636,0.0178
focused,0.3099,0.5241,0.0372,-0.325,0.356,0.0132,0.0068
focused,0.3773,0.4873,0.2188,-8.0321,0.267,0.0584,0.0776
focused,0.3055,0.4032,0.2372,-1.0452,0.3183,0.0755,0.0097
focused,0.3007,0.4284,0.1274,2.3868,0.3632,0.0463,0.0167
focused,0.2258,0.4575,0.3469,-43.6582,0.3307,0.1147,0.352
focused,0.3817,0.4347,0.0628,-1.7179,0.1978,0.0124,0.0256
focused,0.3688,0.4117,0.1883,7.6166,0.2676,0.0504,0.0626
focused,0.2607,0.5589,0.0094,0.2251,0.4144,0.0039,0.0108
focused,0.0889,0.4906,0.097,-16.0871,0.449,0.0435,0.1417
focused,0.3342,0.5519,0.1503,-9.7638,0.3956,0.0595,0.0926
focused,0.2332,0.475,0.1707,3.39,0.3794,0.0648,0.0303
focused,0.3131,0.485,0.0924,49.7759,0.3652,0.0337,0.3638
focused,0.3463,0.3763,0.1208,-0.6936,0.1812,0.0219,0.0001
focused,0.3456,0.4587,0.039,22.8888,0.2597,0.0101,0.2063
focused,0.0849,0.3657,0.2649,8.1882,0.3732,0.0989,0.0715
focused,0.3766,0.3752,0.2912,3.162,0.2904,0.0846,0.0195
focused,0.3085,0.5901,0.0149,2.5841,0.307,0.0046,0.0507
focused,0.1686,0.2916,0.1654,18.2241,0.2453,0.0406,0.1323
focused,0.2861,0.4675,0.2191,-0.7282,0.3344,0.0733,0.0191
focused,0.4077,0.3831,0.1767,-14.4051,0.2306,0.0408,0.0981
focused,0.3316,0.4882,0.0442,8.2792,0.3026,0.0134,0.0771
focused,0.3443,0.3688,0.3454,7.8831,0.2791,0.0964,0.0607
focused,0.1572,0.4184,0.2448,-18.4999,0.3576,0.0875,0.1552
focused,0.254,0.3268,0.2343,5.7275,0.2819,0.066,0.0311
focused,0.3215,0.4453,0.3295,1.145,0.3235,0.1066,0.0034
focused,0.3714,0.5389,0.3746,1.2483,0.3843,0.1439,0.026
focused,0.2883,0.4855,0.2225,35.3146,0.3749,0.0834,0.3369
focused,0.1961,0.4498,0.0022,8.4313,0.3813,0.0009,0.0972
focused,0.1362,0.3175,0.1921,1.4112,0.2557,0.0491,0.0096
focused,0.408,0.4627,0.593,-2.1971,0.2954,0.1752,0.0025
focused,0.1587,0.4609,0.1437,-5.0092,0.3389,0.0487,0.0578
focused,0.4176,0.3909,0.4902,10.6611,0.1707,0.0837,0.0582
focused,0.2981,0.4818,0.3702,7.5751,0.404,0.1495,0.078
focused,0.3545,0.3014,0.1793,-3.992,0.2508,0.045,0.0173
focused,0.3537,0.4877,0.1551,-4.153,0.3322,0.0515,0.0168
focused,0.2951,0.3107,0.1815,8.5071,0.2548,0.0462,0.0486
focused,0.3851,0.4348,0.1972,-10.6896,0.3163,0.0624,0.0773
focused,0.2176,0.4251,0.1405,8.095,0.3797,0.0533,0.084
focused,0.1987,0.3906,0.1254,6.5025,0.3102,0.0389,0.0582
focused,0.3567,0.34,0.2345,-10.9121,0.2554,0.0599,0.0752
focused,0.28,0.4075,0.1303,4.2047,0.3723,0.0485,0.0349
focused,0.2945,0.4812,0.1629,4.9698,0.3572,0.0582,0.0558
focused,0.413,0.3323,0.4415,-10.0982,0.1755,0.0775,0.0666
focused,0.2298,0.449,0.2036,-12.7327,0.374,0.0761,0.0979
focused,0.2585,0.3653,0.1909,3.5313,0.2596,0.0495,0.0108
focused,0.3033,0.4611,0.371,-2.7123,0.3774,0.14,0.0147
focused,0.3619,0.3351,0.0147,-0.839,0.1843,0.0027,0.0087
focused,0.3121,0.3198,0.3937,0.8833,0.2217,0.0873,0.0046
focused,0.3256,0.343,0.2082,-9.6426,0.2421,0.0504,0.0525
focused,0.1866,0.4778,0.2858,-12.6601,0.3964,0.1133,0.1118
focused,0.0419,0.4244,0.2582,4.9378,0.2742,0.0708,0.0543
focused,0.327,0.5192,0.0085,-0.7553,0.3041,0.0026,0.0204
focused,0.1546,0.2989,0.0252,1.0563,0.2019,0.0051,0.0024
focused,0.2424,0.5146,0.12,9.3873,0.3986,0.0478,0.1071
focused,0.3674,0.5441,0.0573,1.8403,0.2913,0.0167,0.0342
focused,0.2794,0.6003,0.2261,-1.7058,0.5102,0.1153,0.0175
focused,0.3873,0.4504,0.0029,-9.9244,0.2607,0.0007,0.0826
focused,0.0838,0.2907,0.0069,0.3012,0.1992,0.0014,0.0015
focused,0.3706,0.4348,0.3044,-16.542,0.377,0.1148,0.1288
focused,0.1347,0.4477,0.0423,-6.3769,0.3055,0.0129,0.048
focused,0.3697,0.4777,0.0686,8.1206,0.2664,0.0183,0.095
focused,0.2883,0.4568,0.2547,-3.3805,0.3417,0.087,0.0277
focused,0.1678,0.4678,0.1337,0.5793,0.3956,0.0529,0.0169
focused,0.246,0.3517,0.5649,8.2839,0.2611,0.1475,0.0532
focused,0.0843,0.4993,0.1711,-10.8944,0.3295,0.0564,0.0942
focused,0.2836,0.4396,0.2769,-3.3081,0.3581,0.0991,0.0324
focused,0.232,0.3425,0.1666,12.9405,0.274,0.0457,0.0829
focused,0.0898,0.4333,0.1527,-2.6848,0.3035,0.0464,0.0138
focused,0.1774,0.431,0.1499,-0.762,0.2977,0.0446,0.0061
focused,0.4336,0.4388,0.4087,4.439,0.2766,0.113,0.0299
focused,0.0618,0.5448,0.2926,20.205,0.4552,0.1332,0.2312
focused,0.3495,0.5225,0.0983,1.2237,0.3534,0.0347,0.0232
focused,0.3278,0.5446,0.0315,0.5242,0.2758,0.0087,0.026
focused,0.1629,0.3664,0.3076,-0.7284,0.3064,0.0943,0.0013
focused,0.3086,0.6187,0.0178,35.3033,0.3076,0.0055,0.3537
focused,0.4562,0.304,0.2466,9.6683,0.1826,0.045,0.0564
focused,0.3716,0.4882,0.1824,-5.9145,0.2907,0.053,0.0561
focused,0.3728,0.4779,0.1936,-23.3644,0.3811,0.0738,0.2109
focused,0.1826,0.4367,0.1191,-4.1796,0.4419,0.0526,0.0326
focused,0.3907,0.4494,0.1504,9.5446,0.3438,0.0517,0.0771
focused,0.3485,0.4137,0.1007,6.4607,0.3351,0.0338,0.0487
focused,0.0946,0.3629,0.4024,-0.0225,0.2931,0.1179,0.0083
